date,value
20000101,0.0
20000102,0.0
20000103,0.3
20000104,1.68
20000105,5.92
20000106,1.37
20000107,0.76
20000108,0.2
20000109,0.24
20000110,0.2
20000111,2.61
20000112,2.75
20000113,4.06
20000114,0.87
20000115,0.07
20000116,0.01
20000117,0.0
20000118,0.61
20000119,1.66
20000120,0.96
20000121,4.95
20000122,4.63
20000123,1.63
20000124,6.03
20000125,1.82
20000126,0.37
20000127,0.01
20000128,0.0
20000129,0.0
20000130,0.0
20000131,0.0
20000201,0.0
20000202,0.0
20000203,0.04
20000204,0.3
20000205,3.87
20000206,1.88
20000207,0.1
20000208,0.06
20000209,0.0
20000210,0.25
20000211,0.51
20000212,1.97
20000213,8.64
20000214,12.59
20000215,12.03
20000216,2.73
20000217,28.61
20000218,2.43
20000219,3.01
20000220,9.95
20000221,7.63
20000222,2.9
20000223,1.03
20000224,1.56
20000225,0.21
20000226,1.44
20000227,23.73
20000228,8.77
20000229,4.1
20000301,4.42
20000302,0.0
20000303,1.5
20000304,3.07
20000305,1.6
20000306,2.41
20000307,0.05
20000308,0.0
20000309,0.0
20000310,0.0
20000311,0.01
20000312,1.09
20000313,0.6
20000314,0.02
20000315,0.68
20000316,0.56
20000317,0.0
20000318,0.0
20000319,0.19
20000320,5.24
20000321,0.54
20000322,25.08
20000323,6.7
20000324,12.54
20000325,4.71
20000326,3.2
20000327,5.37
20000328,5.12
20000329,1.28
20000330,0.22
20000331,0.84
20000401,1.53
20000402,2.74
20000403,2.28
20000404,0.27
20000405,0.0
20000406,0.0
20000407,0.0
20000408,0.0
20000409,0.0
20000410,0.0
20000411,1.83
20000412,0.13
20000413,0.03
20000414,2.16
20000415,0.99
20000416,0.69
20000417,2.67
20000418,4.82
20000419,5.48
20000420,3.88
20000421,0.0
20000422,0.0
20000423,0.0
20000424,0.0
20000425,0.0
20000426,0.0
20000427,0.0
20000428,0.63
20000429,1.42
20000430,1.68
20000501,3.55
20000502,2.06
20000503,0.0
20000504,0.0
20000505,0.0
20000506,0.17
20000507,3.17
20000508,2.04
20000509,0.0
20000510,0.0
20000511,0.0
20000512,0.0
20000513,0.27
20000514,2.48
20000515,0.05
20000516,0.0
20000517,0.0
20000518,0.0
20000519,0.0
20000520,0.0
20000521,0.0
20000522,0.0
20000523,0.0
20000524,0.0
20000525,0.0
20000526,0.0
20000527,0.0
20000528,0.0
20000529,0.0
20000530,0.0
20000531,0.0
20000601,0.0
20000602,0.0
20000603,0.0
20000604,0.0
20000605,0.0
20000606,0.0
20000607,0.01
20000608,0.0
20000609,0.0
20000610,0.0
20000611,0.0
20000612,0.0
20000613,0.0
20000614,0.0
20000615,0.0
20000616,0.0
20000617,0.0
20000618,0.0
20000619,0.0
20000620,0.0
20000621,0.0
20000622,0.0
20000623,0.0
20000624,0.0
20000625,0.0
20000626,0.0
20000627,0.0
20000628,0.0
20000629,0.0
20000630,0.0
20000701,0.0
20000702,0.0
20000703,0.0
20000704,0.0
20000705,0.0
20000706,0.0
20000707,0.0
20000708,0.0
20000709,0.0
20000710,0.0
20000711,0.0
20000712,0.0
20000713,0.0
20000714,0.0
20000715,0.0
20000716,0.0
20000717,0.0
20000718,0.0
20000719,0.0
20000720,0.0
20000721,0.0
20000722,0.0
20000723,0.0
20000724,0.0
20000725,0.0
20000726,0.0
20000727,0.0
20000728,0.0
20000729,0.0
20000730,0.0
20000731,0.0
20000801,0.0
20000802,0.0
20000803,0.0
20000804,0.0
20000805,0.0
20000806,0.0
20000807,0.0
20000808,0.0
20000809,0.0
20000810,0.0
20000811,0.0
20000812,0.0
20000813,0.0
20000814,0.0
20000815,0.0
20000816,0.0
20000817,0.0
20000818,0.0
20000819,0.0
20000820,0.0
20000821,0.0
20000822,0.0
20000823,0.0
20000824,0.1
20000825,0.0
20000826,0.0
20000827,0.0
20000828,0.0
20000829,0.0
20000830,0.0
20000831,0.0
20000901,0.0
20000902,0.0
20000903,0.0
20000904,0.0
20000905,0.0
20000906,0.0
20000907,0.0
20000908,0.0
20000909,0.0
20000910,0.0
20000911,0.0
20000912,0.0
20000913,0.0
20000914,0.03
20000915,0.02
20000916,0.0
20000917,0.0
20000918,0.0
20000919,0.0
20000920,0.0
20000921,0.0
20000922,0.0
20000923,0.0
20000924,0.0
20000925,0.0
20000926,0.0
20000927,0.0
20000928,0.0
20000929,0.0
20000930,0.0
20001001,0.0
20001002,0.01
20001003,0.0
20001004,0.0
20001005,0.0
20001006,0.0
20001007,0.0
20001008,0.03
20001009,0.0
20001010,0.03
20001011,1.03
20001012,0.01
20001013,0.03
20001014,0.02
20001015,1.43
20001016,0.27
20001017,0.01
20001018,0.0
20001019,0.0
20001020,0.0
20001021,2.75
20001022,4.88
20001023,0.38
20001024,0.0
20001025,0.51
20001026,1.4
20001027,0.07
20001028,0.0
20001029,0.0
20001030,0.0
20001031,0.0
20001101,0.0
20001102,0.03
20001103,0.0
20001104,0.0
20001105,0.09
20001106,0.1
20001107,0.0
20001108,0.0
20001109,0.09
20001110,0.0
20001111,0.0
20001112,0.0
20001113,0.0
20001114,0.0
20001115,0.0
20001116,0.0
20001117,0.0
20001118,0.0
20001119,0.0
20001120,0.0
20001121,0.0
20001122,0.06
20001123,0.07
20001124,0.08
20001125,0.04
20001126,0.11
20001127,0.0
20001128,0.0
20001129,0.05
20001130,11.12
20001201,0.48
20001202,0.68
20001203,0.93
20001204,2.18
20001205,0.72
20001206,1.73
20001207,1.74
20001208,0.06
20001209,0.03
20001210,0.0
20001211,0.0
20001212,0.0
20001213,0.0
20001214,0.0
20001215,0.0
20001216,0.0
20001217,1.65
20001218,0.81
20001219,2.06
20001220,0.02
20001221,0.05
20001222,0.25
20001223,0.91
20001224,0.71
20001225,0.21
20001226,0.07
20001227,0.0
20001228,0.0
20001229,0.14
20001230,0.01
20001231,0.04
20010101,0.0
20010102,0.0
20010103,0.0
20010104,0.0
20010105,0.0
20010106,0.0
20010107,0.01
20010108,0.0
20010109,0.01
20010110,0.04
20010111,9.86
20010112,2.78
20010113,0.47
20010114,0.0
20010115,0.11
20010116,0.88
20010117,0.01
20010118,0.99
20010119,3.58
20010120,1.55
20010121,1.71
20010122,5.76
20010123,3.29
20010124,0.28
20010125,6.11
20010126,8.03
20010127,7.86
20010128,12.1
20010129,7.48
20010130,6.57
20010131,4.98
20010201,0.16
20010202,0.0
20010203,0.0
20010204,0.0
20010205,1.07
20010206,0.39
20010207,0.05
20010208,0.81
20010209,0.85
20010210,0.06
20010211,1.66
20010212,5.6
20010213,14.9
20010214,3.3
20010215,0.27
20010216,0.65
20010217,0.34
20010218,0.0
20010219,0.0
20010220,0.13
20010221,0.26
20010222,0.43
20010223,0.08
20010224,9.48
20010225,12.81
20010226,5.75
20010227,3.85
20010228,0.05
20010301,0.0
20010302,0.0
20010303,0.0
20010304,0.0
20010305,0.05
20010306,0.01
20010307,0.32
20010308,0.32
20010309,0.34
20010310,0.32
20010311,0.11
20010312,2.17
20010313,1.24
20010314,0.44
20010315,0.16
20010316,0.1
20010317,0.16
20010318,0.93
20010319,2.03
20010320,1.74
20010321,0.88
20010322,0.04
20010323,0.01
20010324,0.0
20010325,0.0
20010326,0.03
20010327,0.0
20010328,0.04
20010329,0.22
20010330,0.27
20010331,2.86
20010401,3.42
20010402,5.07
20010403,5.68
20010404,0.69
20010405,7.78
20010406,43.15
20010407,6.71
20010408,0.27
20010409,0.1
20010410,0.06
20010411,0.8
20010412,0.2
20010413,0.21
20010414,0.98
20010415,7.4
20010416,0.9
20010417,0.36
20010418,0.6
20010419,0.08
20010420,0.01
20010421,0.0
20010422,0.26
20010423,2.95
20010424,0.59
20010425,2.31
20010426,14.71
20010427,3.59
20010428,0.0
20010429,8.26
20010430,10.56
20010501,5.18
20010502,1.33
20010503,1.41
20010504,0.4
20010505,0.0
20010506,0.0
20010507,0.0
20010508,0.0
20010509,0.0
20010510,0.0
20010511,0.0
20010512,0.0
20010513,0.0
20010514,0.0
20010515,0.0
20010516,0.0
20010517,0.0
20010518,0.0
20010519,0.0
20010520,0.0
20010521,0.0
20010522,0.0
20010523,0.0
20010524,0.0
20010525,0.0
20010526,0.0
20010527,0.0
20010528,0.0
20010529,0.0
20010530,0.0
20010531,0.0
20010601,0.0
20010602,0.0
20010603,0.0
20010604,0.0
20010605,0.0
20010606,0.0
20010607,0.0
20010608,0.0
20010609,0.0
20010610,0.0
20010611,0.0
20010612,0.0
20010613,0.0
20010614,0.0
20010615,0.0
20010616,0.0
20010617,0.0
20010618,0.0
20010619,0.0
20010620,0.0
20010621,0.0
20010622,0.01
20010623,0.37
20010624,0.0
20010625,0.0
20010626,0.0
20010627,0.0
20010628,0.0
20010629,0.0
20010630,0.0
20010701,0.0
20010702,0.01
20010703,0.06
20010704,0.0
20010705,0.0
20010706,1.62
20010707,1.6
20010708,0.88
20010709,0.24
20010710,0.0
20010711,0.0
20010712,0.0
20010713,0.0
20010714,0.0
20010715,0.67
20010716,0.02
20010717,0.0
20010718,0.0
20010719,0.0
20010720,0.0
20010721,0.0
20010722,0.0
20010723,0.0
20010724,0.0
20010725,0.0
20010726,0.0
20010727,0.0
20010728,0.0
20010729,0.0
20010730,0.0
20010731,0.0
20010801,0.0
20010802,0.0
20010803,0.0
20010804,0.0
20010805,0.0
20010806,0.0
20010807,0.0
20010808,0.0
20010809,0.0
20010810,0.0
20010811,0.0
20010812,0.0
20010813,0.0
20010814,0.0
20010815,0.0
20010816,0.0
20010817,0.0
20010818,0.0
20010819,0.0
20010820,0.0
20010821,0.0
20010822,0.0
20010823,0.0
20010824,0.0
20010825,0.0
20010826,0.0
20010827,0.0
20010828,0.0
20010829,0.0
20010830,0.0
20010831,0.0
20010901,0.0
20010902,0.0
20010903,0.0
20010904,0.0
20010905,0.0
20010906,0.0
20010907,0.0
20010908,0.0
20010909,0.0
20010910,0.0
20010911,0.0
20010912,0.0
20010913,0.0
20010914,0.0
20010915,0.01
20010916,1.82
20010917,5.51
20010918,0.0
20010919,0.0
20010920,0.0
20010921,0.0
20010922,0.0
20010923,0.0
20010924,0.0
20010925,0.0
20010926,0.0
20010927,0.0
20010928,0.0
20010929,0.0
20010930,0.0
20011001,0.0
20011002,0.0
20011003,0.0
20011004,0.0
20011005,0.0
20011006,0.0
20011007,0.47
20011008,1.78
20011009,1.08
20011010,2.66
20011011,2.38
20011012,0.19
20011013,0.0
20011014,0.0
20011015,0.0
20011016,0.01
20011017,0.0
20011018,0.0
20011019,0.0
20011020,0.0
20011021,0.0
20011022,0.0
20011023,0.01
20011024,0.07
20011025,0.0
20011026,0.0
20011027,0.0
20011028,0.0
20011029,0.0
20011030,0.0
20011031,0.0
20011101,0.05
20011102,0.76
20011103,0.28
20011104,0.0
20011105,0.36
20011106,0.0
20011107,0.56
20011108,0.06
20011109,0.0
20011110,0.0
20011111,0.07
20011112,0.0
20011113,0.0
20011114,0.0
20011115,0.0
20011116,0.02
20011117,0.06
20011118,0.08
20011119,0.0
20011120,0.0
20011121,0.0
20011122,0.11
20011123,2.09
20011124,8.1
20011125,0.9
20011126,1.76
20011127,0.34
20011128,0.12
20011129,0.2
20011130,0.04
20011201,0.0
20011202,0.0
20011203,0.0
20011204,0.0
20011205,0.0
20011206,0.0
20011207,1.25
20011208,2.36
20011209,3.85
20011210,0.17
20011211,0.01
20011212,0.17
20011213,0.41
20011214,0.17
20011215,0.14
20011216,0.0
20011217,0.63
20011218,0.32
20011219,0.12
20011220,0.12
20011221,0.0
20011222,0.0
20011223,0.0
20011224,0.0
20011225,0.0
20011226,0.0
20011227,0.0
20011228,0.0
20011229,0.0
20011230,0.0
20011231,0.0
20020101,0.01
20020102,0.24
20020103,0.33
20020104,0.05
20020105,0.11
20020106,0.66
20020107,0.0
20020108,0.0
20020109,1.76
20020110,0.9
20020111,0.0
20020112,0.0
20020113,0.98
20020114,0.47
20020115,0.02
20020116,0.0
20020117,0.0
20020118,0.0
20020119,0.05
20020120,3.31
20020121,0.17
20020122,1.0
20020123,0.43
20020124,2.07
20020125,1.21
20020126,8.67
20020127,8.23
20020128,4.94
20020129,0.0
20020130,0.04
20020131,0.33
20020201,0.3
20020202,0.28
20020203,0.01
20020204,0.01
20020205,0.56
20020206,1.4
20020207,1.84
20020208,10.04
20020209,1.81
20020210,4.53
20020211,1.59
20020212,1.9
20020213,1.81
20020214,1.05
20020215,0.2
20020216,4.86
20020217,4.96
20020218,5.92
20020219,27.43
20020220,2.04
20020221,22.89
20020222,5.78
20020223,4.84
20020224,1.67
20020225,0.83
20020226,0.55
20020227,0.87
20020228,3.56
20020301,2.46
20020302,1.95
20020303,0.7
20020304,0.19
20020305,3.25
20020306,4.58
20020307,1.88
20020308,13.24
20020309,16.15
20020310,8.1
20020311,15.36
20020312,1.38
20020313,0.22
20020314,0.43
20020315,1.82
20020316,1.11
20020317,0.01
20020318,0.0
20020319,0.0
20020320,0.35
20020321,0.24
20020322,0.41
20020323,1.04
20020324,0.72
20020325,0.0
20020326,0.05
20020327,0.01
20020328,0.0
20020329,0.01
20020330,0.0
20020331,0.01
20020401,0.0
20020402,0.22
20020403,0.09
20020404,0.0
20020405,0.0
20020406,0.07
20020407,0.12
20020408,1.69
20020409,0.57
20020410,0.42
20020411,0.15
20020412,0.77
20020413,0.49
20020414,0.19
20020415,0.08
20020416,0.2
20020417,0.0
20020418,0.0
20020419,0.0
20020420,0.0
20020421,0.02
20020422,1.61
20020423,6.28
20020424,0.35
20020425,1.13
20020426,0.01
20020427,0.0
20020428,0.0
20020429,0.0
20020430,0.0
20020501,0.0
20020502,0.0
20020503,0.0
20020504,0.0
20020505,0.0
20020506,0.0
20020507,0.0
20020508,0.0
20020509,0.0
20020510,0.0
20020511,0.0
20020512,0.0
20020513,0.0
20020514,0.0
20020515,0.0
20020516,0.0
20020517,0.0
20020518,0.0
20020519,0.0
20020520,0.0
20020521,0.15
20020522,0.0
20020523,0.0
20020524,0.0
20020525,0.0
20020526,0.1
20020527,0.14
20020528,0.04
20020529,0.19
20020530,0.02
20020531,0.01
20020601,0.0
20020602,0.0
20020603,0.0
20020604,0.0
20020605,0.0
20020606,0.0
20020607,0.0
20020608,0.0
20020609,0.0
20020610,0.0
20020611,0.0
20020612,0.0
20020613,0.0
20020614,0.0
20020615,0.0
20020616,0.0
20020617,0.0
20020618,0.0
20020619,0.0
20020620,0.0
20020621,0.0
20020622,0.0
20020623,0.0
20020624,0.0
20020625,0.0
20020626,0.0
20020627,0.0
20020628,0.0
20020629,0.0
20020630,0.0
20020701,0.0
20020702,0.0
20020703,0.0
20020704,0.0
20020705,0.0
20020706,0.0
20020707,0.0
20020708,0.0
20020709,0.0
20020710,0.0
20020711,0.0
20020712,0.0
20020713,0.0
20020714,0.0
20020715,0.0
20020716,0.0
20020717,0.0
20020718,0.0
20020719,0.0
20020720,0.0
20020721,0.0
20020722,0.0
20020723,0.0
20020724,0.0
20020725,0.0
20020726,0.0
20020727,0.0
20020728,0.0
20020729,0.0
20020730,0.0
20020731,0.0
20020801,0.0
20020802,0.0
20020803,0.0
20020804,0.0
20020805,0.0
20020806,0.0
20020807,0.0
20020808,0.0
20020809,0.0
20020810,0.0
20020811,0.0
20020812,0.0
20020813,0.0
20020814,0.0
20020815,0.0
20020816,0.0
20020817,0.0
20020818,0.0
20020819,0.0
20020820,0.27
20020821,0.05
20020822,0.0
20020823,0.01
20020824,0.0
20020825,0.0
20020826,0.03
20020827,0.02
20020828,0.03
20020829,0.0
20020830,0.0
20020831,0.0
20020901,0.0
20020902,0.0
20020903,0.0
20020904,0.0
20020905,0.0
20020906,0.0
20020907,0.0
20020908,0.0
20020909,0.0
20020910,0.0
20020911,0.0
20020912,0.0
20020913,0.0
20020914,0.0
20020915,0.0
20020916,0.0
20020917,0.0
20020918,0.0
20020919,0.0
20020920,0.0
20020921,0.0
20020922,0.0
20020923,0.0
20020924,0.0
20020925,0.0
20020926,0.05
20020927,0.0
20020928,0.0
20020929,0.0
20020930,0.0
20021001,0.0
20021002,0.0
20021003,0.0
20021004,0.0
20021005,0.04
20021006,0.02
20021007,0.0
20021008,0.0
20021009,0.41
20021010,1.76
20021011,0.12
20021012,0.0
20021013,0.0
20021014,0.0
20021015,0.0
20021016,0.0
20021017,0.0
20021018,0.0
20021019,0.0
20021020,0.0
20021021,0.01
20021022,0.06
20021023,0.26
20021024,0.01
20021025,0.11
20021026,0.03
20021027,0.08
20021028,0.54
20021029,0.02
20021030,0.46
20021031,1.5
20021101,5.34
20021102,0.06
20021103,0.0
20021104,0.0
20021105,0.0
20021106,0.0
20021107,0.18
20021108,0.09
20021109,0.23
20021110,0.0
20021111,0.2
20021112,0.31
20021113,0.0
20021114,0.0
20021115,0.0
20021116,0.02
20021117,1.48
20021118,0.44
20021119,0.18
20021120,0.08
20021121,0.25
20021122,0.18
20021123,0.23
20021124,0.66
20021125,0.54
20021126,2.61
20021127,2.09
20021128,2.09
20021129,1.67
20021130,1.54
20021201,7.56
20021202,7.98
20021203,1.43
20021204,2.57
20021205,1.25
20021206,2.58
20021207,0.24
20021208,0.16
20021209,0.43
20021210,0.56
20021211,0.16
20021212,0.0
20021213,0.0
20021214,0.0
20021215,0.0
20021216,0.0
20021217,0.0
20021218,0.0
20021219,0.01
20021220,0.0
20021221,0.0
20021222,0.21
20021223,0.67
20021224,0.02
20021225,0.01
20021226,0.15
20021227,0.16
20021228,0.0
20021229,0.0
20021230,0.02
20021231,1.15
20030101,1.2
20030102,0.08
20030103,0.0
20030104,0.5
20030105,0.37
20030106,10.56
20030107,1.78
20030108,0.01
20030109,0.0
20030110,0.15
20030111,0.22
20030112,0.26
20030113,0.02
20030114,0.01
20030115,0.09
20030116,0.26
20030117,0.69
20030118,0.01
20030119,0.09
20030120,0.15
20030121,1.48
20030122,0.55
20030123,0.6
20030124,0.18
20030125,0.0
20030126,0.13
20030127,0.52
20030128,0.06
20030129,0.02
20030130,0.79
20030131,2.51
20030201,1.39
20030202,4.15
20030203,4.95
20030204,4.99
20030205,0.57
20030206,0.41
20030207,0.5
20030208,0.44
20030209,0.16
20030210,4.65
20030211,2.47
20030212,0.98
20030213,11.11
20030214,3.88
20030215,0.94
20030216,0.83
20030217,0.75
20030218,0.91
20030219,0.4
20030220,0.2
20030221,0.31
20030222,0.28
20030223,0.09
20030224,0.04
20030225,0.95
20030226,0.33
20030227,0.15
20030228,0.05
20030301,0.17
20030302,2.06
20030303,1.71
20030304,0.3
20030305,0.59
20030306,0.79
20030307,0.21
20030308,0.07
20030309,0.16
20030310,0.07
20030311,0.03
20030312,0.0
20030313,0.0
20030314,0.0
20030315,0.0
20030316,0.01
20030317,0.88
20030318,1.75
20030319,0.05
20030320,0.03
20030321,0.0
20030322,0.0
20030323,0.0
20030324,0.0
20030325,0.0
20030326,0.0
20030327,0.0
20030328,0.0
20030329,0.0
20030330,0.0
20030331,0.0
20030401,0.0
20030402,0.01
20030403,0.01
20030404,0.0
20030405,0.13
20030406,0.01
20030407,0.0
20030408,0.0
20030409,0.0
20030410,0.0
20030411,10.89
20030412,3.39
20030413,16.17
20030414,17.52
20030415,2.45
20030416,2.65
20030417,0.79
20030418,0.0
20030419,0.66
20030420,0.85
20030421,0.04
20030422,0.01
20030423,0.0
20030424,0.0
20030425,0.0
20030426,0.0
20030427,0.0
20030428,0.0
20030429,0.0
20030430,0.0
20030501,0.0
20030502,0.0
20030503,0.0
20030504,0.0
20030505,0.0
20030506,0.0
20030507,0.0
20030508,0.0
20030509,0.0
20030510,0.0
20030511,0.0
20030512,0.0
20030513,0.0
20030514,0.0
20030515,0.0
20030516,0.0
20030517,0.0
20030518,0.0
20030519,0.0
20030520,0.23
20030521,0.0
20030522,0.0
20030523,0.0
20030524,0.0
20030525,0.0
20030526,0.0
20030527,0.0
20030528,0.0
20030529,0.0
20030530,0.0
20030531,0.0
20030601,0.0
20030602,0.0
20030603,0.0
20030604,0.0
20030605,0.0
20030606,0.0
20030607,0.0
20030608,0.0
20030609,0.0
20030610,0.0
20030611,0.0
20030612,0.0
20030613,0.0
20030614,0.0
20030615,0.0
20030616,0.0
20030617,0.0
20030618,0.0
20030619,0.0
20030620,0.0
20030621,0.0
20030622,0.0
20030623,0.0
20030624,0.0
20030625,0.0
20030626,0.0
20030627,0.0
20030628,0.0
20030629,0.0
20030630,0.0
20030701,0.0
20030702,0.0
20030703,0.0
20030704,0.0
20030705,0.0
20030706,0.0
20030707,0.0
20030708,0.0
20030709,0.0
20030710,0.0
20030711,0.0
20030712,0.0
20030713,0.0
20030714,0.0
20030715,0.0
20030716,0.0
20030717,0.0
20030718,0.0
20030719,0.0
20030720,0.0
20030721,0.0
20030722,0.0
20030723,0.0
20030724,0.0
20030725,0.0
20030726,0.0
20030727,0.0
20030728,0.0
20030729,0.0
20030730,0.0
20030731,0.0
20030801,0.0
20030802,0.0
20030803,0.0
20030804,0.0
20030805,0.0
20030806,0.0
20030807,0.0
20030808,0.0
20030809,0.0
20030810,0.0
20030811,0.0
20030812,0.0
20030813,0.0
20030814,0.0
20030815,0.0
20030816,0.0
20030817,0.0
20030818,0.0
20030819,0.0
20030820,0.0
20030821,0.0
20030822,0.0
20030823,0.0
20030824,0.0
20030825,0.0
20030826,0.0
20030827,0.0
20030828,0.0
20030829,0.0
20030830,0.0
20030831,0.0
20030901,0.0
20030902,0.0
20030903,0.0
20030904,0.0
20030905,0.0
20030906,0.0
20030907,0.0
20030908,0.0
20030909,0.0
20030910,0.0
20030911,0.0
20030912,0.0
20030913,0.0
20030914,0.0
20030915,0.01
20030916,10.39
20030917,2.0
20030918,0.0
20030919,0.0
20030920,0.0
20030921,0.0
20030922,0.0
20030923,0.0
20030924,0.0
20030925,0.0
20030926,0.0
20030927,0.54
20030928,0.14
20030929,0.0
20030930,0.0
20031001,0.0
20031002,0.0
20031003,0.0
20031004,0.0
20031005,0.0
20031006,0.0
20031007,0.0
20031008,0.0
20031009,0.0
20031010,0.0
20031011,0.0
20031012,0.0
20031013,0.01
20031014,0.0
20031015,0.0
20031016,0.0
20031017,0.0
20031018,0.0
20031019,0.0
20031020,0.05
20031021,0.0
20031022,0.19
20031023,0.13
20031024,0.06
20031025,0.0
20031026,0.0
20031027,0.09
20031028,1.23
20031029,4.46
20031030,1.9
20031031,0.64
20031101,0.72
20031102,0.33
20031103,0.25
20031104,0.03
20031105,0.0
20031106,0.0
20031107,0.0
20031108,0.06
20031109,0.38
20031110,0.05
20031111,0.01
20031112,0.01
20031113,0.01
20031114,0.0
20031115,0.0
20031116,0.04
20031117,0.5
20031118,1.41
20031119,2.62
20031120,2.66
20031121,3.59
20031122,0.51
20031123,0.09
20031124,0.09
20031125,0.09
20031126,0.11
20031127,0.0
20031128,0.0
20031129,0.01
20031130,0.41
20031201,0.3
20031202,0.0
20031203,0.0
20031204,0.0
20031205,0.0
20031206,0.0
20031207,0.38
20031208,0.0
20031209,0.0
20031210,0.0
20031211,0.0
20031212,0.0
20031213,0.0
20031214,0.03
20031215,0.03
20031216,0.47
20031217,0.01
20031218,0.0
20031219,0.03
20031220,0.03
20031221,0.0
20031222,0.71
20031223,1.6
20031224,1.89
20031225,0.54
20031226,0.02
20031227,0.28
20031228,0.44
20031229,0.51
20031230,0.48
20031231,0.49
20040101,1.22
20040102,3.23
20040103,3.13
20040104,4.53
20040105,8.16
20040106,1.13
20040107,2.17
20040108,1.38
20040109,0.6
20040110,0.68
20040111,4.67
20040112,17.5
20040113,23.45
20040114,5.89
20040115,5.26
20040116,8.45
20040117,8.31
20040118,9.6
20040119,2.17
20040120,3.04
20040121,0.09
20040122,0.09
20040123,0.03
20040124,0.12
20040125,0.3
20040126,0.0
20040127,0.0
20040128,0.01
20040129,0.08
20040130,0.07
20040131,0.03
20040201,0.0
20040202,0.02
20040203,0.19
20040204,0.0
20040205,0.0
20040206,0.0
20040207,0.02
20040208,0.73
20040209,0.38
20040210,0.38
20040211,7.8
20040212,2.1
20040213,1.59
20040214,0.0
20040215,0.11
20040216,1.17
20040217,0.92
20040218,0.16
20040219,0.41
20040220,20.48
20040221,15.17
20040222,9.17
20040223,2.0
20040224,0.54
20040225,0.14
20040226,0.1
20040227,0.01
20040228,0.0
20040229,0.0
20040301,0.01
20040302,1.25
20040303,2.0
20040304,0.3
20040305,0.01
20040306,0.89
20040307,0.68
20040308,5.58
20040309,3.72
20040310,1.17
20040311,0.79
20040312,0.6
20040313,0.55
20040314,1.09
20040315,0.26
20040316,0.4
20040317,0.14
20040318,0.18
20040319,0.31
20040320,0.49
20040321,1.0
20040322,1.49
20040323,1.75
20040324,0.55
20040325,0.19
20040326,0.63
20040327,1.57
20040328,1.02
20040329,2.41
20040330,7.22
20040331,3.18
20040401,0.1
20040402,0.32
20040403,0.18
20040404,0.05
20040405,0.23
20040406,17.83
20040407,3.01
20040408,2.73
20040409,2.33
20040410,1.24
20040411,0.01
20040412,0.0
20040413,0.0
20040414,0.0
20040415,0.0
20040416,0.0
20040417,0.0
20040418,0.0
20040419,0.0
20040420,0.0
20040421,0.0
20040422,0.0
20040423,0.0
20040424,0.0
20040425,0.0
20040426,0.0
20040427,0.0
20040428,0.0
20040429,0.0
20040430,0.0
20040501,0.0
20040502,0.0
20040503,0.0
20040504,0.0
20040505,0.0
20040506,0.0
20040507,0.0
20040508,0.0
20040509,0.0
20040510,0.0
20040511,0.0
20040512,0.0
20040513,0.0
20040514,0.0
20040515,0.0
20040516,0.0
20040517,0.0
20040518,0.05
20040519,0.53
20040520,0.0
20040521,0.0
20040522,0.0
20040523,0.0
20040524,0.0
20040525,0.0
20040526,0.0
20040527,0.0
20040528,0.0
20040529,0.0
20040530,0.0
20040531,0.0
20040601,0.0
20040602,0.0
20040603,0.0
20040604,0.0
20040605,0.0
20040606,0.05
20040607,0.92
20040608,0.0
20040609,0.0
20040610,0.0
20040611,0.0
20040612,0.82
20040613,0.0
20040614,0.0
20040615,0.0
20040616,0.0
20040617,0.0
20040618,0.0
20040619,0.0
20040620,0.0
20040621,0.0
20040622,0.0
20040623,0.0
20040624,0.0
20040625,0.0
20040626,0.0
20040627,0.0
20040628,0.0
20040629,0.0
20040630,0.0
20040701,0.03
20040702,0.19
20040703,0.0
20040704,0.0
20040705,0.0
20040706,0.0
20040707,0.01
20040708,0.01
20040709,0.02
20040710,0.0
20040711,0.0
20040712,0.0
20040713,0.0
20040714,0.0
20040715,0.0
20040716,0.0
20040717,0.0
20040718,0.0
20040719,0.0
20040720,0.0
20040721,0.0
20040722,0.0
20040723,0.0
20040724,0.0
20040725,0.0
20040726,0.0
20040727,0.0
20040728,0.0
20040729,0.0
20040730,0.0
20040731,0.0
20040801,0.0
20040802,0.0
20040803,0.0
20040804,0.0
20040805,0.0
20040806,0.0
20040807,0.0
20040808,0.0
20040809,0.0
20040810,0.0
20040811,0.0
20040812,0.0
20040813,0.0
20040814,0.0
20040815,0.0
20040816,0.0
20040817,0.0
20040818,0.0
20040819,0.0
20040820,0.0
20040821,0.0
20040822,0.0
20040823,0.0
20040824,0.0
20040825,0.0
20040826,0.0
20040827,0.0
20040828,0.0
20040829,0.0
20040830,0.0
20040831,0.0
20040901,0.0
20040902,0.0
20040903,0.0
20040904,0.0
20040905,0.0
20040906,0.0
20040907,0.0
20040908,0.0
20040909,0.0
20040910,0.0
20040911,0.0
20040912,0.0
20040913,0.0
20040914,0.0
20040915,0.0
20040916,0.0
20040917,0.0
20040918,0.0
20040919,0.0
20040920,0.0
20040921,0.0
20040922,0.0
20040923,1.37
20040924,0.0
20040925,0.0
20040926,0.0
20040927,0.0
20040928,0.0
20040929,0.0
20040930,0.0
20041001,0.0
20041002,0.0
20041003,0.0
20041004,0.0
20041005,0.0
20041006,0.0
20041007,0.0
20041008,0.0
20041009,0.0
20041010,0.01
20041011,0.0
20041012,0.0
20041013,0.05
20041014,0.03
20041015,0.46
20041016,1.52
20041017,1.51
20041018,5.11
20041019,9.23
20041020,12.98
20041021,0.47
20041022,8.94
20041023,0.26
20041024,0.03
20041025,0.63
20041026,0.09
20041027,0.0
20041028,0.0
20041029,0.0
20041030,0.01
20041031,0.0
20041101,0.05
20041102,1.22
20041103,0.07
20041104,0.02
20041105,0.44
20041106,0.7
20041107,2.18
20041108,0.33
20041109,1.18
20041110,1.26
20041111,7.48
20041112,5.43
20041113,5.79
20041114,4.13
20041115,1.2
20041116,3.45
20041117,8.01
20041118,7.26
20041119,6.26
20041120,9.48
20041121,7.43
20041122,0.0
20041123,0.0
20041124,0.01
20041125,3.16
20041126,4.75
20041127,4.83
20041128,1.5
20041129,0.32
20041130,1.97
20041201,4.29
20041202,1.19
20041203,1.47
20041204,1.7
20041205,0.41
20041206,0.03
20041207,0.04
20041208,0.12
20041209,0.03
20041210,0.08
20041211,0.13
20041212,0.32
20041213,0.64
20041214,0.0
20041215,0.0
20041216,0.35
20041217,0.28
20041218,0.03
20041219,0.07
20041220,0.07
20041221,0.0
20041222,0.0
20041223,0.0
20041224,0.0
20041225,0.0
20041226,0.0
20041227,1.58
20041228,0.34
20041229,0.01
20041230,1.34
20041231,5.6
20050101,4.66
20050102,2.35
20050103,1.14
20050104,0.37
20050105,11.08
20050106,6.09
20050107,2.08
20050108,0.05
20050109,2.68
20050110,1.03
20050111,5.42
20050112,6.5
20050113,7.22
20050114,1.67
20050115,2.83
20050116,3.41
20050117,7.6
20050118,1.19
20050119,6.01
20050120,3.0
20050121,0.32
20050122,0.0
20050123,0.0
20050124,0.0
20050125,0.7
20050126,0.16
20050127,0.09
20050128,0.48
20050129,0.41
20050130,0.47
20050131,9.98
20050201,3.06
20050202,6.58
20050203,0.69
20050204,0.09
20050205,0.0
20050206,1.0
20050207,8.21
20050208,2.41
20050209,14.32
20050210,2.57
20050211,1.06
20050212,2.02
20050213,1.08
20050214,1.6
20050215,2.47
20050216,2.84
20050217,14.03
20050218,22.28
20050219,1.75
20050220,0.05
20050221,0.66
20050222,0.41
20050223,0.62
20050224,0.7
20050225,0.83
20050226,0.63
20050227,1.76
20050228,0.93
20050301,3.49
20050302,0.04
20050303,0.71
20050304,0.66
20050305,1.19
20050306,3.94
20050307,0.0
20050308,0.0
20050309,0.08
20050310,0.24
20050311,0.14
20050312,0.8
20050313,5.05
20050314,1.64
20050315,4.69
20050316,4.35
20050317,13.34
20050318,8.54
20050319,0.87
20050320,3.47
20050321,4.01
20050322,0.5
20050323,1.83
20050324,10.53
20050325,12.92
20050326,1.01
20050327,0.09
20050328,0.01
20050329,0.4
20050330,0.91
20050331,0.16
20050401,5.09
20050402,13.22
20050403,9.92
20050404,3.74
20050405,25.76
20050406,2.63
20050407,0.25
20050408,0.37
20050409,0.0
20050410,0.06
20050411,0.1
20050412,0.0
20050413,0.0
20050414,0.0
20050415,0.34
20050416,0.03
20050417,0.0
20050418,0.01
20050419,0.03
20050420,0.0
20050421,0.06
20050422,0.45
20050423,0.41
20050424,0.0
20050425,0.0
20050426,0.0
20050427,0.04
20050428,12.37
20050429,0.32
20050430,0.0
20050501,0.0
20050502,0.0
20050503,0.58
20050504,0.0
20050505,0.47
20050506,0.0
20050507,0.0
20050508,0.0
20050509,0.0
20050510,0.0
20050511,0.0
20050512,0.0
20050513,0.12
20050514,0.62
20050515,0.0
20050516,0.24
20050517,0.47
20050518,0.01
20050519,0.0
20050520,0.0
20050521,0.0
20050522,0.0
20050523,0.0
20050524,0.0
20050525,0.0
20050526,0.0
20050527,0.0
20050528,0.0
20050529,0.0
20050530,0.0
20050531,0.0
20050601,0.0
20050602,0.0
20050603,0.0
20050604,0.0
20050605,0.0
20050606,0.0
20050607,0.0
20050608,0.0
20050609,0.0
20050610,0.0
20050611,0.0
20050612,0.0
20050613,0.0
20050614,0.0
20050615,0.0
20050616,0.0
20050617,0.0
20050618,0.0
20050619,0.0
20050620,0.0
20050621,0.0
20050622,0.0
20050623,0.0
20050624,0.0
20050625,0.0
20050626,0.0
20050627,0.0
20050628,0.0
20050629,0.0
20050630,0.0
20050701,0.0
20050702,0.0
20050703,0.0
20050704,0.0
20050705,0.0
20050706,0.0
20050707,0.0
20050708,0.0
20050709,0.0
20050710,0.0
20050711,0.0
20050712,0.0
20050713,0.0
20050714,0.0
20050715,0.0
20050716,0.0
20050717,0.0
20050718,0.0
20050719,0.0
20050720,0.0
20050721,0.0
20050722,0.0
20050723,0.0
20050724,0.0
20050725,0.0
20050726,0.0
20050727,0.0
20050728,0.0
20050729,0.0
20050730,0.0
20050731,0.0
20050801,0.0
20050802,0.0
20050803,0.0
20050804,0.0
20050805,0.0
20050806,0.0
20050807,0.0
20050808,0.0
20050809,0.0
20050810,0.0
20050811,0.0
20050812,0.0
20050813,0.0
20050814,0.0
20050815,0.0
20050816,0.0
20050817,0.0
20050818,0.0
20050819,0.0
20050820,0.0
20050821,0.0
20050822,0.0
20050823,0.0
20050824,0.0
20050825,0.0
20050826,0.0
20050827,0.0
20050828,0.01
20050829,0.0
20050830,0.0
20050831,0.0
20050901,0.0
20050902,0.0
20050903,0.0
20050904,0.0
20050905,0.0
20050906,0.0
20050907,0.0
20050908,0.0
20050909,0.0
20050910,0.0
20050911,0.0
20050912,0.0
20050913,0.0
20050914,0.0
20050915,0.0
20050916,0.0
20050917,0.0
20050918,0.0
20050919,0.0
20050920,0.0
20050921,0.0
20050922,0.0
20050923,0.0
20050924,0.0
20050925,0.0
20050926,0.0
20050927,0.0
20050928,0.0
20050929,0.0
20050930,0.0
20051001,0.0
20051002,0.0
20051003,0.0
20051004,0.0
20051005,0.0
20051006,0.0
20051007,0.0
20051008,0.0
20051009,0.01
20051010,0.01
20051011,0.0
20051012,0.0
20051013,1.39
20051014,2.21
20051015,3.32
20051016,2.63
20051017,1.05
20051018,0.0
20051019,0.0
20051020,0.0
20051021,0.0
20051022,0.0
20051023,0.21
20051024,0.07
20051025,0.0
20051026,0.02
20051027,0.19
20051028,4.48
20051029,4.6
20051030,1.04
20051031,2.87
20051101,0.02
20051102,0.0
20051103,0.0
20051104,0.0
20051105,0.0
20051106,0.0
20051107,0.0
20051108,0.0
20051109,0.24
20051110,0.13
20051111,0.31
20051112,0.0
20051113,0.0
20051114,0.0
20051115,0.0
20051116,0.0
20051117,0.0
20051118,0.98
20051119,1.46
20051120,0.79
20051121,11.23
20051122,6.77
20051123,6.1
20051124,3.26
20051125,1.34
20051126,2.05
20051127,10.91
20051128,1.76
20051129,2.72
20051130,3.16
20051201,5.39
20051202,0.28
20051203,2.98
20051204,2.57
20051205,0.08
20051206,0.21
20051207,0.0
20051208,1.62
20051209,1.11
20051210,0.06
20051211,0.04
20051212,0.01
20051213,0.2
20051214,0.11
20051215,0.3
20051216,0.0
20051217,0.0
20051218,0.51
20051219,0.09
20051220,0.0
20051221,0.0
20051222,0.0
20051223,0.34
20051224,0.13
20051225,0.25
20051226,0.22
20051227,0.56
20051228,0.56
20051229,0.95
20051230,0.22
20051231,0.59
20060101,4.41
20060102,13.25
20060103,11.62
20060104,27.48
20060105,34.11
20060106,14.62
20060107,11.28
20060108,0.3
20060109,7.07
20060110,6.15
20060111,10.91
20060112,8.74
20060113,10.48
20060114,8.41
20060115,4.44
20060116,5.51
20060117,5.48
20060118,4.77
20060119,3.91
20060120,0.99
20060121,7.97
20060122,13.94
20060123,3.61
20060124,1.0
20060125,4.67
20060126,18.09
20060127,37.82
20060128,10.36
20060129,1.95
20060130,4.35
20060131,7.25
20060201,4.23
20060202,6.06
20060203,8.55
20060204,12.67
20060205,15.7
20060206,4.65
20060207,2.91
20060208,1.07
20060209,5.15
20060210,2.44
20060211,1.49
20060212,2.9
20060213,2.39
20060214,1.07
20060215,0.83
20060216,1.75
20060217,1.05
20060218,1.47
20060219,5.65
20060220,7.6
20060221,6.5
20060222,1.99
20060223,11.9
20060224,34.05
20060225,13.62
20060226,5.93
20060227,9.62
20060228,4.16
20060301,1.58
20060302,0.33
20060303,0.5
20060304,0.06
20060305,0.05
20060306,0.13
20060307,0.43
20060308,1.14
20060309,0.37
20060310,0.86
20060311,2.59
20060312,3.88
20060313,1.12
20060314,3.53
20060315,1.09
20060316,0.91
20060317,13.0
20060318,8.21
20060319,1.81
20060320,7.65
20060321,26.99
20060322,1.42
20060323,1.46
20060324,1.69
20060325,2.85
20060326,2.11
20060327,0.22
20060328,0.36
20060329,0.12
20060330,0.55
20060331,0.02
20060401,0.06
20060402,0.0
20060403,0.0
20060404,0.0
20060405,0.0
20060406,1.42
20060407,0.35
20060408,0.04
20060409,0.0
20060410,3.71
20060411,0.73
20060412,0.07
20060413,1.89
20060414,1.61
20060415,0.24
20060416,8.64
20060417,1.96
20060418,5.41
20060419,4.38
20060420,7.23
20060421,1.67
20060422,0.01
20060423,0.0
20060424,0.28
20060425,0.54
20060426,5.23
20060427,0.0
20060428,0.01
20060429,3.61
20060430,11.8
20060501,0.12
20060502,0.05
20060503,0.0
20060504,0.0
20060505,0.0
20060506,0.0
20060507,0.0
20060508,0.0
20060509,0.0
20060510,0.0
20060511,0.0
20060512,0.0
20060513,0.68
20060514,1.12
20060515,0.12
20060516,0.01
20060517,0.0
20060518,0.0
20060519,0.04
20060520,0.08
20060521,0.0
20060522,0.0
20060523,0.0
20060524,0.0
20060525,0.0
20060526,0.0
20060527,0.0
20060528,0.0
20060529,0.0
20060530,0.0
20060531,0.0
20060601,0.0
20060602,0.0
20060603,0.0
20060604,0.0
20060605,0.0
20060606,0.0
20060607,0.0
20060608,0.0
20060609,0.0
20060610,0.0
20060611,0.0
20060612,0.0
20060613,0.0
20060614,0.0
20060615,0.01
20060616,0.0
20060617,0.0
20060618,0.0
20060619,0.0
20060620,0.0
20060621,0.0
20060622,0.0
20060623,0.0
20060624,0.0
20060625,0.0
20060626,0.0
20060627,0.0
20060628,0.0
20060629,0.0
20060630,0.0
20060701,0.0
20060702,0.0
20060703,0.0
20060704,0.0
20060705,0.0
20060706,0.0
20060707,0.0
20060708,0.0
20060709,0.0
20060710,0.0
20060711,0.0
20060712,0.0
20060713,0.0
20060714,0.0
20060715,0.0
20060716,0.0
20060717,0.0
20060718,0.0
20060719,0.0
20060720,0.0
20060721,0.0
20060722,0.0
20060723,0.0
20060724,0.0
20060725,0.0
20060726,0.0
20060727,0.0
20060728,0.0
20060729,0.0
20060730,0.0
20060731,0.0
20060801,0.03
20060802,0.0
20060803,0.0
20060804,0.0
20060805,0.0
20060806,0.0
20060807,0.0
20060808,0.0
20060809,0.0
20060810,0.0
20060811,0.0
20060812,0.0
20060813,0.0
20060814,0.0
20060815,2.49
20060816,0.0
20060817,0.0
20060818,0.0
20060819,0.0
20060820,0.0
20060821,0.0
20060822,0.0
20060823,0.0
20060824,0.0
20060825,0.0
20060826,0.0
20060827,0.0
20060828,0.0
20060829,0.0
20060830,0.0
20060831,0.0
20060901,0.0
20060902,0.08
20060903,0.0
20060904,0.0
20060905,0.0
20060906,0.0
20060907,0.25
20060908,0.0
20060909,0.0
20060910,0.0
20060911,0.0
20060912,0.0
20060913,0.0
20060914,0.0
20060915,0.0
20060916,0.0
20060917,0.0
20060918,0.0
20060919,0.0
20060920,0.0
20060921,0.0
20060922,0.0
20060923,0.0
20060924,0.0
20060925,0.0
20060926,0.0
20060927,0.0
20060928,0.04
20060929,0.09
20060930,0.05
20061001,0.02
20061002,0.0
20061003,0.0
20061004,0.0
20061005,0.0
20061006,1.19
20061007,1.32
20061008,1.62
20061009,2.62
20061010,3.42
20061011,2.0
20061012,1.0
20061013,8.43
20061014,1.57
20061015,3.93
20061016,8.71
20061017,6.36
20061018,0.48
20061019,0.26
20061020,1.36
20061021,0.39
20061022,0.07
20061023,0.0
20061024,0.15
20061025,0.57
20061026,0.4
20061027,0.37
20061028,1.26
20061029,1.96
20061030,0.0
20061031,1.45
20061101,9.8
20061102,0.1
20061103,0.0
20061104,0.01
20061105,0.0
20061106,0.0
20061107,0.0
20061108,0.65
20061109,0.09
20061110,0.03
20061111,0.22
20061112,5.21
20061113,0.0
20061114,0.0
20061115,0.0
20061116,0.01
20061117,0.02
20061118,2.66
20061119,0.93
20061120,0.57
20061121,0.89
20061122,3.87
20061123,2.4
20061124,0.07
20061125,1.41
20061126,5.69
20061127,0.46
20061128,0.0
20061129,0.06
20061130,0.04
20061201,0.06
20061202,0.24
20061203,0.0
20061204,0.0
20061205,0.11
20061206,0.18
20061207,0.88
20061208,0.51
20061209,0.0
20061210,0.01
20061211,0.16
20061212,0.01
20061213,0.0
20061214,0.0
20061215,0.0
20061216,0.01
20061217,0.14
20061218,0.48
20061219,0.2
20061220,2.96
20061221,8.43
20061222,10.74
20061223,13.14
20061224,16.69
20061225,0.22
20061226,1.91
20061227,0.68
20061228,11.23
20061229,17.37
20061230,0.01
20061231,0.0
20070101,0.02
20070102,0.01
20070103,0.0
20070104,0.1
20070105,0.02
20070106,0.02
20070107,0.0
20070108,0.0
20070109,0.0
20070110,0.01
20070111,4.1
20070112,0.37
20070113,2.56
20070114,3.94
20070115,0.03
20070116,0.0
20070117,0.0
20070118,0.0
20070119,0.04
20070120,0.04
20070121,0.96
20070122,2.92
20070123,1.21
20070124,0.91
20070125,7.5
20070126,6.27
20070127,2.63
20070128,1.82
20070129,2.15
20070130,3.59
20070131,1.56
20070201,0.3
20070202,0.05
20070203,0.04
20070204,0.0
20070205,0.02
20070206,0.68
20070207,2.97
20070208,3.17
20070209,0.66
20070210,0.02
20070211,0.0
20070212,0.0
20070213,0.0
20070214,0.0
20070215,0.0
20070216,0.0
20070217,5.55
20070218,2.6
20070219,0.53
20070220,0.0
20070221,0.18
20070222,0.34
20070223,0.14
20070224,3.83
20070225,2.36
20070226,3.12
20070227,2.13
20070228,0.39
20070301,0.15
20070302,0.17
20070303,1.19
20070304,0.24
20070305,0.66
20070306,0.29
20070307,0.02
20070308,0.44
20070309,0.04
20070310,0.0
20070311,0.04
20070312,0.1
20070313,0.03
20070314,0.64
20070315,1.16
20070316,0.86
20070317,2.91
20070318,1.56
20070319,0.94
20070320,1.12
20070321,1.47
20070322,1.48
20070323,2.55
20070324,0.67
20070325,1.71
20070326,0.33
20070327,1.86
20070328,2.72
20070329,2.56
20070330,0.6
20070331,0.7
20070401,0.23
20070402,0.01
20070403,0.11
20070404,0.33
20070405,0.66
20070406,0.28
20070407,0.4
20070408,0.18
20070409,0.09
20070410,0.03
20070411,3.49
20070412,0.17
20070413,6.44
20070414,6.07
20070415,15.23
20070416,2.16
20070417,2.63
20070418,4.56
20070419,1.72
20070420,1.01
20070421,0.56
20070422,0.12
20070423,0.28
20070424,0.22
20070425,0.36
20070426,0.05
20070427,0.0
20070428,0.0
20070429,0.0
20070430,0.0
20070501,0.0
20070502,0.0
20070503,0.0
20070504,0.0
20070505,0.0
20070506,0.0
20070507,0.0
20070508,0.0
20070509,0.0
20070510,0.0
20070511,0.0
20070512,0.01
20070513,0.01
20070514,0.0
20070515,0.0
20070516,0.0
20070517,0.0
20070518,0.0
20070519,0.0
20070520,0.0
20070521,0.0
20070522,0.0
20070523,0.0
20070524,0.0
20070525,0.0
20070526,0.0
20070527,0.0
20070528,0.0
20070529,0.0
20070530,0.0
20070531,0.0
20070601,0.0
20070602,0.0
20070603,0.04
20070604,0.01
20070605,0.0
20070606,0.0
20070607,0.0
20070608,0.0
20070609,0.0
20070610,0.0
20070611,0.0
20070612,0.0
20070613,0.0
20070614,0.0
20070615,0.0
20070616,0.0
20070617,0.0
20070618,0.0
20070619,0.0
20070620,0.0
20070621,0.0
20070622,0.0
20070623,0.0
20070624,0.0
20070625,0.0
20070626,0.0
20070627,0.0
20070628,0.0
20070629,0.0
20070630,0.0
20070701,0.0
20070702,0.0
20070703,0.0
20070704,0.0
20070705,0.0
20070706,0.0
20070707,0.0
20070708,0.0
20070709,0.0
20070710,0.0
20070711,0.0
20070712,0.0
20070713,0.0
20070714,0.0
20070715,0.0
20070716,0.0
20070717,0.0
20070718,0.0
20070719,0.0
20070720,0.0
20070721,0.0
20070722,0.0
20070723,0.0
20070724,0.0
20070725,0.0
20070726,0.0
20070727,0.0
20070728,0.0
20070729,0.0
20070730,0.0
20070731,0.0
20070801,0.0
20070802,0.0
20070803,0.0
20070804,0.0
20070805,0.0
20070806,0.0
20070807,0.0
20070808,0.0
20070809,0.0
20070810,0.0
20070811,0.0
20070812,0.0
20070813,0.0
20070814,0.0
20070815,0.0
20070816,0.0
20070817,0.0
20070818,0.0
20070819,0.0
20070820,0.0
20070821,0.0
20070822,0.0
20070823,0.0
20070824,0.0
20070825,0.0
20070826,0.0
20070827,0.0
20070828,0.0
20070829,0.0
20070830,0.0
20070831,0.0
20070901,0.0
20070902,0.0
20070903,0.0
20070904,0.0
20070905,0.0
20070906,0.0
20070907,0.0
20070908,0.0
20070909,0.0
20070910,0.0
20070911,0.0
20070912,0.0
20070913,0.0
20070914,0.0
20070915,0.0
20070916,0.0
20070917,0.0
20070918,0.0
20070919,0.01
20070920,0.0
20070921,2.22
20070922,0.55
20070923,0.0
20070924,0.0
20070925,0.0
20070926,0.0
20070927,0.0
20070928,0.0
20070929,0.0
20070930,0.0
20071001,0.0
20071002,0.0
20071003,0.0
20071004,0.0
20071005,0.0
20071006,0.0
20071007,0.0
20071008,0.0
20071009,0.0
20071010,0.0
20071011,0.0
20071012,0.09
20071013,0.51
20071014,0.58
20071015,0.39
20071016,2.75
20071017,3.48
20071018,0.57
20071019,0.65
20071020,0.28
20071021,2.49
20071022,0.68
20071023,0.0
20071024,0.0
20071025,0.06
20071026,0.0
20071027,0.0
20071028,1.71
20071029,5.11
20071030,6.43
20071031,1.93
20071101,1.87
20071102,8.65
20071103,0.0
20071104,0.0
20071105,3.21
20071106,14.69
20071107,0.0
20071108,0.0
20071109,0.0
20071110,0.0
20071111,0.01
20071112,0.14
20071113,2.64
20071114,0.63
20071115,0.02
20071116,0.07
20071117,5.7
20071118,0.51
20071119,4.39
20071120,15.34
20071121,0.03
20071122,0.0
20071123,0.0
20071124,0.0
20071125,0.0
20071126,0.0
20071127,0.0
20071128,0.0
20071129,0.0
20071130,0.0
20071201,0.0
20071202,0.21
20071203,0.0
20071204,0.0
20071205,0.0
20071206,0.01
20071207,0.0
20071208,0.16
20071209,0.09
20071210,0.01
20071211,0.0
20071212,0.03
20071213,0.71
20071214,7.85
20071215,2.96
20071216,0.0
20071217,0.0
20071218,0.01
20071219,0.37
20071220,0.9
20071221,1.33
20071222,2.78
20071223,4.61
20071224,3.85
20071225,0.0
20071226,0.0
20071227,0.0
20071228,0.07
20071229,1.93
20071230,0.35
20071231,0.0
20080101,0.0
20080102,0.0
20080103,1.79
20080104,0.95
20080105,6.01
20080106,0.94
20080107,0.01
20080108,0.0
20080109,0.0
20080110,0.0
20080111,0.37
20080112,3.2
20080113,1.02
20080114,0.0
20080115,2.12
20080116,1.33
20080117,2.35
20080118,8.86
20080119,4.01
20080120,6.08
20080121,8.9
20080122,0.16
20080123,0.65
20080124,0.43
20080125,1.78
20080126,2.62
20080127,0.9
20080128,0.67
20080129,0.55
20080130,0.1
20080131,0.01
20080201,0.0
20080202,0.03
20080203,0.0
20080204,0.47
20080205,0.1
20080206,2.04
20080207,16.13
20080208,21.91
20080209,28.22
20080210,12.42
20080211,21.49
20080212,22.68
20080213,8.75
20080214,4.23
20080215,1.7
20080216,1.49
20080217,1.74
20080218,0.27
20080219,0.24
20080220,3.63
20080221,2.93
20080222,13.5
20080223,10.87
20080224,4.42
20080225,5.38
20080226,2.8
20080227,2.4
20080228,2.82
20080229,3.2
20080301,5.4
20080302,6.26
20080303,1.99
20080304,1.72
20080305,1.84
20080306,2.08
20080307,4.16
20080308,3.51
20080309,12.42
20080310,8.4
20080311,9.78
20080312,3.68
20080313,20.45
20080314,3.51
20080315,2.2
20080316,3.01
20080317,2.32
20080318,4.66
20080319,2.29
20080320,1.3
20080321,5.25
20080322,0.21
20080323,0.84
20080324,0.04
20080325,0.06
20080326,2.25
20080327,1.27
20080328,0.17
20080329,2.64
20080330,2.91
20080331,2.79
20080401,1.66
20080402,1.7
20080403,0.09
20080404,0.2
20080405,1.12
20080406,2.35
20080407,0.95
20080408,0.43
20080409,0.04
20080410,4.21
20080411,1.21
20080412,4.11
20080413,4.36
20080414,1.11
20080415,1.12
20080416,0.01
20080417,0.0
20080418,0.0
20080419,0.0
20080420,0.0
20080421,0.0
20080422,0.0
20080423,0.0
20080424,0.0
20080425,0.0
20080426,0.0
20080427,0.0
20080428,0.0
20080429,0.0
20080430,0.0
20080501,0.0
20080502,0.14
20080503,0.0
20080504,0.0
20080505,0.0
20080506,0.0
20080507,0.03
20080508,0.12
20080509,0.0
20080510,0.0
20080511,0.0
20080512,0.0
20080513,0.0
20080514,0.0
20080515,0.0
20080516,0.0
20080517,0.0
20080518,0.01
20080519,0.0
20080520,0.04
20080521,0.03
20080522,0.26
20080523,0.05
20080524,0.0
20080525,0.0
20080526,0.0
20080527,0.07
20080528,0.05
20080529,0.04
20080530,0.0
20080531,0.0
20080601,0.0
20080602,0.01
20080603,0.0
20080604,0.0
20080605,0.0
20080606,0.0
20080607,0.0
20080608,0.0
20080609,0.0
20080610,0.0
20080611,0.0
20080612,0.0
20080613,0.0
20080614,0.0
20080615,0.0
20080616,0.05
20080617,0.77
20080618,0.01
20080619,0.0
20080620,0.0
20080621,0.0
20080622,0.0
20080623,0.0
20080624,0.0
20080625,0.0
20080626,0.0
20080627,0.0
20080628,0.0
20080629,0.0
20080630,0.0
20080701,0.0
20080702,0.0
20080703,0.0
20080704,0.0
20080705,1.51
20080706,0.0
20080707,0.0
20080708,0.0
20080709,0.0
20080710,0.0
20080711,0.0
20080712,0.0
20080713,0.0
20080714,0.0
20080715,0.0
20080716,0.0
20080717,0.0
20080718,0.0
20080719,0.0
20080720,0.0
20080721,0.0
20080722,0.0
20080723,0.0
20080724,0.0
20080725,0.0
20080726,0.0
20080727,0.0
20080728,0.0
20080729,0.0
20080730,0.0
20080731,0.0
20080801,0.0
20080802,0.0
20080803,0.0
20080804,0.0
20080805,0.0
20080806,0.0
20080807,0.0
20080808,0.0
20080809,0.0
20080810,0.0
20080811,0.0
20080812,0.0
20080813,0.0
20080814,0.0
20080815,0.0
20080816,0.0
20080817,0.0
20080818,0.0
20080819,0.0
20080820,0.0
20080821,0.0
20080822,0.0
20080823,0.0
20080824,0.0
20080825,0.0
20080826,0.0
20080827,0.0
20080828,0.0
20080829,0.0
20080830,0.0
20080831,0.0
20080901,0.0
20080902,0.0
20080903,0.0
20080904,0.0
20080905,0.0
20080906,0.0
20080907,0.0
20080908,0.0
20080909,0.0
20080910,0.0
20080911,0.0
20080912,0.0
20080913,0.0
20080914,0.0
20080915,0.0
20080916,0.0
20080917,0.0
20080918,0.0
20080919,0.0
20080920,0.0
20080921,0.0
20080922,0.0
20080923,0.0
20080924,0.0
20080925,0.0
20080926,0.0
20080927,0.0
20080928,0.0
20080929,0.0
20080930,0.0
20081001,0.0
20081002,0.0
20081003,0.01
20081004,0.0
20081005,0.01
20081006,0.0
20081007,0.0
20081008,0.0
20081009,0.0
20081010,0.0
20081011,0.0
20081012,0.0
20081013,0.0
20081014,0.0
20081015,0.0
20081016,0.0
20081017,0.0
20081018,0.0
20081019,0.0
20081020,0.0
20081021,0.0
20081022,0.0
20081023,1.24
20081024,4.8
20081025,3.69
20081026,1.01
20081027,1.07
20081028,7.72
20081029,4.04
20081030,0.12
20081031,0.0
20081101,0.01
20081102,0.0
20081103,0.0
20081104,0.0
20081105,0.43
20081106,2.31
20081107,15.67
20081108,7.56
20081109,2.9
20081110,0.26
20081111,0.02
20081112,0.0
20081113,0.0
20081114,0.0
20081115,0.04
20081116,0.17
20081117,0.01
20081118,0.0
20081119,2.53
20081120,2.06
20081121,0.18
20081122,2.27
20081123,3.76
20081124,2.58
20081125,7.46
20081126,4.45
20081127,11.32
20081128,23.64
20081129,10.7
20081130,2.32
20081201,2.11
20081202,1.5
20081203,0.33
20081204,1.56
20081205,2.55
20081206,2.23
20081207,5.91
20081208,0.33
20081209,5.81
20081210,3.76
20081211,2.92
20081212,3.35
20081213,1.36
20081214,2.57
20081215,1.63
20081216,0.41
20081217,0.0
20081218,0.0
20081219,0.06
20081220,0.07
20081221,0.15
20081222,0.05
20081223,0.06
20081224,0.0
20081225,0.0
20081226,0.0
20081227,0.0
20081228,0.0
20081229,0.0
20081230,0.0
20081231,0.0
20090101,0.0
20090102,0.0
20090103,0.0
20090104,0.0
20090105,0.0
20090106,0.02
20090107,0.27
20090108,0.81
20090109,1.18
20090110,0.0
20090111,0.0
20090112,0.0
20090113,0.05
20090114,0.07
20090115,0.13
20090116,7.29
20090117,2.56
20090118,0.44
20090119,2.4
20090120,1.24
20090121,4.82
20090122,3.53
20090123,0.55
20090124,4.97
20090125,4.69
20090126,3.43
20090127,2.42
20090128,1.89
20090129,0.81
20090130,0.36
20090131,3.7
20090201,8.09
20090202,6.22
20090203,6.34
20090204,5.4
20090205,10.44
20090206,2.43
20090207,1.73
20090208,4.3
20090209,2.79
20090210,17.52
20090211,8.29
20090212,20.27
20090213,8.12
20090214,10.17
20090215,9.39
20090216,18.14
20090217,12.48
20090218,12.01
20090219,8.58
20090220,10.26
20090221,10.96
20090222,5.92
20090223,15.34
20090224,1.55
20090225,0.97
20090226,2.23
20090227,7.24
20090228,2.04
20090301,2.51
20090302,5.06
20090303,11.28
20090304,8.55
20090305,3.03
20090306,0.26
20090307,0.89
20090308,0.19
20090309,3.6
20090310,5.22
20090311,1.24
20090312,0.14
20090313,0.1
20090314,0.65
20090315,0.12
20090316,0.0
20090317,0.01
20090318,0.01
20090319,0.0
20090320,0.0
20090321,0.0
20090322,0.08
20090323,0.0
20090324,0.0
20090325,0.0
20090326,0.0
20090327,0.0
20090328,0.01
20090329,0.0
20090330,0.0
20090331,0.31
20090401,0.0
20090402,0.25
20090403,0.02
20090404,0.0
20090405,0.0
20090406,0.0
20090407,0.0
20090408,0.0
20090409,0.0
20090410,0.0
20090411,0.0
20090412,0.0
20090413,0.0
20090414,0.0
20090415,0.0
20090416,0.0
20090417,0.0
20090418,0.0
20090419,0.0
20090420,0.0
20090421,0.0
20090422,3.02
20090423,4.95
20090424,0.05
20090425,0.15
20090426,0.0
20090427,0.0
20090428,0.0
20090429,0.0
20090430,0.0
20090501,0.01
20090502,0.0
20090503,0.0
20090504,0.0
20090505,0.0
20090506,0.0
20090507,0.2
20090508,0.0
20090509,0.0
20090510,0.4
20090511,0.0
20090512,0.1
20090513,14.22
20090514,3.76
20090515,1.91
20090516,0.01
20090517,0.0
20090518,0.0
20090519,0.0
20090520,0.0
20090521,0.0
20090522,0.0
20090523,0.0
20090524,0.0
20090525,0.0
20090526,0.0
20090527,0.0
20090528,0.0
20090529,0.0
20090530,0.0
20090531,0.0
20090601,0.0
20090602,0.0
20090603,0.0
20090604,0.0
20090605,0.0
20090606,0.0
20090607,0.0
20090608,0.0
20090609,0.03
20090610,0.0
20090611,0.0
20090612,0.0
20090613,0.0
20090614,0.0
20090615,0.0
20090616,0.03
20090617,0.14
20090618,1.53
20090619,0.42
20090620,0.16
20090621,0.05
20090622,0.03
20090623,0.04
20090624,0.0
20090625,0.0
20090626,0.0
20090627,0.0
20090628,0.0
20090629,0.0
20090630,0.0
20090701,0.0
20090702,0.0
20090703,0.0
20090704,0.0
20090705,0.0
20090706,0.0
20090707,0.0
20090708,0.0
20090709,0.0
20090710,0.0
20090711,0.0
20090712,0.0
20090713,0.0
20090714,0.0
20090715,0.0
20090716,0.0
20090717,0.0
20090718,0.0
20090719,0.0
20090720,0.0
20090721,0.0
20090722,0.0
20090723,0.0
20090724,0.0
20090725,0.0
20090726,0.0
20090727,0.0
20090728,0.0
20090729,0.0
20090730,0.0
20090731,0.0
20090801,0.0
20090802,0.0
20090803,0.0
20090804,0.0
20090805,0.0
20090806,0.0
20090807,0.0
20090808,0.0
20090809,0.11
20090810,0.0
20090811,0.0
20090812,0.0
20090813,0.0
20090814,0.0
20090815,0.0
20090816,0.0
20090817,0.05
20090818,0.01
20090819,0.0
20090820,0.0
20090821,0.0
20090822,0.0
20090823,0.0
20090824,0.0
20090825,0.0
20090826,0.0
20090827,0.0
20090828,0.0
20090829,0.0
20090830,0.0
20090831,0.0
20090901,0.0
20090902,0.0
20090903,0.0
20090904,0.0
20090905,0.0
20090906,0.0
20090907,0.0
20090908,0.0
20090909,0.0
20090910,0.0
20090911,0.0
20090912,0.0
20090913,0.0
20090914,0.0
20090915,0.0
20090916,0.0
20090917,0.0
20090918,0.0
20090919,0.0
20090920,0.0
20090921,0.0
20090922,0.0
20090923,0.63
20090924,0.81
20090925,0.01
20090926,0.0
20090927,0.0
20090928,0.02
20090929,1.28
20090930,4.46
20091001,2.51
20091002,9.5
20091003,1.86
20091004,0.0
20091005,0.0
20091006,0.0
20091007,0.0
20091008,0.0
20091009,0.0
20091010,0.06
20091011,0.0
20091012,0.0
20091013,0.0
20091014,0.02
20091015,0.64
20091016,1.32
20091017,0.01
20091018,0.52
20091019,2.32
20091020,0.0
20091021,0.08
20091022,0.18
20091023,0.07
20091024,0.09
20091025,0.12
20091026,0.03
20091027,0.02
20091028,0.08
20091029,0.0
20091030,0.0
20091031,0.18
20091101,0.2
20091102,0.01
20091103,0.08
20091104,0.04
20091105,0.0
20091106,0.0
20091107,0.0
20091108,0.0
20091109,0.12
20091110,0.0
20091111,0.0
20091112,0.0
20091113,0.0
20091114,0.0
20091115,0.16
20091116,0.38
20091117,8.21
20091118,4.01
20091119,0.0
20091120,0.0
20091121,0.0
20091122,0.0
20091123,0.0
20091124,0.19
20091125,1.41
20091126,1.14
20091127,0.02
20091128,3.02
20091129,0.24
20091130,1.3
20091201,0.13
20091202,0.0
20091203,0.0
20091204,0.44
20091205,0.68
20091206,0.36
20091207,0.83
20091208,0.13
20091209,0.01
20091210,0.0
20091211,0.0
20091212,0.33
20091213,1.82
20091214,1.04
20091215,1.06
20091216,0.0
20091217,0.3
20091218,0.22
20091219,0.01
20091220,0.84
20091221,3.26
20091222,5.46
20091223,5.43
20091224,1.25
20091225,2.54
20091226,0.42
20091227,4.91
20091228,3.77
20091229,4.82
20091230,4.95
20091231,13.45
20100101,8.01
20100102,19.74
20100103,4.44
20100104,5.98
20100105,3.43
20100106,0.76
20100107,0.29
20100108,3.45
20100109,5.45
20100110,2.29
20100111,6.19
20100112,3.55
20100113,9.18
20100114,18.45
20100115,11.88
20100116,2.18
20100117,3.46
20100118,20.06
20100119,6.54
20100120,12.66
20100121,6.7
20100122,5.47
20100123,1.87
20100124,3.61
20100125,5.34
20100126,13.27
20100127,0.25
20100128,0.31
20100129,0.56
20100130,1.24
20100131,0.2
20100201,0.0
20100202,0.01
20100203,0.0
20100204,0.0
20100205,2.47
20100206,1.81
20100207,1.54
20100208,0.8
20100209,0.74
20100210,0.0
20100211,0.05
20100212,1.52
20100213,1.29
20100214,3.2
20100215,0.1
20100216,0.0
20100217,0.0
20100218,0.09
20100219,0.0
20100220,0.9
20100221,1.1
20100222,1.03
20100223,2.05
20100224,3.67
20100225,2.11
20100226,0.42
20100227,3.08
20100228,4.88
20100301,1.21
20100302,0.08
20100303,0.0
20100304,0.01
20100305,0.0
20100306,0.0
20100307,0.0
20100308,0.0
20100309,0.3
20100310,9.97
20100311,2.47
20100312,0.05
20100313,0.19
20100314,0.85
20100315,3.67
20100316,0.39
20100317,0.03
20100318,0.15
20100319,0.17
20100320,0.07
20100321,0.14
20100322,1.74
20100323,0.97
20100324,0.47
20100325,3.39
20100326,2.53
20100327,2.45
20100328,2.16
20100329,2.57
20100330,2.12
20100331,3.05
20100401,5.96
20100402,4.4
20100403,1.77
20100404,0.83
20100405,7.49
20100406,4.63
20100407,0.03
20100408,3.56
20100409,0.66
20100410,0.04
20100411,0.0
20100412,1.22
20100413,0.0
20100414,0.0
20100415,0.0
20100416,0.01
20100417,0.01
20100418,0.83
20100419,0.0
20100420,0.0
20100421,0.07
20100422,0.0
20100423,0.0
20100424,1.66
20100425,9.31
20100426,0.25
20100427,0.02
20100428,0.7
20100429,0.03
20100430,0.01
20100501,2.89
20100502,1.31
20100503,0.0
20100504,0.0
20100505,0.0
20100506,0.0
20100507,0.0
20100508,0.05
20100509,0.03
20100510,0.0
20100511,0.0
20100512,0.0
20100513,0.0
20100514,0.16
20100515,10.92
20100516,0.0
20100517,0.0
20100518,0.0
20100519,0.0
20100520,0.0
20100521,0.0
20100522,0.0
20100523,0.0
20100524,0.0
20100525,0.0
20100526,0.0
20100527,0.0
20100528,0.0
20100529,0.0
20100530,0.0
20100531,0.0
20100601,0.0
20100602,0.0
20100603,0.0
20100604,0.0
20100605,0.0
20100606,0.0
20100607,0.0
20100608,0.0
20100609,0.0
20100610,0.0
20100611,0.0
20100612,0.0
20100613,0.0
20100614,0.0
20100615,0.0
20100616,0.0
20100617,0.0
20100618,0.0
20100619,0.0
20100620,0.0
20100621,0.0
20100622,0.0
20100623,0.0
20100624,0.0
20100625,0.0
20100626,0.0
20100627,0.0
20100628,0.0
20100629,0.0
20100630,0.0
20100701,0.0
20100702,0.0
20100703,0.0
20100704,0.0
20100705,0.0
20100706,0.0
20100707,0.0
20100708,0.0
20100709,0.0
20100710,0.0
20100711,0.0
20100712,0.0
20100713,0.0
20100714,0.0
20100715,0.0
20100716,0.0
20100717,0.0
20100718,0.0
20100719,0.0
20100720,0.0
20100721,0.0
20100722,0.0
20100723,0.0
20100724,0.0
20100725,0.0
20100726,0.0
20100727,0.0
20100728,0.0
20100729,0.0
20100730,0.0
20100731,0.0
20100801,0.0
20100802,0.0
20100803,0.0
20100804,0.0
20100805,0.0
20100806,0.0
20100807,0.0
20100808,0.0
20100809,0.0
20100810,0.0
20100811,0.0
20100812,0.0
20100813,0.0
20100814,0.0
20100815,0.0
20100816,0.0
20100817,0.0
20100818,0.0
20100819,0.0
20100820,0.0
20100821,0.0
20100822,0.0
20100823,0.0
20100824,0.0
20100825,0.0
20100826,0.0
20100827,0.0
20100828,0.0
20100829,0.0
20100830,0.0
20100831,0.0
20100901,0.0
20100902,0.0
20100903,0.0
20100904,0.0
20100905,0.0
20100906,0.0
20100907,0.0
20100908,0.0
20100909,0.0
20100910,0.0
20100911,0.0
20100912,0.0
20100913,0.0
20100914,0.0
20100915,0.0
20100916,0.0
20100917,0.0
20100918,0.0
20100919,0.0
20100920,0.0
20100921,0.0
20100922,0.0
20100923,0.0
20100924,0.0
20100925,0.0
20100926,0.0
20100927,0.0
20100928,0.83
20100929,0.66
20100930,15.04
20101001,3.24
20101002,0.72
20101003,0.0
20101004,0.0
20101005,0.0
20101006,0.0
20101007,0.0
20101008,0.0
20101009,0.0
20101010,0.0
20101011,0.0
20101012,0.0
20101013,0.0
20101014,0.0
20101015,0.0
20101016,0.0
20101017,0.0
20101018,0.0
20101019,0.0
20101020,0.0
20101021,0.0
20101022,0.0
20101023,0.0
20101024,0.0
20101025,0.0
20101026,0.0
20101027,0.0
20101028,0.0
20101029,0.01
20101030,0.0
20101031,0.0
20101101,0.0
20101102,0.06
20101103,0.0
20101104,0.0
20101105,0.0
20101106,0.0
20101107,0.0
20101108,0.01
20101109,0.0
20101110,0.0
20101111,0.0
20101112,0.19
20101113,2.81
20101114,6.25
20101115,5.91
20101116,6.33
20101117,10.73
20101118,5.83
20101119,0.37
20101120,0.04
20101121,0.05
20101122,0.45
20101123,5.1
20101124,5.37
20101125,10.03
20101126,4.49
20101127,1.34
20101128,1.96
20101129,2.74
20101130,0.29
20101201,0.42
20101202,0.27
20101203,0.0
20101204,0.0
20101205,0.94
20101206,3.62
20101207,0.05
20101208,0.02
20101209,0.0
20101210,0.01
20101211,0.53
20101212,0.73
20101213,4.35
20101214,9.43
20101215,0.16
20101216,0.0
20101217,0.0
20101218,0.0
20101219,0.0
20101220,0.0
20101221,0.0
20101222,0.0
20101223,0.0
20101224,0.0
20101225,0.0
20101226,0.17
20101227,1.94
20101228,0.96
20101229,2.65
20101230,4.6
20101231,7.99
20110101,3.16
20110102,3.06
20110103,12.84
20110104,2.35
20110105,10.21
20110106,26.2
20110107,4.4
20110108,17.06
20110109,7.22
20110110,3.12
20110111,0.31
20110112,2.5
20110113,2.12
20110114,0.41
20110115,0.81
20110116,1.02
20110117,1.51
20110118,11.54
20110119,15.82
20110120,10.19
20110121,20.76
20110122,5.1
20110123,0.05
20110124,1.4
20110125,7.67
20110126,9.99
20110127,18.68
20110128,8.46
20110129,7.4
20110130,2.52
20110131,0.29
20110201,1.48
20110202,2.5
20110203,1.27
20110204,20.64
20110205,8.38
20110206,8.55
20110207,7.54
20110208,1.89
20110209,1.19
20110210,1.09
20110211,2.42
20110212,0.66
20110213,1.11
20110214,4.42
20110215,0.74
20110216,1.26
20110217,1.56
20110218,3.64
20110219,0.06
20110220,1.79
20110221,9.75
20110222,10.57
20110223,13.16
20110224,15.0
20110225,2.98
20110226,2.52
20110227,0.34
20110228,0.03
20110301,0.07
20110302,0.74
20110303,0.01
20110304,3.42
20110305,9.63
20110306,5.29
20110307,3.07
20110308,10.53
20110309,4.95
20110310,3.8
20110311,0.42
20110312,19.37
20110313,26.61
20110314,2.02
20110315,3.73
20110316,10.86
20110317,14.44
20110318,1.83
20110319,0.25
20110320,1.5
20110321,12.29
20110322,2.21
20110323,4.91
20110324,4.15
20110325,16.34
20110326,8.94
20110327,2.54
20110328,0.82
20110329,2.66
20110330,0.8
20110331,0.36
20110401,5.64
20110402,6.48
20110403,20.19
20110404,4.86
20110405,1.84
20110406,0.35
20110407,1.29
20110408,0.22
20110409,0.2
20110410,0.0
20110411,0.81
20110412,1.6
20110413,3.57
20110414,11.5
20110415,15.07
20110416,6.51
20110417,15.47
20110418,6.43
20110419,6.41
20110420,34.15
20110421,8.43
20110422,3.26
20110423,1.88
20110424,3.38
20110425,4.33
20110426,2.8
20110427,0.41
20110428,5.01
20110429,3.31
20110430,1.32
20110501,19.72
20110502,5.13
20110503,1.39
20110504,0.02
20110505,0.83
20110506,0.32
20110507,0.0
20110508,0.0
20110509,0.0
20110510,0.0
20110511,0.03
20110512,0.22
20110513,0.48
20110514,0.0
20110515,0.01
20110516,0.16
20110517,0.06
20110518,0.45
20110519,0.06
20110520,0.0
20110521,0.0
20110522,0.0
20110523,0.0
20110524,0.0
20110525,0.0
20110526,0.0
20110527,0.0
20110528,0.0
20110529,0.0
20110530,0.0
20110531,0.0
20110601,0.0
20110602,0.0
20110603,0.0
20110604,0.0
20110605,0.0
20110606,0.0
20110607,0.0
20110608,0.0
20110609,0.0
20110610,0.0
20110611,0.0
20110612,0.0
20110613,0.0
20110614,0.0
20110615,0.0
20110616,0.0
20110617,0.0
20110618,0.0
20110619,0.0
20110620,0.0
20110621,0.0
20110622,0.0
20110623,0.0
20110624,0.0
20110625,0.0
20110626,0.0
20110627,0.0
20110628,0.0
20110629,0.0
20110630,0.0
20110701,0.0
20110702,0.0
20110703,0.0
20110704,0.0
20110705,0.0
20110706,0.0
20110707,0.0
20110708,0.0
20110709,0.0
20110710,0.0
20110711,0.0
20110712,0.0
20110713,0.0
20110714,0.0
20110715,0.0
20110716,0.0
20110717,0.0
20110718,0.0
20110719,0.0
20110720,0.0
20110721,0.0
20110722,0.0
20110723,0.0
20110724,0.0
20110725,0.0
20110726,0.0
20110727,0.0
20110728,0.0
20110729,0.0
20110730,0.0
20110731,0.0
20110801,0.0
20110802,0.0
20110803,0.0
20110804,0.0
20110805,0.0
20110806,0.0
20110807,0.0
20110808,0.0
20110809,0.0
20110810,0.0
20110811,0.0
20110812,0.0
20110813,0.0
20110814,0.0
20110815,0.0
20110816,0.0
20110817,0.0
20110818,0.0
20110819,0.0
20110820,0.0
20110821,0.0
20110822,0.01
20110823,0.01
20110824,0.0
20110825,0.0
20110826,0.0
20110827,0.0
20110828,0.0
20110829,0.0
20110830,0.0
20110831,0.0
20110901,0.0
20110902,0.0
20110903,0.0
20110904,0.0
20110905,0.0
20110906,0.0
20110907,0.0
20110908,0.0
20110909,0.0
20110910,0.0
20110911,0.0
20110912,0.0
20110913,0.0
20110914,0.0
20110915,0.0
20110916,0.0
20110917,0.0
20110918,0.0
20110919,0.0
20110920,0.0
20110921,0.0
20110922,0.0
20110923,0.0
20110924,0.0
20110925,0.0
20110926,0.88
20110927,0.14
20110928,5.39
20110929,2.46
20110930,1.27
20111001,0.0
20111002,0.0
20111003,0.0
20111004,0.0
20111005,0.0
20111006,0.0
20111007,0.0
20111008,0.0
20111009,0.0
20111010,0.0
20111011,0.0
20111012,0.0
20111013,0.0
20111014,0.0
20111015,0.0
20111016,0.0
20111017,0.0
20111018,0.0
20111019,0.0
20111020,0.0
20111021,0.0
20111022,0.0
20111023,0.0
20111024,0.01
20111025,0.03
20111026,0.01
20111027,0.05
20111028,0.0
20111029,0.0
20111030,0.0
20111031,0.0
20111101,0.0
20111102,0.01
20111103,0.0
20111104,0.0
20111105,0.0
20111106,0.0
20111107,0.0
20111108,0.0
20111109,0.0
20111110,0.0
20111111,0.0
20111112,0.0
20111113,0.0
20111114,0.0
20111115,0.0
20111116,0.0
20111117,0.14
20111118,1.0
20111119,0.57
20111120,0.41
20111121,0.07
20111122,0.01
20111123,0.0
20111124,0.02
20111125,0.48
20111126,1.27
20111127,5.38
20111128,1.51
20111129,1.67
20111130,0.74
20111201,2.57
20111202,0.91
20111203,0.04
20111204,12.33
20111205,1.57
20111206,12.96
20111207,11.09
20111208,4.33
20111209,0.95
20111210,0.37
20111211,1.48
20111212,0.08
20111213,0.01
20111214,0.0
20111215,0.0
20111216,0.02
20111217,1.04
20111218,1.02
20111219,0.0
20111220,0.64
20111221,0.7
20111222,0.07
20111223,0.4
20111224,0.01
20111225,0.37
20111226,0.53
20111227,2.53
20111228,0.0
20111229,0.0
20111230,2.19
20111231,0.06
20120101,0.01
20120102,0.0
20120103,0.01
20120104,0.01
20120105,0.04
20120106,0.44
20120107,0.19
20120108,0.49
20120109,1.04
20120110,2.68
20120111,9.11
20120112,5.9
20120113,0.12
20120114,2.42
20120115,3.81
20120116,11.02
20120117,14.73
20120118,2.75
20120119,6.74
20120120,1.19
20120121,6.09
20120122,5.05
20120123,7.05
20120124,0.28
20120125,0.31
20120126,0.0
20120127,0.07
20120128,1.36
20120129,1.29
20120130,0.64
20120131,5.41
20120201,14.6
20120202,13.65
20120203,1.51
20120204,1.27
20120205,1.45
20120206,1.97
20120207,10.0
20120208,3.48
20120209,5.45
20120210,4.58
20120211,1.83
20120212,4.14
20120213,4.31
20120214,0.77
20120215,3.07
20120216,9.46
20120217,8.87
20120218,2.71
20120219,5.87
20120220,15.12
20120221,2.68
20120222,4.24
20120223,3.37
20120224,8.67
20120225,18.75
20120226,2.85
20120227,3.76
20120228,2.28
20120229,5.25
20120301,5.35
20120302,0.56
20120303,0.3
20120304,0.02
20120305,0.16
20120306,0.01
20120307,0.07
20120308,2.91
20120309,0.87
20120310,3.17
20120311,2.5
20120312,6.42
20120313,6.88
20120314,8.08
20120315,3.63
20120316,0.03
20120317,0.0
20120318,0.25
20120319,0.03
20120320,0.21
20120321,0.02
20120322,0.72
20120323,2.23
20120324,0.39
20120325,1.49
20120326,25.5
20120327,5.23
20120328,0.01
20120329,0.0
20120330,0.0
20120331,0.0
20120401,0.0
20120402,0.0
20120403,0.0
20120404,0.0
20120405,0.0
20120406,0.29
20120407,0.63
20120408,0.0
20120409,0.14
20120410,0.05
20120411,0.03
20120412,0.08
20120413,0.24
20120414,20.37
20120415,8.52
20120416,0.73
20120417,1.24
20120418,0.01
20120419,0.11
20120420,0.92
20120421,0.12
20120422,0.0
20120423,0.02
20120424,0.3
20120425,0.07
20120426,0.0
20120427,0.0
20120428,0.0
20120429,0.0
20120430,0.0
20120501,0.0
20120502,0.0
20120503,0.0
20120504,0.0
20120505,0.0
20120506,0.0
20120507,0.0
20120508,0.0
20120509,0.0
20120510,0.0
20120511,0.0
20120512,1.86
20120513,0.0
20120514,0.0
20120515,0.0
20120516,0.0
20120517,0.0
20120518,0.0
20120519,0.0
20120520,0.0
20120521,0.0
20120522,0.0
20120523,0.0
20120524,0.0
20120525,0.0
20120526,0.0
20120527,0.0
20120528,0.0
20120529,0.0
20120530,0.0
20120531,0.0
20120601,0.0
20120602,0.0
20120603,0.0
20120604,0.0
20120605,0.0
20120606,0.0
20120607,0.0
20120608,0.0
20120609,0.0
20120610,0.0
20120611,0.0
20120612,0.0
20120613,0.0
20120614,0.0
20120615,0.0
20120616,0.0
20120617,0.0
20120618,0.0
20120619,0.36
20120620,0.01
20120621,0.0
20120622,0.0
20120623,0.0
20120624,0.0
20120625,0.0
20120626,0.0
20120627,0.0
20120628,0.0
20120629,0.0
20120630,0.0
20120701,0.0
20120702,0.0
20120703,0.0
20120704,0.0
20120705,0.0
20120706,0.01
20120707,0.0
20120708,0.0
20120709,0.0
20120710,0.0
20120711,0.0
20120712,0.0
20120713,0.0
20120714,0.0
20120715,0.0
20120716,0.0
20120717,0.0
20120718,0.0
20120719,0.0
20120720,0.0
20120721,0.0
20120722,0.0
20120723,0.0
20120724,0.0
20120725,0.0
20120726,0.0
20120727,0.0
20120728,0.0
20120729,0.0
20120730,0.01
20120731,0.0
20120801,0.0
20120802,0.08
20120803,0.0
20120804,0.0
20120805,0.0
20120806,0.0
20120807,0.0
20120808,0.0
20120809,0.0
20120810,0.0
20120811,0.0
20120812,0.0
20120813,0.0
20120814,0.0
20120815,0.0
20120816,0.0
20120817,0.0
20120818,0.0
20120819,0.0
20120820,0.0
20120821,0.0
20120822,0.0
20120823,0.0
20120824,0.0
20120825,0.0
20120826,2.99
20120827,3.76
20120828,0.0
20120829,0.0
20120830,0.0
20120831,0.0
20120901,0.0
20120902,0.0
20120903,0.0
20120904,0.0
20120905,0.0
20120906,0.0
20120907,0.0
20120908,0.0
20120909,0.0
20120910,0.0
20120911,0.0
20120912,0.0
20120913,0.0
20120914,0.0
20120915,0.24
20120916,0.42
20120917,0.0
20120918,0.0
20120919,0.01
20120920,0.01
20120921,0.0
20120922,0.0
20120923,0.0
20120924,0.0
20120925,0.0
20120926,0.0
20120927,0.0
20120928,0.0
20120929,0.0
20120930,0.0
20121001,0.0
20121002,0.0
20121003,0.0
20121004,0.12
20121005,0.06
20121006,0.02
20121007,0.01
20121008,0.0
20121009,0.0
20121010,0.0
20121011,0.0
20121012,0.0
20121013,0.01
20121014,0.0
20121015,0.0
20121016,0.0
20121017,0.0
20121018,0.0
20121019,0.0
20121020,0.0
20121021,0.0
20121022,0.0
20121023,0.0
20121024,0.0
20121025,0.0
20121026,0.0
20121027,0.58
20121028,0.23
20121029,0.02
20121030,0.0
20121031,0.02
20121101,0.02
20121102,0.6
20121103,1.62
20121104,3.32
20121105,0.13
20121106,0.07
20121107,0.04
20121108,0.0
20121109,0.0
20121110,0.01
20121111,0.14
20121112,0.3
20121113,0.05
20121114,0.0
20121115,0.0
20121116,0.06
20121117,0.0
20121118,4.01
20121119,5.0
20121120,7.36
20121121,0.88
20121122,2.67
20121123,1.95
20121124,0.43
20121125,1.58
20121126,0.0
20121127,0.0
20121128,0.01
20121129,2.82
20121130,6.81
20121201,1.89
20121202,0.05
20121203,0.01
20121204,0.11
20121205,0.85
20121206,0.48
20121207,0.74
20121208,0.08
20121209,1.07
20121210,0.0
20121211,0.0
20121212,1.03
20121213,0.0
20121214,0.0
20121215,0.08
20121216,0.32
20121217,4.92
20121218,4.2
20121219,3.91
20121220,2.38
20121221,1.57
20121222,8.93
20121223,4.33
20121224,3.38
20121225,1.78
20121226,3.97
20121227,0.03
20121228,0.03
20121229,1.24
20121230,3.29
20121231,1.76
20130101,1.62
20130102,1.31
20130103,0.07
20130104,0.22
20130105,0.05
20130106,0.21
20130107,0.12
20130108,1.2
20130109,0.32
20130110,2.71
20130111,0.31
20130112,1.14
20130113,2.17
20130114,6.47
20130115,1.92
20130116,0.64
20130117,0.5
20130118,3.9
20130119,2.21
20130120,0.04
20130121,0.02
20130122,0.0
20130123,1.17
20130124,0.99
20130125,0.1
20130126,0.02
20130127,0.24
20130128,0.26
20130129,0.31
20130130,0.2
20130131,0.0
20130201,0.0
20130202,0.0
20130203,0.13
20130204,1.89
20130205,0.34
20130206,0.41
20130207,0.44
20130208,0.05
20130209,0.05
20130210,0.0
20130211,0.0
20130212,0.72
20130213,0.89
20130214,0.51
20130215,0.51
20130216,0.58
20130217,0.37
20130218,0.2
20130219,1.04
20130220,1.33
20130221,1.54
20130222,1.11
20130223,0.91
20130224,0.07
20130225,0.0
20130226,0.5
20130227,1.29
20130228,0.38
20130301,0.0
20130302,0.0
20130303,1.21
20130304,6.77
20130305,3.64
20130306,10.95
20130307,0.02
20130308,0.0
20130309,0.0
20130310,1.52
20130311,0.07
20130312,0.0
20130313,0.08
20130314,0.06
20130315,0.04
20130316,0.0
20130317,0.0
20130318,0.0
20130319,0.0
20130320,0.0
20130321,0.27
20130322,0.81
20130323,2.23
20130324,5.13
20130325,0.97
20130326,3.35
20130327,0.44
20130328,1.74
20130329,6.12
20130330,22.35
20130331,32.34
20130401,0.0
20130402,0.0
20130403,0.0
20130404,0.0
20130405,0.0
20130406,0.0
20130407,0.0
20130408,0.0
20130409,0.0
20130410,0.0
20130411,0.0
20130412,0.0
20130413,0.11
20130414,0.05
20130415,0.02
20130416,0.16
20130417,0.55
20130418,0.01
20130419,0.0
20130420,0.0
20130421,0.0
20130422,0.0
20130423,0.0
20130424,0.0
20130425,0.0
20130426,0.0
20130427,0.0
20130428,0.0
20130429,0.0
20130430,0.0
20130501,0.0
20130502,0.0
20130503,0.0
20130504,0.0
20130505,0.0
20130506,0.0
20130507,0.0
20130508,0.0
20130509,0.0
20130510,0.0
20130511,0.0
20130512,0.0
20130513,0.0
20130514,0.0
20130515,0.0
20130516,0.0
20130517,0.06
20130518,0.07
20130519,3.3
20130520,2.03
20130521,0.0
20130522,0.0
20130523,0.0
20130524,0.0
20130525,0.0
20130526,0.0
20130527,0.0
20130528,0.0
20130529,0.0
20130530,0.0
20130531,0.0
20130601,0.0
20130602,0.0
20130603,0.0
20130604,0.0
20130605,0.0
20130606,0.0
20130607,0.0
20130608,0.0
20130609,0.0
20130610,0.0
20130611,0.0
20130612,0.0
20130613,0.0
20130614,0.0
20130615,0.0
20130616,0.0
20130617,0.0
20130618,0.0
20130619,0.0
20130620,0.0
20130621,0.0
20130622,0.0
20130623,0.0
20130624,0.0
20130625,0.0
20130626,0.0
20130627,0.0
20130628,0.0
20130629,0.0
20130630,0.0
20130701,0.0
20130702,0.0
20130703,0.0
20130704,0.0
20130705,0.0
20130706,0.0
20130707,0.0
20130708,0.0
20130709,0.0
20130710,0.0
20130711,0.0
20130712,0.0
20130713,0.0
20130714,0.0
20130715,0.0
20130716,0.0
20130717,0.0
20130718,0.0
20130719,0.0
20130720,0.0
20130721,0.0
20130722,0.0
20130723,0.0
20130724,0.0
20130725,0.0
20130726,0.0
20130727,0.0
20130728,0.0
20130729,0.0
20130730,0.0
20130731,0.0
20130801,0.0
20130802,0.0
20130803,0.0
20130804,0.0
20130805,0.0
20130806,0.0
20130807,0.0
20130808,0.0
20130809,0.0
20130810,0.0
20130811,0.0
20130812,0.0
20130813,0.0
20130814,0.0
20130815,0.0
20130816,0.0
20130817,0.0
20130818,0.0
20130819,0.0
20130820,0.0
20130821,0.0
20130822,0.0
20130823,0.0
20130824,0.0
20130825,0.0
20130826,0.0
20130827,0.0
20130828,0.0
20130829,0.0
20130830,0.0
20130831,0.0
20130901,0.0
20130902,0.0
20130903,0.0
20130904,0.0
20130905,0.0
20130906,0.0
20130907,0.0
20130908,0.0
20130909,0.0
20130910,0.0
20130911,0.0
20130912,0.0
20130913,0.0
20130914,0.0
20130915,0.0
20130916,0.0
20130917,0.0
20130918,0.0
20130919,0.01
20130920,0.0
20130921,0.0
20130922,0.0
20130923,0.0
20130924,4.1
20130925,10.03
20130926,4.57
20130927,0.02
20130928,0.0
20130929,0.0
20130930,0.0
20131001,0.0
20131002,0.0
20131003,0.0
20131004,0.0
20131005,0.0
20131006,0.0
20131007,0.0
20131008,0.02
20131009,0.05
20131010,0.01
20131011,0.02
20131012,0.0
20131013,0.0
20131014,0.0
20131015,0.0
20131016,0.01
20131017,0.0
20131018,0.0
20131019,0.0
20131020,0.01
20131021,0.0
20131022,0.0
20131023,0.0
20131024,0.0
20131025,0.07
20131026,0.0
20131027,0.0
20131028,0.0
20131029,0.0
20131030,0.0
20131031,0.0
20131101,0.0
20131102,0.0
20131103,0.0
20131104,0.0
20131105,0.12
20131106,0.0
20131107,0.0
20131108,0.0
20131109,0.0
20131110,0.0
20131111,0.07
20131112,0.37
20131113,0.07
20131114,0.43
20131115,0.05
20131116,0.0
20131117,0.0
20131118,0.0
20131119,0.0
20131120,0.0
20131121,0.0
20131122,0.93
20131123,0.04
20131124,1.34
20131125,1.03
20131126,0.05
20131127,0.03
20131128,0.52
20131129,0.07
20131130,1.06
20131201,3.13
20131202,1.34
20131203,0.01
20131204,0.03
20131205,0.4
20131206,3.71
20131207,11.75
20131208,3.56
20131209,5.86
20131210,1.35
20131211,0.01
20131212,0.12
20131213,0.07
20131214,1.9
20131215,15.29
20131216,1.1
20131217,0.0
20131218,0.81
20131219,6.63
20131220,0.26
20131221,16.39
20131222,12.42
20131223,16.92
20131224,14.51
20131225,0.13
20131226,1.43
20131227,0.0
20131228,0.0
20131229,1.88
20131230,0.05
20131231,0.02
20140101,0.62
20140102,2.2
20140103,1.67
20140104,0.06
20140105,0.0
20140106,0.0
20140107,0.0
20140108,0.0
20140109,0.0
20140110,0.0
20140111,0.19
20140112,2.73
20140113,7.11
20140114,2.56
20140115,1.13
20140116,1.07
20140117,2.31
20140118,10.91
20140119,0.96
20140120,1.33
20140121,3.42
20140122,3.13
20140123,3.6
20140124,2.08
20140125,1.5
20140126,0.58
20140127,12.99
20140128,4.92
20140129,4.14
20140130,7.17
20140131,1.23
20140201,2.28
20140202,3.55
20140203,12.23
20140204,12.16
20140205,2.08
20140206,0.14
20140207,0.04
20140208,0.01
20140209,0.06
20140210,3.73
20140211,1.75
20140212,1.15
20140213,0.54
20140214,0.15
20140215,0.44
20140216,0.15
20140217,0.3
20140218,0.79
20140219,0.66
20140220,0.0
20140221,0.15
20140222,3.25
20140223,3.36
20140224,1.87
20140225,10.85
20140226,6.38
20140227,8.51
20140228,11.62
20140301,0.99
20140302,2.02
20140303,4.5
20140304,0.0
20140305,2.94
20140306,0.57
20140307,0.77
20140308,4.47
20140309,4.13
20140310,2.2
20140311,1.34
20140312,0.0
20140313,0.28
20140314,7.84
20140315,11.87
20140316,6.5
20140317,8.73
20140318,3.25
20140319,2.33
20140320,0.02
20140321,0.06
20140322,1.5
20140323,17.0
20140324,29.51
20140325,2.23
20140326,0.01
20140327,0.47
20140328,0.02
20140329,0.39
20140330,0.37
20140331,1.82
20140401,1.49
20140402,0.01
20140403,0.55
20140404,1.84
20140405,10.28
20140406,4.25
20140407,1.47
20140408,2.04
20140409,0.18
20140410,0.0
20140411,5.4
20140412,9.84
20140413,3.46
20140414,3.35
20140415,0.93
20140416,0.13
20140417,0.03
20140418,0.03
20140419,0.0
20140420,0.03
20140421,0.36
20140422,0.73
20140423,0.0
20140424,0.05
20140425,0.07
20140426,0.19
20140427,0.0
20140428,0.0
20140429,0.0
20140430,0.0
20140501,0.0
20140502,0.0
20140503,0.0
20140504,0.0
20140505,0.0
20140506,0.0
20140507,0.03
20140508,1.61
20140509,0.0
20140510,0.25
20140511,0.0
20140512,0.0
20140513,0.0
20140514,0.0
20140515,0.0
20140516,0.0
20140517,0.0
20140518,0.06
20140519,0.0
20140520,0.0
20140521,0.0
20140522,0.0
20140523,0.0
20140524,0.0
20140525,0.0
20140526,0.0
20140527,0.0
20140528,0.0
20140529,0.0
20140530,0.0
20140531,0.0
20140601,0.0
20140602,0.0
20140603,0.0
20140604,0.0
20140605,0.0
20140606,0.0
20140607,0.0
20140608,0.0
20140609,0.0
20140610,0.0
20140611,0.0
20140612,0.0
20140613,0.0
20140614,0.0
20140615,0.0
20140616,0.0
20140617,0.0
20140618,0.0
20140619,0.0
20140620,0.0
20140621,0.0
20140622,0.0
20140623,0.0
20140624,0.0
20140625,0.0
20140626,0.0
20140627,0.0
20140628,0.0
20140629,0.0
20140630,0.0
20140701,0.0
20140702,0.0
20140703,0.0
20140704,0.0
20140705,0.0
20140706,0.0
20140707,0.0
20140708,0.0
20140709,0.0
20140710,0.0
20140711,0.0
20140712,0.0
20140713,0.0
20140714,0.0
20140715,0.0
20140716,0.0
20140717,0.0
20140718,0.0
20140719,0.0
20140720,0.0
20140721,0.0
20140722,0.0
20140723,0.0
20140724,0.0
20140725,0.0
20140726,0.0
20140727,0.0
20140728,0.0
20140729,0.0
20140730,0.0
20140731,0.0
20140801,0.0
20140802,0.0
20140803,0.0
20140804,0.0
20140805,0.0
20140806,0.0
20140807,0.0
20140808,0.0
20140809,0.0
20140810,0.0
20140811,0.0
20140812,0.0
20140813,0.0
20140814,0.0
20140815,0.05
20140816,0.0
20140817,0.01
20140818,0.01
20140819,0.0
20140820,0.0
20140821,0.0
20140822,0.0
20140823,0.0
20140824,0.0
20140825,0.0
20140826,0.0
20140827,0.0
20140828,0.0
20140829,0.0
20140830,0.0
20140831,0.0
20140901,0.0
20140902,0.0
20140903,0.0
20140904,0.0
20140905,0.0
20140906,0.0
20140907,0.0
20140908,0.0
20140909,0.0
20140910,0.0
20140911,0.0
20140912,0.0
20140913,0.75
20140914,0.27
20140915,0.01
20140916,0.01
20140917,0.02
20140918,0.0
20140919,0.0
20140920,0.0
20140921,0.0
20140922,0.11
20140923,0.04
20140924,0.0
20140925,0.03
20140926,0.04
20140927,0.16
20140928,0.0
20140929,0.0
20140930,0.0
20141001,0.0
20141002,0.0
20141003,0.0
20141004,0.0
20141005,0.32
20141006,2.49
20141007,0.37
20141008,0.0
20141009,0.0
20141010,0.0
20141011,0.0
20141012,28.84
20141013,10.25
20141014,0.06
20141015,0.0
20141016,0.0
20141017,0.0
20141018,0.0
20141019,0.0
20141020,0.0
20141021,0.0
20141022,0.0
20141023,0.0
20141024,0.0
20141025,0.0
20141026,0.02
20141027,0.12
20141028,1.51
20141029,2.35
20141030,0.23
20141031,1.02
20141101,0.01
20141102,0.83
20141103,0.01
20141104,0.0
20141105,0.05
20141106,0.07
20141107,0.05
20141108,1.38
20141109,4.84
20141110,3.93
20141111,1.88
20141112,0.18
20141113,0.0
20141114,0.0
20141115,1.47
20141116,2.34
20141117,0.0
20141118,0.0
20141119,0.0
20141120,0.0
20141121,0.0
20141122,0.64
20141123,0.0
20141124,0.0
20141125,0.0
20141126,0.0
20141127,0.08
20141128,0.0
20141129,0.0
20141130,0.0
20141201,0.14
20141202,1.92
20141203,2.64
20141204,5.86
20141205,5.08
20141206,8.82
20141207,17.73
20141208,0.29
20141209,0.0
20141210,0.14
20141211,4.03
20141212,0.04
20141213,0.12
20141214,0.06
20141215,0.0
20141216,0.07
20141217,0.11
20141218,0.1
20141219,0.06
20141220,0.09
20141221,0.25
20141222,0.01
20141223,0.0
20141224,0.01
20141225,0.04
20141226,2.38
20141227,0.0
20141228,0.0
20141229,0.0
20141230,0.0
20141231,0.01
20150101,0.0
20150102,0.0
20150103,0.0
20150104,0.0
20150105,0.0
20150106,0.0
20150107,0.0
20150108,2.94
20150109,0.31
20150110,0.34
20150111,5.08
20150112,1.63
20150113,4.02
20150114,0.88
20150115,3.18
20150116,0.35
20150117,0.0
20150118,0.0
20150119,0.0
20150120,0.0
20150121,0.12
20150122,0.11
20150123,0.27
20150124,7.21
20150125,4.96
20150126,5.69
20150127,0.79
20150128,1.48
20150129,3.59
20150130,8.88
20150131,3.9
20150201,0.03
20150202,0.0
20150203,0.0
20150204,0.0
20150205,0.0
20150206,0.0
20150207,0.0
20150208,0.0
20150209,0.0
20150210,0.0
20150211,0.87
20150212,0.28
20150213,0.33
20150214,0.0
20150215,0.0
20150216,0.0
20150217,0.16
20150218,0.08
20150219,0.0
20150220,1.14
20150221,5.47
20150222,2.91
20150223,2.69
20150224,2.18
20150225,0.42
20150226,0.0
20150227,0.0
20150228,0.0
20150301,2.83
20150302,0.65
20150303,5.46
20150304,5.48
20150305,18.82
20150306,14.36
20150307,8.43
20150308,4.67
20150309,0.81
20150310,1.91
20150311,0.08
20150312,0.05
20150313,0.0
20150314,0.3
20150315,0.02
20150316,1.2
20150317,2.88
20150318,3.95
20150319,0.5
20150320,3.13
20150321,9.42
20150322,3.53
20150323,78.06
20150324,1.28
20150325,4.26
20150326,0.08
20150327,7.15
20150328,4.11
20150329,10.84
20150330,1.34
20150331,1.34
20150401,1.04
20150402,1.97
20150403,2.22
20150404,1.11
20150405,0.65
20150406,1.24
20150407,2.38
20150408,10.77
20150409,2.83
20150410,4.05
20150411,0.17
20150412,0.0
20150413,0.0
20150414,0.0
20150415,0.0
20150416,0.0
20150417,0.0
20150418,0.0
20150419,0.0
20150420,0.0
20150421,0.0
20150422,0.0
20150423,0.0
20150424,0.0
20150425,0.0
20150426,0.03
20150427,0.01
20150428,0.0
20150429,0.0
20150430,0.12
20150501,5.73
20150502,1.52
20150503,0.01
20150504,0.0
20150505,0.0
20150506,0.0
20150507,0.0
20150508,0.0
20150509,0.0
20150510,0.0
20150511,0.0
20150512,0.0
20150513,0.0
20150514,0.0
20150515,0.0
20150516,0.0
20150517,0.0
20150518,0.0
20150519,0.0
20150520,0.0
20150521,0.0
20150522,0.0
20150523,0.0
20150524,0.0
20150525,0.0
20150526,0.0
20150527,0.0
20150528,0.0
20150529,0.0
20150530,0.0
20150531,0.0
20150601,0.0
20150602,0.79
20150603,0.0
20150604,1.05
20150605,0.0
20150606,0.0
20150607,0.0
20150608,0.0
20150609,0.0
20150610,0.0
20150611,0.0
20150612,0.0
20150613,0.0
20150614,0.0
20150615,0.0
20150616,0.0
20150617,0.0
20150618,0.0
20150619,0.0
20150620,0.0
20150621,0.0
20150622,0.0
20150623,0.0
20150624,0.0
20150625,0.0
20150626,0.0
20150627,0.0
20150628,0.0
20150629,0.0
20150630,0.0
20150701,0.0
20150702,0.0
20150703,0.0
20150704,0.0
20150705,0.0
20150706,0.0
20150707,0.0
20150708,0.0
20150709,0.0
20150710,0.0
20150711,0.0
20150712,0.0
20150713,0.0
20150714,0.0
20150715,0.0
20150716,0.0
20150717,0.0
20150718,0.0
20150719,0.0
20150720,0.0
20150721,0.0
20150722,0.0
20150723,0.0
20150724,0.0
20150725,0.0
20150726,0.0
20150727,0.0
20150728,0.0
20150729,0.0
20150730,0.0
20150731,0.0
20150801,0.0
20150802,0.0
20150803,0.0
20150804,0.0
20150805,0.0
20150806,0.0
20150807,0.0
20150808,0.0
20150809,0.0
20150810,0.0
20150811,0.0
20150812,0.0
20150813,0.0
20150814,0.0
20150815,0.0
20150816,0.0
20150817,0.0
20150818,0.0
20150819,0.0
20150820,0.0
20150821,0.0
20150822,0.0
20150823,0.02
20150824,0.14
20150825,0.2
20150826,0.01
20150827,0.0
20150828,0.0
20150829,0.0
20150830,0.0
20150831,0.0
20150901,0.0
20150902,0.0
20150903,0.0
20150904,0.0
20150905,0.0
20150906,0.0
20150907,0.0
20150908,0.0
20150909,0.0
20150910,0.0
20150911,0.0
20150912,0.0
20150913,0.0
20150914,0.0
20150915,0.0
20150916,0.0
20150917,0.0
20150918,0.0
20150919,0.0
20150920,0.0
20150921,0.0
20150922,0.0
20150923,0.0
20150924,0.0
20150925,0.0
20150926,0.01
20150927,0.0
20150928,0.0
20150929,0.0
20150930,0.0
20151001,0.0
20151002,0.0
20151003,0.0
20151004,0.01
20151005,0.93
20151006,0.11
20151007,0.0
20151008,0.0
20151009,0.0
20151010,0.0
20151011,0.0
20151012,0.0
20151013,0.0
20151014,0.0
20151015,0.0
20151016,0.0
20151017,0.0
20151018,0.0
20151019,0.21
20151020,0.38
20151021,0.0
20151022,0.0
20151023,0.0
20151024,0.0
20151025,0.0
20151026,0.0
20151027,0.15
20151028,0.1
20151029,0.03
20151030,0.0
20151031,0.0
20151101,0.0
20151102,0.0
20151103,0.0
20151104,0.0
20151105,16.44
20151106,1.32
20151107,0.0
20151108,0.0
20151109,0.0
20151110,0.76
20151111,0.05
20151112,0.0
20151113,0.0
20151114,0.0
20151115,0.0
20151116,0.0
20151117,0.0
20151118,0.0
20151119,0.0
20151120,0.0
20151121,0.0
20151122,0.0
20151123,0.0
20151124,0.0
20151125,0.0
20151126,0.0
20151127,0.0
20151128,0.42
20151129,0.06
20151130,0.22
20151201,6.4
20151202,0.02
20151203,0.07
20151204,4.38
20151205,4.17
20151206,2.37
20151207,3.21
20151208,21.46
20151209,1.72
20151210,0.83
20151211,0.65
20151212,0.0
20151213,0.0
20151214,0.0
20151215,0.0
20151216,0.0
20151217,0.01
20151218,3.82
20151219,3.07
20151220,0.01
20151221,0.03
20151222,0.0
20151223,0.8
20151224,0.21
20151225,3.85
20151226,2.58
20151227,6.91
20151228,3.01
20151229,1.0
20151230,1.7
20151231,0.29
20160101,1.82
20160102,1.83
20160103,0.0
20160104,0.07
20160105,0.04
20160106,0.0
20160107,0.03
20160108,0.97
20160109,0.41
20160110,4.05
20160111,0.02
20160112,0.01
20160113,0.0
20160114,0.0
20160115,0.37
20160116,3.32
20160117,25.94
20160118,7.31
20160119,21.34
20160120,47.59
20160121,16.05
20160122,0.0
20160123,0.01
20160124,0.0
20160125,0.0
20160126,0.0
20160127,0.0
20160128,0.13
20160129,0.47
20160130,3.26
20160131,0.02
20160201,1.92
20160202,2.94
20160203,14.96
20160204,6.06
20160205,0.06
20160206,0.04
20160207,0.19
20160208,0.0
20160209,0.0
20160210,0.0
20160211,0.0
20160212,0.0
20160213,0.0
20160214,0.0
20160215,0.02
20160216,1.4
20160217,8.17
20160218,3.66
20160219,2.79
20160220,0.34
20160221,0.07
20160222,3.26
20160223,6.6
20160224,0.97
20160225,4.14
20160226,0.04
20160227,0.0
20160228,0.0
20160229,0.12
20160301,0.0
20160302,0.02
20160303,1.87
20160304,0.01
20160305,4.42
20160306,25.79
20160307,1.7
20160308,0.0
20160309,0.0
20160310,0.0
20160311,0.0
20160312,0.02
20160313,0.48
20160314,0.23
20160315,21.54
20160316,27.57
20160317,0.04
20160318,0.0
20160319,0.0
20160320,0.0
20160321,0.0
20160322,0.0
20160323,0.0
20160324,0.29
20160325,0.75
20160326,0.0
20160327,0.0
20160328,0.0
20160329,0.0
20160330,0.01
20160331,0.75
20160401,0.0
20160402,0.0
20160403,0.43
20160404,0.02
20160405,0.06
20160406,0.13
20160407,0.06
20160408,0.72
20160409,0.0
20160410,0.0
20160411,0.0
20160412,0.0
20160413,0.0
20160414,0.0
20160415,0.0
20160416,0.0
20160417,0.04
20160418,0.07
20160419,1.27
20160420,5.73
20160421,0.86
20160422,0.0
20160423,0.0
20160424,0.0
20160425,0.1
20160426,0.29
20160427,0.04
20160428,0.19
20160429,2.16
20160430,0.0
20160501,0.0
20160502,0.0
20160503,0.0
20160504,0.0
20160505,0.0
20160506,0.0
20160507,1.65
20160508,0.31
20160509,0.05
20160510,0.15
20160511,0.01
20160512,0.0
20160513,0.0
20160514,0.0
20160515,0.0
20160516,0.0
20160517,0.0
20160518,0.0
20160519,0.0
20160520,0.0
20160521,0.0
20160522,0.0
20160523,0.0
20160524,0.0
20160525,0.0
20160526,0.0
20160527,0.0
20160528,0.0
20160529,0.0
20160530,0.0
20160531,0.0
20160601,0.0
20160602,0.0
20160603,0.0
20160604,0.0
20160605,0.0
20160606,1.93
20160607,22.04
20160608,2.88
20160609,1.18
20160610,0.0
20160611,0.0
20160612,0.0
20160613,0.0
20160614,0.0
20160615,0.0
20160616,0.0
20160617,0.0
20160618,0.0
20160619,0.0
20160620,0.0
20160621,0.0
20160622,0.0
20160623,0.0
20160624,0.0
20160625,0.0
20160626,0.0
20160627,0.0
20160628,0.0
20160629,0.0
20160630,0.0
20160701,0.0
20160702,0.0
20160703,0.0
20160704,0.0
20160705,0.0
20160706,0.0
20160707,0.0
20160708,0.0
20160709,0.0
20160710,0.0
20160711,0.0
20160712,0.0
20160713,0.0
20160714,0.0
20160715,0.0
20160716,0.0
20160717,0.0
20160718,0.0
20160719,0.0
20160720,0.0
20160721,0.0
20160722,0.0
20160723,0.0
20160724,0.0
20160725,0.0
20160726,0.0
20160727,0.0
20160728,0.0
20160729,0.0
20160730,0.0
20160731,0.0
20160801,0.0
20160802,0.0
20160803,0.0
20160804,0.0
20160805,0.0
20160806,0.0
20160807,0.0
20160808,0.0
20160809,0.0
20160810,0.0
20160811,0.0
20160812,0.0
20160813,0.0
20160814,0.0
20160815,0.0
20160816,0.0
20160817,0.0
20160818,0.0
20160819,0.0
20160820,0.0
20160821,0.0
20160822,0.0
20160823,0.0
20160824,0.0
20160825,0.0
20160826,0.0
20160827,0.0
20160828,0.0
20160829,0.0
20160830,0.0
20160831,0.0
20160901,0.0
20160902,0.0
20160903,0.0
20160904,0.0
20160905,0.0
20160906,0.0
20160907,0.0
20160908,0.0
20160909,0.0
20160910,0.0
20160911,0.0
20160912,0.0
20160913,0.0
20160914,0.0
20160915,0.0
20160916,0.0
20160917,0.0
20160918,0.0
20160919,0.0
20160920,0.0
20160921,0.0
20160922,0.0
20160923,0.0
20160924,0.0
20160925,0.0
20160926,0.0
20160927,0.0
20160928,0.0
20160929,0.0
20160930,0.0
20161001,0.0
20161002,0.0
20161003,0.0
20161004,0.0
20161005,0.0
20161006,0.0
20161007,0.0
20161008,0.0
20161009,0.0
20161010,0.0
20161011,0.0
20161012,0.0
20161013,0.0
20161014,0.0
20161015,0.0
20161016,0.0
20161017,0.0
20161018,0.0
20161019,0.0
20161020,0.0
20161021,0.0
20161022,0.0
20161023,0.0
20161024,0.0
20161025,0.0
20161026,0.0
20161027,0.2
20161028,0.01
20161029,0.0
20161030,0.0
20161031,0.0
20161101,0.0
20161102,0.11
20161103,0.08
20161104,0.32
20161105,7.02
20161106,0.22
20161107,16.92
20161108,0.01
20161109,0.03
20161110,0.0
20161111,0.0
20161112,0.0
20161113,0.0
20161114,0.0
20161115,0.0
20161116,0.0
20161117,0.0
20161118,0.0
20161119,0.0
20161120,0.01
20161121,19.15
20161122,13.45
20161123,0.22
20161124,0.03
20161125,0.05
20161126,0.0
20161127,0.02
20161128,0.04
20161129,0.0
20161130,0.0
20161201,0.0
20161202,0.0
20161203,0.11
20161204,0.0
20161205,0.02
20161206,0.2
20161207,0.05
20161208,0.19
20161209,0.0
20161210,0.0
20161211,0.0
20161212,0.68
20161213,20.32
20161214,10.35
20161215,1.14
20161216,0.07
20161217,0.9
20161218,1.06
20161219,0.16
20161220,0.5
20161221,0.0
20161222,0.01
20161223,13.63
20161224,4.99
20161225,0.43
20161226,0.19
20161227,0.0
20161228,0.0
20161229,0.0
20161230,0.98
20161231,0.09
20170101,22.75
20170102,60.41
20170103,4.65
20170104,0.98
20170105,1.32
20170106,0.45
20170107,1.06
20170108,0.0
20170109,0.03
20170110,0.91
20170111,2.36
20170112,1.38
20170113,3.61
20170114,0.85
20170115,0.01
20170116,0.52
20170117,0.15
20170118,4.92
20170119,0.0
20170120,0.01
20170121,0.31
20170122,0.3
20170123,0.32
20170124,12.42
20170125,15.7
20170126,13.71
20170127,0.6
20170128,0.02
20170129,0.62
20170130,0.01
20170131,0.0
20170201,3.46
20170202,5.61
20170203,8.5
20170204,0.55
20170205,0.06
20170206,0.24
20170207,0.71
20170208,2.77
20170209,2.63
20170210,1.38
20170211,1.66
20170212,1.93
20170213,2.91
20170214,0.86
20170215,0.16
20170216,0.45
20170217,2.42
20170218,4.26
20170219,12.12
20170220,1.92
20170221,0.95
20170222,0.0
20170223,0.0
20170224,0.0
20170225,0.0
20170226,0.25
20170227,0.44
20170228,0.56
20170301,1.33
20170302,4.62
20170303,2.99
20170304,16.39
20170305,0.76
20170306,1.19
20170307,0.18
20170308,3.88
20170309,0.57
20170310,0.0
20170311,0.01
20170312,0.01
20170313,0.0
20170314,2.86
20170315,0.01
20170316,0.24
20170317,0.46
20170318,0.25
20170319,0.02
20170320,0.06
20170321,0.27
20170322,1.52
20170323,4.34
20170324,0.29
20170325,0.34
20170326,0.29
20170327,0.0
20170328,0.0
20170329,0.0
20170330,0.0
20170331,0.0
20170401,0.0
20170402,0.0
20170403,0.0
20170404,0.0
20170405,0.0
20170406,0.0
20170407,0.0
20170408,2.77
20170409,19.98
20170410,6.19
20170411,0.31
20170412,43.99
20170413,1.76
20170414,0.0
20170415,0.68
20170416,7.0
20170417,23.45
20170418,3.87
20170419,24.35
20170420,10.37
20170421,7.2
20170422,2.15
20170423,0.88
20170424,0.34
20170425,0.35
20170426,0.28
20170427,0.08
20170428,0.0
20170429,0.01
20170430,0.0
20170501,0.0
20170502,0.0
20170503,0.0
20170504,0.0
20170505,0.0
20170506,0.21
20170507,0.02
20170508,0.0
20170509,0.02
20170510,7.34
20170511,0.05
20170512,0.01
20170513,0.0
20170514,0.0
20170515,0.0
20170516,0.0
20170517,0.0
20170518,0.0
20170519,0.0
20170520,0.0
20170521,0.0
20170522,0.0
20170523,0.0
20170524,0.0
20170525,0.0
20170526,0.0
20170527,0.0
20170528,0.0
20170529,0.0
20170530,0.0
20170531,0.0
20170601,0.0
20170602,0.0
20170603,0.0
20170604,0.0
20170605,0.0
20170606,0.01
20170607,0.0
20170608,0.0
20170609,0.0
20170610,0.0
20170611,0.0
20170612,0.0
20170613,0.0
20170614,0.0
20170615,0.0
20170616,0.0
20170617,0.0
20170618,0.0
20170619,0.0
20170620,0.0
20170621,0.0
20170622,0.0
20170623,0.0
20170624,0.0
20170625,0.0
20170626,0.0
20170627,0.0
20170628,0.0
20170629,0.0
20170630,0.0
20170701,0.0
20170702,0.0
20170703,0.0
20170704,0.0
20170705,0.0
20170706,0.0
20170707,0.0
20170708,0.0
20170709,0.0
20170710,0.0
20170711,0.0
20170712,0.0
20170713,0.0
20170714,0.0
20170715,0.0
20170716,0.0
20170717,0.0
20170718,0.0
20170719,0.0
20170720,0.0
20170721,0.0
20170722,0.0
20170723,0.0
20170724,0.0
20170725,0.0
20170726,0.0
20170727,0.0
20170728,0.0
20170729,0.0
20170730,0.0
20170731,0.0
20170801,0.0
20170802,0.0
20170803,0.0
20170804,0.0
20170805,0.0
20170806,0.0
20170807,0.0
20170808,0.0
20170809,0.0
20170810,0.0
20170811,0.0
20170812,0.0
20170813,0.0
20170814,0.0
20170815,0.0
20170816,0.0
20170817,0.0
20170818,0.0
20170819,0.0
20170820,0.0
20170821,0.0
20170822,0.0
20170823,0.0
20170824,0.0
20170825,0.0
20170826,0.0
20170827,0.0
20170828,0.0
20170829,0.0
20170830,0.0
20170831,0.0
20170901,0.0
20170902,0.0
20170903,0.0
20170904,0.0
20170905,0.0
20170906,0.0
20170907,0.0
20170908,0.0
20170909,0.0
20170910,0.0
20170911,0.0
20170912,0.0
20170913,0.0
20170914,0.0
20170915,0.0
20170916,0.0
20170917,0.0
20170918,0.0
20170919,0.0
20170920,0.0
20170921,0.0
20170922,0.0
20170923,0.0
20170924,0.0
20170925,0.0
20170926,0.0
20170927,0.0
20170928,0.01
20170929,0.03
20170930,0.53
20171001,0.08
20171002,0.0
20171003,0.0
20171004,2.35
20171005,0.0
20171006,0.0
20171007,0.0
20171008,0.0
20171009,0.0
20171010,0.0
20171011,0.0
20171012,0.0
20171013,0.0
20171014,0.0
20171015,0.0
20171016,0.0
20171017,0.0
20171018,0.0
20171019,0.0
20171020,0.0
20171021,0.0
20171022,0.35
20171023,0.01
20171024,0.92
20171025,0.04
20171026,0.0
20171027,0.0
20171028,2.1
20171029,1.11
20171030,2.16
20171031,3.07
20171101,2.0
20171102,1.04
20171103,0.51
20171104,0.16
20171105,0.0
20171106,0.11
20171107,0.19
20171108,0.02
20171109,0.01
20171110,0.0
20171111,0.0
20171112,0.38
20171113,0.9
20171114,0.0
20171115,0.0
20171116,0.0
20171117,0.0
20171118,0.0
20171119,0.0
20171120,0.0
20171121,0.0
20171122,0.17
20171123,0.19
20171124,0.0
20171125,0.0
20171126,0.0
20171127,0.0
20171128,0.0
20171129,0.0
20171130,0.0
20171201,0.06
20171202,0.0
20171203,0.0
20171204,8.48
20171205,2.55
20171206,16.11
20171207,8.46
20171208,1.21
20171209,0.01
20171210,3.48
20171211,0.01
20171212,0.01
20171213,0.0
20171214,0.0
20171215,0.52
20171216,0.0
20171217,9.67
20171218,0.21
20171219,0.04
20171220,38.91
20171221,15.12
20171222,0.06
20171223,0.0
20171224,0.0
20171225,0.0
20171226,0.0
20171227,0.16
20171228,0.64
20171229,9.93
20171230,0.0
20171231,0.0
20180101,0.0
20180102,0.0
20180103,0.0
20180104,1.36
20180105,0.08
20180106,0.0
20180107,0.0
20180108,0.0
20180109,0.0
20180110,0.0
20180111,7.47
20180112,0.44
20180113,1.68
20180114,1.32
20180115,0.93
20180116,0.04
20180117,0.28
20180118,0.27
20180119,0.71
20180120,1.75
20180121,0.91
20180122,0.0
20180123,0.01
20180124,0.01
20180125,0.28
20180126,1.23
20180127,0.05
20180128,0.17
20180129,0.03
20180130,0.0
20180131,0.0
20180201,0.02
20180202,0.18
20180203,0.84
20180204,0.84
20180205,1.38
20180206,2.87
20180207,0.99
20180208,2.56
20180209,2.41
20180210,5.29
20180211,6.02
20180212,2.11
20180213,2.03
20180214,7.05
20180215,0.86
20180216,0.0
20180217,0.0
20180218,0.0
20180219,0.0
20180220,0.0
20180221,0.0
20180222,0.02
20180223,0.25
20180224,0.0
20180225,0.0
20180226,0.0
20180227,0.01
20180228,0.19
20180301,0.01
20180302,0.43
20180303,0.0
20180304,0.0
20180305,1.03
20180306,35.93
20180307,32.01
20180308,0.17
20180309,0.0
20180310,0.0
20180311,0.01
20180312,0.0
20180313,0.85
20180314,0.39
20180315,1.47
20180316,0.01
20180317,2.88
20180318,10.89
20180319,2.51
20180320,5.7
20180321,21.98
20180322,3.99
20180323,2.12
20180324,4.59
20180325,0.24
20180326,1.23
20180327,3.93
20180328,1.04
20180329,0.61
20180330,0.06
20180331,0.2
20180401,14.11
20180402,2.1
20180403,0.53
20180404,0.42
20180405,0.01
20180406,0.28
20180407,0.58
20180408,21.2
20180409,5.0
20180410,7.12
20180411,2.65
20180412,5.74
20180413,10.43
20180414,1.46
20180415,2.35
20180416,5.99
20180417,0.6
20180418,0.07
20180419,0.0
20180420,0.0
20180421,0.0
20180422,0.0
20180423,0.0
20180424,0.0
20180425,0.0
20180426,0.0
20180427,0.0
20180428,0.0
20180429,0.0
20180430,0.0
20180501,0.2
20180502,0.58
20180503,0.23
20180504,0.01
20180505,0.0
20180506,0.0
20180507,0.0
20180508,0.0
20180509,0.0
20180510,0.0
20180511,0.0
20180512,0.0
20180513,0.0
20180514,0.0
20180515,0.0
20180516,0.0
20180517,0.0
20180518,0.54
20180519,1.2
20180520,0.0
20180521,0.0
20180522,0.0
20180523,0.0
20180524,0.0
20180525,0.0
20180526,0.0
20180527,0.0
20180528,0.0
20180529,0.0
20180530,0.0
20180531,0.0
20180601,0.0
20180602,0.0
20180603,0.0
20180604,0.0
20180605,0.0
20180606,0.0
20180607,0.0
20180608,0.0
20180609,0.0
20180610,0.0
20180611,0.0
20180612,0.0
20180613,0.0
20180614,0.0
20180615,0.0
20180616,0.0
20180617,0.0
20180618,0.0
20180619,0.0
20180620,0.0
20180621,0.0
20180622,0.0
20180623,0.0
20180624,0.0
20180625,0.0
20180626,0.0
20180627,0.0
20180628,0.0
20180629,0.0
20180630,0.0
20180701,0.0
20180702,0.01
20180703,0.0
20180704,0.0
20180705,0.09
20180706,3.02
20180707,0.39
20180708,0.83
20180709,0.16
20180710,0.0
20180711,0.0
20180712,0.0
20180713,0.0
20180714,0.0
20180715,0.0
20180716,0.0
20180717,0.0
20180718,0.0
20180719,0.0
20180720,0.0
20180721,0.0
20180722,0.0
20180723,0.0
20180724,0.0
20180725,0.0
20180726,0.0
20180727,0.0
20180728,0.0
20180729,0.0
20180730,0.0
20180731,0.0
20180801,0.0
20180802,0.0
20180803,0.0
20180804,0.0
20180805,0.0
20180806,0.0
20180807,0.0
20180808,0.0
20180809,0.0
20180810,0.01
20180811,0.0
20180812,0.0
20180813,0.0
20180814,0.0
20180815,0.0
20180816,0.0
20180817,0.0
20180818,0.0
20180819,0.0
20180820,0.0
20180821,0.0
20180822,0.0
20180823,0.0
20180824,0.0
20180825,0.0
20180826,0.0
20180827,0.0
20180828,0.0
20180829,0.0
20180830,0.0
20180831,0.0
20180901,0.0
20180902,0.0
20180903,0.0
20180904,0.0
20180905,0.0
20180906,0.45
20180907,0.0
20180908,0.0
20180909,0.0
20180910,0.0
20180911,0.0
20180912,0.0
20180913,0.0
20180914,0.0
20180915,0.0
20180916,0.0
20180917,0.0
20180918,0.0
20180919,0.0
20180920,0.0
20180921,0.0
20180922,0.0
20180923,0.0
20180924,0.0
20180925,0.0
20180926,0.0
20180927,0.0
20180928,0.0
20180929,0.0
20180930,0.0
20181001,3.3
20181002,0.16
20181003,0.0
20181004,0.0
20181005,0.0
20181006,94.74
20181007,0.18
20181008,0.02
20181009,0.0
20181010,0.0
20181011,0.0
20181012,14.43
20181013,0.01
20181014,0.0
20181015,0.0
20181016,0.0
20181017,0.0
20181018,0.0
20181019,0.0
20181020,0.0
20181021,0.47
20181022,3.14
20181023,0.44
20181024,0.0
20181025,0.0
20181026,0.0
20181027,0.0
20181028,0.01
20181029,0.0
20181030,0.0
20181031,0.0
20181101,0.0
20181102,0.0
20181103,0.0
20181104,0.0
20181105,0.0
20181106,0.0
20181107,0.0
20181108,0.0
20181109,0.0
20181110,0.0
20181111,0.0
20181112,0.0
20181113,0.0
20181114,0.0
20181115,0.0
20181116,0.03
20181117,0.0
20181118,0.05
20181119,0.0
20181120,0.0
20181121,0.0
20181122,0.04
20181123,0.44
20181124,0.0
20181125,5.91
20181126,3.5
20181127,0.0
20181128,0.0
20181129,0.0
20181130,7.22
20181201,20.25
20181202,0.0
20181203,0.0
20181204,0.0
20181205,0.0
20181206,0.0
20181207,0.0
20181208,0.0
20181209,0.0
20181210,0.0
20181211,0.0
20181212,0.0
20181213,0.0
20181214,0.08
20181215,4.96
20181216,2.54
20181217,2.82
20181218,0.03
20181219,0.04
20181220,0.0
20181221,0.77
20181222,0.02
20181223,0.54
20181224,0.02
20181225,0.0
20181226,0.01
20181227,5.37
20181228,15.22
20181229,4.77
20181230,5.22
20181231,7.63
20190101,0.17
20190102,0.05
20190103,0.32
20190104,0.89
20190105,0.35
20190106,0.21
20190107,0.0
20190108,0.0
20190109,0.0
20190110,0.0
20190111,0.0
20190112,0.0
20190113,0.0
20190114,0.0
20190115,0.01
20190116,0.14
20190117,4.45
20190118,0.9
20190119,0.0
20190120,0.0
20190121,6.05
20190122,0.44
20190123,0.04
20190124,0.0
20190125,0.24
20190126,0.0
20190127,0.0
20190128,0.0
20190129,3.37
20190130,0.74
20190131,1.24
20190201,23.02
20190202,8.66
20190203,0.64
20190204,0.0
20190205,0.0
20190206,0.58
20190207,2.74
20190208,0.92
20190209,0.09
20190210,2.02
20190211,0.09
20190212,0.0
20190213,0.0
20190214,1.83
20190215,0.03
20190216,0.35
20190217,0.02
20190218,0.0
20190219,0.01
20190220,0.76
20190221,0.06
20190222,0.0
20190223,0.03
20190224,0.0
20190225,0.18
20190226,0.08
20190227,0.0
20190228,0.0
20190301,0.0
20190302,0.0
20190303,0.0
20190304,0.0
20190305,2.9
20190306,5.09
20190307,0.56
20190308,0.12
20190309,0.01
20190310,0.0
20190311,0.0
20190312,0.0
20190313,4.66
20190314,7.72
20190315,0.08
20190316,0.98
20190317,0.19
20190318,0.01
20190319,0.31
20190320,0.0
20190321,0.0
20190322,0.0
20190323,0.0
20190324,1.55
20190325,0.42
20190326,0.17
20190327,0.53
20190328,5.22
20190329,1.08
20190330,0.45
20190331,2.94
20190401,7.09
20190402,11.06
20190403,9.28
20190404,0.03
20190405,0.0
20190406,0.0
20190407,0.0
20190408,0.0
20190409,0.0
20190410,0.0
20190411,0.08
20190412,0.71
20190413,2.2
20190414,1.54
20190415,0.0
20190416,0.0
20190417,0.0
20190418,0.0
20190419,1.35
20190420,4.42
20190421,1.0
20190422,0.0
20190423,0.0
20190424,0.0
20190425,0.0
20190426,0.0
20190427,0.0
20190428,0.0
20190429,0.0
20190430,0.0
20190501,0.0
20190502,0.0
20190503,0.0
20190504,0.0
20190505,0.0
20190506,0.0
20190507,3.92
20190508,0.0
20190509,0.0
20190510,0.0
20190511,0.0
20190512,0.0
20190513,0.0
20190514,0.0
20190515,0.0
20190516,0.0
20190517,0.0
20190518,0.0
20190519,0.0
20190520,0.0
20190521,0.0
20190522,0.0
20190523,0.0
20190524,0.0
20190525,0.0
20190526,0.0
20190527,0.0
20190528,0.0
20190529,0.0
20190530,0.0
20190531,0.0
20190601,0.0
20190602,0.0
20190603,0.0
20190604,0.0
20190605,0.0
20190606,0.0
20190607,0.0
20190608,0.0
20190609,0.0
20190610,0.0
20190611,0.0
20190612,0.0
20190613,0.0
20190614,0.0
20190615,0.0
20190616,0.0
20190617,0.0
20190618,0.0
20190619,0.0
20190620,0.0
20190621,0.0
20190622,0.0
20190623,0.0
20190624,0.0
20190625,0.0
20190626,0.0
20190627,0.0
20190628,0.0
20190629,0.0
20190630,0.01
20190701,0.01
20190702,0.0
20190703,0.0
20190704,0.0
20190705,0.0
20190706,0.0
20190707,0.0
20190708,0.0
20190709,0.0
20190710,0.0
20190711,0.0
20190712,0.0
20190713,0.0
20190714,0.0
20190715,0.0
20190716,0.0
20190717,0.0
20190718,0.0
20190719,0.0
20190720,0.0
20190721,0.0
20190722,0.0
20190723,0.0
20190724,0.0
20190725,0.0
20190726,0.0
20190727,0.0
20190728,0.0
20190729,0.0
20190730,0.0
20190731,0.0
20190801,0.0
20190802,0.0
20190803,0.0
20190804,0.0
20190805,0.0
20190806,0.0
20190807,0.0
20190808,0.0
20190809,0.0
20190810,0.0
20190811,0.0
20190812,0.0
20190813,0.0
20190814,0.0
20190815,0.0
20190816,0.0
20190817,0.0
20190818,0.0
20190819,0.0
20190820,0.0
20190821,0.0
20190822,0.0
20190823,0.0
20190824,0.0
20190825,0.0
20190826,0.0
20190827,0.0
20190828,0.0
20190829,0.0
20190830,0.0
20190831,0.0
20190901,0.0
20190902,0.0
20190903,0.0
20190904,0.0
20190905,0.0
20190906,0.0
20190907,0.0
20190908,0.0
20190909,0.0
20190910,0.0
20190911,0.0
20190912,0.0
20190913,0.0
20190914,0.0
20190915,0.0
20190916,0.0
20190917,0.0
20190918,0.0
20190919,0.0
20190920,0.0
20190921,0.0
20190922,0.0
20190923,0.0
20190924,0.0
20190925,0.0
20190926,0.0
20190927,0.0
20190928,0.0
20190929,0.0
20190930,0.0
20191001,0.0
20191002,0.0
20191003,0.0
20191004,0.0
20191005,0.0
20191006,0.0
20191007,0.0
20191008,0.0
20191009,0.0
20191010,0.0
20191011,0.01
20191012,0.27
20191013,0.0
20191014,0.59
20191015,0.02
20191016,0.0
20191017,8.96
20191018,0.01
20191019,0.0
20191020,0.0
20191021,0.0
20191022,0.0
20191023,0.0
20191024,0.0
20191025,0.0
20191026,0.0
20191027,0.0
20191028,0.0
20191029,0.0
20191030,0.0
20191031,0.02
20191101,0.84
20191102,1.56
20191103,0.01
20191104,0.01
20191105,0.08
20191106,0.04
20191107,0.01
20191108,0.0
20191109,0.0
20191110,0.0
20191111,0.0
20191112,0.0
20191113,0.0
20191114,0.0
20191115,0.0
20191116,0.0
20191117,0.0
20191118,0.0
20191119,0.0
20191120,0.0
20191121,0.0
20191122,0.0
20191123,0.0
20191124,0.0
20191125,0.99
20191126,2.59
20191127,0.0
20191128,0.13
20191129,0.02
20191130,0.0
20191201,4.95
20191202,2.48
20191203,19.37
20191204,4.17
20191205,12.41
20191206,11.15
20191207,0.1
20191208,0.01
20191209,0.0
20191210,0.0
20191211,0.0
20191212,0.0
20191213,0.0
20191214,0.0
20191215,0.01
20191216,0.83
20191217,0.87
20191218,0.15
20191219,0.0
20191220,0.11
20191221,3.61
20191222,4.95
20191223,3.62
20191224,10.44
20191225,1.17
20191226,0.24
20191227,0.0
20191228,0.87
20191229,1.26
20191230,3.26
20191231,0.09
20200101,0.45
20200102,1.44
20200103,1.33
20200104,3.03
20200105,5.04
20200106,0.79
20200107,0.63
20200108,0.0
20200109,0.0
20200110,0.0
20200111,0.09
20200112,1.43
20200113,0.68
20200114,0.47
20200115,0.05
20200116,0.01
20200117,0.57
20200118,0.05
20200119,0.0
20200120,0.0
20200121,0.0
20200122,0.0
20200123,0.0
20200124,0.0
20200125,0.0
20200126,0.0
20200127,0.0
20200128,0.0
20200129,0.0
20200130,0.0
20200131,0.04
20200201,0.31
20200202,0.02
20200203,0.79
20200204,11.87
20200205,3.91
20200206,0.7
20200207,0.1
20200208,0.0
20200209,0.0
20200210,0.0
20200211,3.27
20200212,4.78
20200213,3.69
20200214,2.08
20200215,7.17
20200216,1.43
20200217,13.43
20200218,7.01
20200219,2.99
20200220,3.18
20200221,6.89
20200222,6.45
20200223,9.75
20200224,14.46
20200225,12.01
20200226,4.53
20200227,1.41
20200228,24.16
20200229,21.1
20200301,51.76
20200302,0.94
20200303,0.01
20200304,0.08
20200305,0.02
20200306,0.0
20200307,0.0
20200308,0.0
20200309,0.0
20200310,0.0
20200311,0.0
20200312,0.71
20200313,0.11
20200314,0.01
20200315,1.01
20200316,29.58
20200317,27.91
20200318,5.31
20200319,1.07
20200320,2.85
20200321,3.79
20200322,0.04
20200323,0.01
20200324,0.01
20200325,0.0
20200326,0.0
20200327,0.0
20200328,0.4
20200329,1.15
20200330,26.5
20200331,6.68
20200401,0.0
20200402,0.29
20200403,0.1
20200404,0.08
20200405,0.29
20200406,0.0
20200407,0.0
20200408,0.0
20200409,3.23
20200410,11.78
20200411,0.44
20200412,0.05
20200413,0.09
20200414,0.0
20200415,0.0
20200416,0.0
20200417,0.01
20200418,1.36
20200419,32.41
20200420,18.6
20200421,2.88
20200422,0.0
20200423,0.0
20200424,0.1
20200425,0.01
20200426,0.0
20200427,0.04
20200428,0.0
20200429,0.0
20200430,0.0
20200501,0.0
20200502,0.0
20200503,0.0
20200504,0.0
20200505,0.0
20200506,0.0
20200507,0.0
20200508,0.0
20200509,0.0
20200510,0.04
20200511,1.38
20200512,0.0
20200513,0.0
20200514,0.0
20200515,0.0
20200516,0.0
20200517,0.0
20200518,0.0
20200519,0.0
20200520,0.0
20200521,0.0
20200522,0.0
20200523,0.0
20200524,0.0
20200525,0.0
20200526,0.0
20200527,0.0
20200528,0.0
20200529,0.0
20200530,0.0
20200531,0.0
20200601,0.0
20200602,0.0
20200603,0.0
20200604,0.0
20200605,0.0
20200606,0.0
20200607,0.0
20200608,0.0
20200609,0.0
20200610,0.0
20200611,0.15
20200612,0.0
20200613,0.0
20200614,0.0
20200615,0.0
20200616,0.0
20200617,0.0
20200618,0.0
20200619,0.0
20200620,0.0
20200621,0.0
20200622,0.0
20200623,0.0
20200624,0.0
20200625,0.0
20200626,0.0
20200627,0.0
20200628,0.0
20200629,0.0
20200630,0.0
20200701,0.0
20200702,0.0
20200703,0.0
20200704,0.0
20200705,0.0
20200706,0.0
20200707,0.0
20200708,0.0
20200709,0.0
20200710,0.06
20200711,0.06
20200712,0.0
20200713,0.0
20200714,0.0
20200715,0.0
20200716,0.0
20200717,0.0
20200718,0.0
20200719,0.0
20200720,0.0
20200721,0.0
20200722,0.0
20200723,0.0
20200724,0.0
20200725,0.0
20200726,0.0
20200727,0.0
20200728,0.0
20200729,0.0
20200730,0.0
20200731,0.0
20200801,0.0
20200802,0.0
20200803,0.0
20200804,0.0
20200805,0.0
20200806,0.0
20200807,0.0
20200808,0.0
20200809,0.0
20200810,0.0
20200811,0.0
20200812,0.0
20200813,0.0
20200814,0.0
20200815,0.0
20200816,0.0
20200817,0.0
20200818,0.0
20200819,0.0
20200820,0.0
20200821,0.0
20200822,0.0
20200823,0.0
20200824,0.0
20200825,0.0
20200826,0.0
20200827,0.0
20200828,0.0
20200829,0.0
20200830,0.0
20200831,0.0
20200901,0.0
20200902,0.0
20200903,0.01
20200904,6.72
20200905,0.24
20200906,0.0
20200907,0.0
20200908,0.0
20200909,0.0
20200910,0.0
20200911,0.0
20200912,0.0
20200913,0.0
20200914,0.0
20200915,0.0
20200916,0.0
20200917,0.0
20200918,0.0
20200919,0.0
20200920,0.0
20200921,0.0
20200922,0.0
20200923,0.0
20200924,0.0
20200925,0.0
20200926,0.0
20200927,0.0
20200928,0.0
20200929,0.0
20200930,0.0
20201001,0.0
20201002,0.0
20201003,0.0
20201004,0.0
20201005,0.0
20201006,0.0
20201007,0.0
20201008,0.0
20201009,0.0
20201010,0.0
20201011,0.0
20201012,0.0
20201013,0.0
20201014,0.0
20201015,0.0
20201016,0.0
20201017,0.0
20201018,0.0
20201019,0.0
20201020,0.0
20201021,0.0
20201022,0.0
20201023,0.0
20201024,0.0
20201025,0.1
20201026,2.51
20201027,0.2
20201028,1.71
20201029,1.78
20201030,0.29
20201031,0.16
20201101,0.01
20201102,0.0
20201103,0.0
20201104,0.0
20201105,0.0
20201106,0.0
20201107,0.0
20201108,0.0
20201109,0.0
20201110,0.0
20201111,0.02
20201112,0.37
20201113,1.1
20201114,2.87
20201115,1.97
20201116,0.22
20201117,0.0
20201118,0.0
20201119,0.0
20201120,0.01
20201121,0.5
20201122,0.0
20201123,0.0
20201124,0.0
20201125,0.0
20201126,0.0
20201127,0.0
20201128,0.43
20201129,0.0
20201130,0.0
20201201,0.0
20201202,0.0
20201203,0.0
20201204,0.0
20201205,0.0
20201206,0.01
20201207,0.0
20201208,0.0
20201209,0.0
20201210,0.0
20201211,0.0
20201212,0.0
20201213,0.06
20201214,0.52
20201215,0.02
20201216,0.33
20201217,0.08
20201218,0.01
20201219,0.0
20201220,15.33
20201221,16.16
20201222,0.36
20201223,0.0
20201224,0.0
20201225,0.0
20201226,0.16
20201227,0.56
20201228,1.2
20201229,2.51
20201230,8.82
20201231,0.86
20210101,9.63
20210102,21.27
20210103,6.56
20210104,12.97
20210105,21.76
20210106,10.16
20210107,4.19
20210108,8.29
20210109,7.66
20210110,18.25
20210111,15.24
20210112,18.21
20210113,16.38
20210114,27.7
20210115,34.75
20210116,1.96
20210117,0.56
20210118,0.0
20210119,0.66
20210120,1.07
20210121,0.95
20210122,8.15
20210123,25.14
20210124,1.42
20210125,2.21
20210126,2.58
20210127,0.86
20210128,0.0
20210129,5.77
20210130,0.06
20210131,1.37
20210201,0.0
20210202,0.0
20210203,0.25
20210204,0.09
20210205,2.61
20210206,0.15
20210207,0.22
20210208,1.51
20210209,4.03
20210210,2.81
20210211,31.41
20210212,9.21
20210213,14.05
20210214,1.46
20210215,0.02
20210216,0.0
20210217,0.0
20210218,0.0
20210219,0.0
20210220,2.02
20210221,5.48
20210222,7.36
20210223,2.03
20210224,1.26
20210225,3.27
20210226,1.03
20210227,0.66
20210228,0.81
20210301,0.1
20210302,0.0
20210303,0.0
20210304,0.0
20210305,0.0
20210306,0.0
20210307,2.81
20210308,0.09
20210309,0.0
20210310,0.0
20210311,0.0
20210312,0.21
20210313,0.71
20210314,4.03
20210315,5.43
20210316,2.8
20210317,0.73
20210318,1.49
20210319,1.42
20210320,0.5
20210321,6.32
20210322,6.25
20210323,5.28
20210324,11.96
20210325,0.34
20210326,0.22
20210327,0.0
20210328,0.7
20210329,6.22
20210330,5.73
20210331,1.21
20210401,0.76
20210402,0.07
20210403,0.0
20210404,0.1
20210405,0.26
20210406,0.02
20210407,0.02
20210408,0.01
20210409,0.0
20210410,0.0
20210411,0.0
20210412,0.0
20210413,0.0
20210414,0.0
20210415,0.0
20210416,0.0
20210417,1.95
20210418,1.19
20210419,0.11
20210420,0.0
20210421,0.0
20210422,0.0
20210423,0.0
20210424,0.0
20210425,0.0
20210426,0.0
20210427,0.0
20210428,0.06
20210429,0.19
20210430,0.0
20210501,0.21
20210502,0.01
20210503,0.14
20210504,0.01
20210505,0.16
20210506,12.01
20210507,0.31
20210508,0.08
20210509,0.0
20210510,0.0
20210511,0.0
20210512,0.0
20210513,0.0
20210514,0.0
20210515,0.0
20210516,0.0
20210517,0.0
20210518,0.0
20210519,0.0
20210520,0.0
20210521,0.0
20210522,0.0
20210523,0.0
20210524,0.0
20210525,0.0
20210526,0.0
20210527,0.0
20210528,0.0
20210529,0.0
20210530,0.0
20210531,0.0
20210601,0.0
20210602,0.0
20210603,0.0
20210604,0.0
20210605,0.0
20210606,0.0
20210607,0.0
20210608,0.0
20210609,0.0
20210610,0.0
20210611,0.0
20210612,0.0
20210613,0.0
20210614,0.0
20210615,0.0
20210616,0.0
20210617,0.0
20210618,0.0
20210619,0.0
20210620,0.0
20210621,0.0
20210622,0.0
20210623,0.0
20210624,0.0
20210625,0.0
20210626,0.0
20210627,0.0
20210628,0.0
20210629,0.0
20210630,0.0
20210701,0.0
20210702,0.0
20210703,0.0
20210704,0.0
20210705,0.0
20210706,0.0
20210707,0.0
20210708,0.0
20210709,0.0
20210710,0.0
20210711,0.0
20210712,0.0
20210713,0.0
20210714,0.0
20210715,0.0
20210716,0.0
20210717,0.0
20210718,0.0
20210719,0.0
20210720,0.0
20210721,0.0
20210722,0.0
20210723,0.0
20210724,0.0
20210725,0.0
20210726,0.0
20210727,0.0
20210728,0.0
20210729,0.0
20210730,0.0
20210731,0.0
20210801,0.0
20210802,0.0
20210803,0.0
20210804,0.0
20210805,0.0
20210806,0.0
20210807,0.0
20210808,0.0
20210809,0.0
20210810,0.0
20210811,0.0
20210812,0.0
20210813,0.0
20210814,0.0
20210815,0.0
20210816,0.0
20210817,0.0
20210818,0.0
20210819,0.0
20210820,0.0
20210821,0.0
20210822,0.0
20210823,0.0
20210824,0.0
20210825,0.0
20210826,0.0
20210827,0.0
20210828,0.0
20210829,0.0
20210830,0.0
20210831,0.0
20210901,0.0
20210902,0.0
20210903,0.0
20210904,0.0
20210905,0.0
20210906,0.0
20210907,0.0
20210908,0.0
20210909,0.0
20210910,0.0
20210911,0.0
20210912,0.0
20210913,0.0
20210914,0.0
20210915,0.0
20210916,0.0
20210917,0.0
20210918,0.0
20210919,0.0
20210920,0.0
20210921,0.0
20210922,0.0
20210923,0.0
20210924,0.0
20210925,0.0
20210926,0.0
20210927,0.0
20210928,0.0
20210929,0.0
20210930,0.0
20211001,0.0
20211002,0.0
20211003,0.0
20211004,0.0
20211005,0.0
20211006,0.0
20211007,0.0
20211008,0.0
20211009,0.0
20211010,0.0
20211011,0.0
20211012,0.0
20211013,0.0
20211014,0.0
20211015,0.0
20211016,0.0
20211017,0.0
20211018,0.0
20211019,0.0
20211020,2.05
20211021,7.15
20211022,0.0
20211023,0.0
20211024,0.0
20211025,0.0
20211026,0.0
20211027,34.72
20211028,4.43
20211029,0.01
20211030,0.0
20211031,0.0
20211101,0.0
20211102,0.0
20211103,0.0
20211104,0.0
20211105,0.0
20211106,0.0
20211107,1.36
20211108,0.0
20211109,0.0
20211110,0.07
20211111,0.01
20211112,0.27
20211113,0.0
20211114,0.0
20211115,1.27
20211116,1.71
20211117,2.42
20211118,0.0
20211119,0.0
20211120,0.0
20211121,0.0
20211122,0.0
20211123,0.0
20211124,0.0
20211125,0.0
20211126,0.0
20211127,0.0
20211128,0.0
20211129,0.0
20211130,0.0
20211201,0.03
20211202,0.22
20211203,2.17
20211204,0.0
20211205,0.0
20211206,0.0
20211207,0.0
20211208,0.0
20211209,2.26
20211210,1.41
20211211,0.09
20211212,0.16
20211213,0.01
20211214,0.0
20211215,0.0
20211216,0.0
20211217,0.01
20211218,0.37
20211219,3.58
20211220,12.23
20211221,6.75
20211222,0.0
20211223,0.0
20211224,0.0
20211225,0.0
20211226,0.0
20211227,0.0
20211228,0.0
20211229,0.0
20211230,0.0
20211231,0.0
20220101,0.0
20220102,0.0
20220103,0.01
20220104,0.0
20220105,0.0
20220106,0.0
20220107,0.05
20220108,4.49
20220109,3.4
20220110,0.07
20220111,0.01
20220112,5.38
20220113,21.05
20220114,24.47
20220115,12.09
20220116,11.47
20220117,5.84
20220118,22.26
20220119,25.9
20220120,37.87
20220121,2.48
20220122,0.01
20220123,0.01
20220124,0.0
20220125,0.0
20220126,1.87
20220127,0.24
20220128,0.06
20220129,1.89
20220130,8.75
20220131,2.16
20220201,4.96
20220202,7.81
20220203,0.08
20220204,0.2
20220205,16.98
20220206,9.07
20220207,4.26
20220208,3.39
20220209,3.85
20220210,2.3
20220211,5.45
20220212,12.56
20220213,53.39
20220214,24.33
20220215,15.47
20220216,5.89
20220217,0.03
20220218,0.01
20220219,2.39
20220220,6.65
20220221,1.23
20220222,0.02
20220223,0.0
20220224,0.0
20220225,0.02
20220226,0.0
20220227,0.03
20220228,0.96
20220301,1.62
20220302,1.62
20220303,12.16
20220304,0.0
20220305,0.0
20220306,4.88
20220307,0.39
20220308,0.01
20220309,0.01
20220310,0.4
20220311,0.04
20220312,0.08
20220313,9.23
20220314,14.52
20220315,0.07
20220316,0.0
20220317,0.38
20220318,18.72
20220319,3.21
20220320,24.2
20220321,4.02
20220322,0.02
20220323,2.83
20220324,7.26
20220325,2.1
20220326,0.03
20220327,0.0
20220328,0.65
20220329,0.74
20220330,5.78
20220331,2.22
20220401,0.2
20220402,0.26
20220403,2.22
20220404,0.0
20220405,0.0
20220406,0.0
20220407,0.0
20220408,0.0
20220409,0.0
20220410,0.0
20220411,0.0
20220412,0.0
20220413,0.0
20220414,0.0
20220415,0.05
20220416,0.04
20220417,0.0
20220418,0.0
20220419,0.0
20220420,0.0
20220421,0.0
20220422,0.0
20220423,0.01
20220424,0.01
20220425,0.03
20220426,0.0
20220427,0.02
20220428,0.17
20220429,1.38
20220430,0.08
20220501,0.0
20220502,0.0
20220503,0.0
20220504,0.0
20220505,0.0
20220506,0.0
20220507,0.0
20220508,0.0
20220509,0.0
20220510,0.0
20220511,0.0
20220512,0.0
20220513,0.0
20220514,0.0
20220515,0.0
20220516,0.0
20220517,0.0
20220518,0.0
20220519,0.0
20220520,0.01
20220521,0.0
20220522,0.0
20220523,0.0
20220524,0.0
20220525,0.0
20220526,0.0
20220527,0.0
20220528,0.0
20220529,0.0
20220530,0.0
20220531,0.0
20220601,0.0
20220602,0.0
20220603,0.0
20220604,0.0
20220605,0.0
20220606,0.0
20220607,0.0
20220608,0.0
20220609,0.0
20220610,0.0
20220611,0.0
20220612,0.0
20220613,0.0
20220614,0.0
20220615,0.0
20220616,0.0
20220617,0.0
20220618,0.0
20220619,0.0
20220620,0.0
20220621,0.0
20220622,0.0
20220623,0.0
20220624,0.0
20220625,0.0
20220626,0.0
20220627,0.0
20220628,0.0
20220629,0.0
20220630,0.0
20220701,0.0
20220702,0.0
20220703,0.0
20220704,0.0
20220705,0.0
20220706,0.0
20220707,0.0
20220708,0.0
20220709,0.0
20220710,0.0
20220711,0.0
20220712,0.0
20220713,0.0
20220714,0.0
20220715,0.0
20220716,0.0
20220717,0.0
20220718,0.0
20220719,0.0
20220720,0.0
20220721,0.0
20220722,0.0
20220723,0.0
20220724,0.0
20220725,0.0
20220726,0.0
20220727,0.0
20220728,0.0
20220729,0.0
20220730,0.0
20220731,0.0
20220801,0.01
20220802,0.0
20220803,0.0
20220804,0.0
20220805,0.0
20220806,0.0
20220807,0.0
20220808,0.0
20220809,0.0
20220810,0.0
20220811,0.0
20220812,0.0
20220813,0.0
20220814,0.0
20220815,0.0
20220816,0.0
20220817,0.0
20220818,0.0
20220819,0.0
20220820,0.0
20220821,0.0
20220822,0.0
20220823,0.0
20220824,0.0
20220825,0.0
20220826,0.0
20220827,0.0
20220828,0.0
20220829,0.0
20220830,0.0
20220831,0.0
20220901,0.0
20220902,0.0
20220903,0.0
20220904,0.0
20220905,0.0
20220906,0.0
20220907,0.0
20220908,0.0
20220909,0.0
20220910,0.0
20220911,0.0
20220912,0.0
20220913,0.0
20220914,0.0
20220915,0.0
20220916,0.0
20220917,0.0
20220918,0.0
20220919,0.0
20220920,0.0
20220921,0.0
20220922,0.0
20220923,0.0
20220924,0.0
20220925,0.0
20220926,0.0
20220927,0.0
20220928,0.0
20220929,0.0
20220930,0.0
20221001,0.0
20221002,0.0
20221003,0.0
20221004,0.0
20221005,0.0
20221006,0.0
20221007,0.0
20221008,0.0
20221009,0.0
20221010,0.0
20221011,0.0
20221012,0.0
20221013,0.0
20221014,0.03
20221015,9.13
20221016,39.4
20221017,6.34
20221018,0.19
20221019,0.02
20221020,1.48
20221021,1.32
20221022,0.78
20221023,0.13
20221024,0.01
20221025,0.0
20221026,0.0
20221027,0.0
20221028,0.0
20221029,0.0
20221030,0.14
20221031,0.04
20221101,0.01
20221102,0.0
20221103,0.0
20221104,0.0
20221105,0.0
20221106,1.2
20221107,2.83
20221108,0.0
20221109,0.0
20221110,0.0
20221111,0.01
20221112,0.0
20221113,0.0
20221114,0.0
20221115,0.0
20221116,0.0
20221117,0.12
20221118,1.57
20221119,0.76
20221120,4.61
20221121,10.66
20221122,0.0
20221123,0.0
20221124,0.08
20221125,0.0
20221126,0.0
20221127,0.0
20221128,0.01
20221129,0.21
20221130,0.15
20221201,14.49
20221202,9.84
20221203,0.0
20221204,0.0
20221205,0.0
20221206,0.0
20221207,0.0
20221208,0.0
20221209,0.28
20221210,0.19
20221211,0.0
20221212,0.0
20221213,2.18
20221214,47.12
20221215,31.8
20221216,0.28
20221217,0.0
20221218,0.0
20221219,0.0
20221220,0.0
20221221,12.18
20221222,11.48
20221223,57.56
20221224,1.22
20221225,0.0
20221226,0.0
20221227,6.54
20221228,4.95
20221229,5.28
20221230,5.99
20221231,1.58
20230101,0.1
20230102,0.6
20230103,2.24
20230104,6.27
20230105,0.0
20230106,0.0
20230107,0.0
20230108,0.0
20230109,0.0
20230110,0.0
20230111,0.0
20230112,0.0
20230113,0.0
20230114,0.0
20230115,0.45
20230116,40.17
20230117,54.28
20230118,9.68
20230119,13.52
20230120,2.88
20230121,2.86
20230122,2.69
20230123,4.69
20230124,23.33
20230125,2.55
20230126,2.58
20230127,0.93
20230128,2.99
20230129,4.6
20230130,3.09
20230131,2.64
20230201,3.94
20230202,2.65
20230203,7.97
20230204,3.0
20230205,4.63
20230206,5.36
20230207,17.56
20230208,4.94
20230209,1.14
20230210,0.0
20230211,0.0
20230212,0.0
20230213,0.0
20230214,0.0
20230215,0.0
20230216,0.0
20230217,0.0
20230218,0.0
20230219,0.0
20230220,0.0
20230221,0.0
20230222,0.0
20230223,1.03
20230224,0.12
20230225,0.0
20230226,0.0
20230227,12.24
20230228,6.76
20230301,0.22
20230302,0.0
20230303,0.0
20230304,0.0
20230305,0.0
20230306,0.0
20230307,0.0
20230308,0.0
20230309,0.0
20230310,0.0
20230311,0.0
20230312,2.4
20230313,2.37
20230314,0.07
20230315,0.2
20230316,0.1
20230317,0.01
20230318,0.19
20230319,0.33
20230320,1.03
20230321,0.9
20230322,1.05
20230323,13.37
20230324,0.0
20230325,0.0
20230326,0.03
20230327,1.31
20230328,1.81
20230329,0.01
20230330,0.0
20230331,0.0
20230401,0.0
20230402,0.74
20230403,0.01
20230404,0.03
20230405,0.04
20230406,0.02
20230407,0.01
20230408,0.09
20230409,0.1
20230410,0.01
20230411,0.0
20230412,0.0
20230413,0.0
20230414,0.0
20230415,0.02
20230416,1.61
20230417,16.09
20230418,2.17
20230419,3.67
20230420,0.55
20230421,0.02
20230422,0.03
20230423,0.0
20230424,5.73
20230425,0.49
20230426,0.87
20230427,0.3
20230428,0.19
20230429,0.14
20230430,3.22
20230501,1.44
20230502,8.8
20230503,0.04
20230504,0.01
20230505,0.0
20230506,0.0
20230507,0.01
20230508,0.0
20230509,0.0
20230510,0.0
20230511,0.0
20230512,0.0
20230513,0.01
20230514,0.33
20230515,2.71
20230516,0.45
20230517,0.01
20230518,0.0
20230519,0.0
20230520,0.0
20230521,0.0
20230522,0.0
20230523,0.0
20230524,0.0
20230525,0.0
20230526,0.0
20230527,0.0
20230528,0.28
20230529,0.01
20230530,0.0
20230531,0.0
20230601,0.0
20230602,0.0
20230603,0.0
20230604,0.0
20230605,0.0
20230606,0.0
20230607,0.0
20230608,0.0
20230609,0.0
20230610,0.0
20230611,0.0
20230612,0.0
20230613,0.0
20230614,0.0
20230615,0.0
20230616,0.0
20230617,0.0
20230618,0.0
20230619,0.0
20230620,0.0
20230621,0.0
20230622,0.0
20230623,0.0
20230624,0.0
20230625,0.0
20230626,0.0
20230627,0.0
20230628,0.0
20230629,0.0
20230630,0.0
20230701,0.0
20230702,0.0
20230703,0.0
20230704,0.0
20230705,0.0
20230706,0.0
20230707,0.0
20230708,0.0
20230709,0.0
20230710,0.0
20230711,0.0
20230712,0.0
20230713,0.0
20230714,0.0
20230715,0.0
20230716,0.0
20230717,0.0
20230718,0.0
20230719,0.0
20230720,0.0
20230721,0.0
20230722,0.0
20230723,0.0
20230724,0.0
20230725,0.0
20230726,0.0
20230727,0.0
20230728,0.0
20230729,0.0
20230730,0.54
20230731,0.0
20230801,0.0
20230802,0.0
20230803,0.0
20230804,0.0
20230805,0.0
20230806,0.0
20230807,0.0
20230808,0.0
20230809,0.0
20230810,0.0
20230811,0.0
20230812,0.0
20230813,0.0
20230814,0.0
20230815,0.0
20230816,0.0
20230817,0.0
20230818,0.0
20230819,0.0
20230820,0.0
20230821,0.0
20230822,0.0
20230823,0.0
20230824,0.0
20230825,0.0
20230826,0.0
20230827,0.0
20230828,0.01
20230829,0.02
20230830,0.0
20230831,0.0
20230901,0.0
20230902,0.0
20230903,0.0
20230904,0.0
20230905,0.0
20230906,0.0
20230907,0.0
20230908,0.0
20230909,0.0
20230910,0.0
20230911,0.0
20230912,0.0
20230913,0.0
20230914,0.0
20230915,0.0
20230916,0.0
20230917,0.0
20230918,0.0
20230919,0.0
20230920,0.0
20230921,0.0
20230922,0.0
20230923,0.1
20230924,0.0
20230925,0.0
20230926,0.0
20230927,0.0
20230928,0.0
20230929,0.0
20230930,0.0
20231001,0.0
20231002,0.0
20231003,0.05
20231004,0.0
20231005,0.0
20231006,0.0
20231007,0.0
20231008,0.0
20231009,0.0
20231010,0.0
20231011,0.02
20231012,0.0
20231013,0.0
20231014,0.0
20231015,0.0
20231016,0.0
20231017,0.0
20231018,0.0
20231019,0.0
20231020,0.0
20231021,0.0
20231022,0.0
20231023,0.0
20231024,0.0
20231025,0.0
20231026,0.0
20231027,0.0
20231028,0.0
20231029,0.0
20231030,0.0
20231031,0.0
20231101,0.0
20231102,0.0
20231103,0.0
20231104,0.0
20231105,0.0
20231106,0.0
20231107,0.0
20231108,0.0
20231109,0.0
20231110,0.0
20231111,0.02
20231112,0.24
20231113,0.15
20231114,0.85
20231115,1.48
20231116,1.1
20231117,2.88
20231118,1.08
20231119,0.03
20231120,0.0
20231121,0.0
20231122,0.0
20231123,0.81
20231124,4.86
20231125,0.67
20231126,0.01
20231127,0.22
20231128,0.11
20231129,0.02
20231130,0.07
20231201,0.19
20231202,3.14
20231203,10.6
20231204,0.3
20231205,1.46
20231206,1.8
20231207,0.0
20231208,0.0
20231209,0.0
20231210,0.01
20231211,0.0
20231212,0.0
20231213,0.0
20231214,0.0
20231215,0.0
20231216,0.0
20231217,0.01
20231218,0.25
20231219,0.3
20231220,0.87
20231221,8.58
20231222,0.08
20231223,0.51
20231224,0.35
20231225,0.0
20231226,0.0
20231227,1.16
20231228,0.0
20231229,0.0
20231230,0.0
20231231,0.0
20240101,0.0
20240102,0.96
20240103,3.13
20240104,4.43
20240105,2.18
20240106,4.26
20240107,10.21
20240108,1.42
20240109,0.0
20240110,0.49
20240111,0.0
20240112,0.04
20240113,0.61
20240114,0.19
20240115,0.27
20240116,6.08
20240117,4.13
20240118,0.0
20240119,0.5
20240120,0.99
20240121,0.29
20240122,1.36
20240123,0.04
20240124,1.05
20240125,0.36
20240126,3.15
20240127,5.32
20240128,11.7
20240129,3.03
20240130,0.24
20240131,23.3
20240201,9.12
20240202,5.61
20240203,4.78
20240204,0.8
20240205,1.8
20240206,12.41
20240207,48.78
20240208,0.6
20240209,0.13
20240210,0.14
20240211,23.16
20240212,16.45
20240213,1.99
20240214,2.13
20240215,0.1
20240216,0.0
20240217,0.0
20240218,0.0
20240219,7.67
20240220,8.92
20240221,11.48
20240222,4.28
20240223,3.3
20240224,7.55
20240225,0.06
20240226,3.62
20240227,0.0
20240228,3.31
20240229,1.13
20240301,0.04
20240302,1.43
20240303,0.04
20240304,0.0
20240305,0.0
20240306,0.0
20240307,0.0
20240308,0.0
20240309,1.12
20240310,1.5
20240311,1.68
20240312,5.5
20240313,6.42
20240314,0.0
20240315,0.0
20240316,0.29
20240317,0.0
20240318,0.54
20240319,0.4
20240320,0.25
20240321,2.28
20240322,5.2
20240323,11.3
20240324,0.39
20240325,3.04
20240326,10.93
20240327,13.46
20240328,0.23
20240329,0.06
20240330,32.94
20240331,7.19
20240401,0.27
20240402,6.47
20240403,4.18
20240404,10.18
20240405,0.15
20240406,0.93
20240407,0.0
20240408,0.0
20240409,0.0
20240410,0.0
20240411,0.0
20240412,0.0
20240413,0.0
20240414,0.01
20240415,0.0
20240416,0.0
20240417,0.0
20240418,0.0
20240419,0.0
20240420,0.0
20240421,0.0
20240422,0.0
20240423,0.0
20240424,0.0
20240425,0.0
20240426,0.0
20240427,0.0
20240428,0.42
20240429,0.08
20240430,0.01
20240501,0.0
20240502,0.0
20240503,0.0
20240504,0.0
20240505,0.0
20240506,0.0
20240507,0.0
20240508,0.0
20240509,0.0
20240510,0.0
20240511,0.0
20240512,0.0
20240513,0.0
20240514,0.0
20240515,0.0
20240516,0.0
20240517,0.0
20240518,0.0
20240519,0.0
20240520,0.0
20240521,0.0
20240522,0.0
20240523,0.0
20240524,0.0
20240525,0.0
20240526,0.0
20240527,0.0
20240528,0.0
20240529,0.0
20240530,0.0
20240531,0.0
20240601,0.0
20240602,0.0
20240603,0.0
20240604,0.0
20240605,0.0
20240606,0.0
20240607,0.0
20240608,0.0
20240609,0.0
20240610,0.0
20240611,0.0
20240612,0.0
20240613,0.0
20240614,0.0
20240615,0.0
20240616,0.0
20240617,0.0
20240618,0.0
20240619,0.0
20240620,0.0
20240621,0.0
20240622,0.0
20240623,0.0
20240624,0.0
20240625,0.0
20240626,0.0
20240627,0.0
20240628,0.0
20240629,0.0
20240630,0.0
20240701,0.0
20240702,0.0
20240703,0.0
20240704,0.0
20240705,0.0
20240706,0.0
20240707,0.0
20240708,0.02
20240709,0.0
20240710,0.0
20240711,0.0
20240712,0.0
20240713,0.0
20240714,0.0
20240715,0.0
20240716,0.0
20240717,0.0
20240718,0.0
20240719,0.0
20240720,0.0
20240721,0.0
20240722,0.0
20240723,0.0
20240724,0.0
20240725,0.0
20240726,0.0
20240727,0.0
20240728,0.0
20240729,0.0
20240730,0.0
20240731,0.0
20240801,0.0
20240802,0.0
20240803,0.0
20240804,0.0
20240805,0.0
20240806,0.0
20240807,0.0
20240808,0.0
20240809,0.0
20240810,0.0
20240811,0.0
20240812,0.0
20240813,0.0
20240814,0.0
20240815,0.0
20240816,0.0
20240817,0.0
20240818,0.0
20240819,0.0
20240820,0.0
20240821,0.0
20240822,0.0
20240823,0.0
20240824,0.0
20240825,0.0
20240826,0.0
20240827,0.0
20240828,0.0
20240829,0.0
20240830,0.0
20240831,0.0
20240901,0.0
20240902,0.0
20240903,0.0
20240904,0.0
20240905,0.0
20240906,0.0
20240907,0.0
20240908,0.0
20240909,0.0
20240910,0.0
20240911,0.0
20240912,0.0
20240913,0.0
20240914,0.0
20240915,0.0
20240916,0.0
20240917,0.0
20240918,0.0
20240919,0.0
20240920,0.0
20240921,0.0
20240922,0.0
20240923,0.05
20240924,0.26
20240925,3.46
20240926,0.11
20240927,2.44
20240928,0.02
20240929,0.0
20240930,0.0
20241001,0.0
20241002,0.0
20241003,0.0
20241004,0.0
20241005,0.0
20241006,0.0
20241007,0.02
20241008,0.0
20241009,0.0
20241010,0.0
20241011,0.0
20241012,0.0
20241013,0.01
20241014,0.0
20241015,0.01
20241016,0.0
20241017,0.0
20241018,0.0
20241019,0.0
20241020,0.0
20241021,0.0
20241022,0.0
20241023,0.0
20241024,0.0
20241025,0.0
20241026,0.0
20241027,0.0
20241028,0.0
20241029,0.0
20241030,0.0
20241031,0.0
20241101,0.0
20241102,0.1
20241103,0.97
20241104,0.0
20241105,0.0
20241106,0.73
20241107,1.71
20241108,15.0
20241109,1.18
20241110,0.03
20241111,0.0
20241112,0.0
20241113,0.0
20241114,0.0
20241115,0.06
20241116,0.27
20241117,0.17
20241118,0.01
20241119,2.2
20241120,0.24
20241121,1.93
20241122,0.58
20241123,0.01
20241124,2.6
20241125,1.57
20241126,0.0
20241127,0.0
20241128,0.0
20241129,0.0
20241130,0.0
20241201,0.0
20241202,0.0
20241203,0.0
20241204,0.0
20241205,0.0
20241206,0.0
20241207,0.0
20241208,3.59
20241209,0.17
20241210,0.01
20241211,0.06
20241212,0.03
20241213,0.02
20241214,2.42
20241215,7.84
20241216,5.73
20241217,0.0
20241218,0.0
20241219,0.0
20241220,0.28
20241221,3.63
20241222,4.66
20241223,4.69
20241224,0.03
20241225,1.29
20241226,11.35
20241227,0.04
20241228,0.0
20241229,0.42
20241230,0.04
20241231,0.6
20250101,0.11
20250102,2.1
20250103,37.08
20250104,43.63
20250105,11.8
20250106,0.0
20250107,0.0
20250108,0.0
20250109,0.0
20250110,0.0
20250111,0.0
20250112,0.0
20250113,0.0
20250114,0.0
20250115,0.0
20250116,0.0
20250117,0.0
20250118,0.0
20250119,0.0
20250120,4.0
20250121,2.87
20250122,7.47
20250123,0.48
20250124,0.01
20250125,0.67
20250126,2.2
20250127,3.81
20250128,0.01
20250129,2.07
20250130,2.38
20250131,0.0
20250201,0.0
20250202,0.13
20250203,0.83
20250204,0.73
20250205,3.27
20250206,4.35
20250207,3.11
20250208,4.68
20250209,2.24
20250210,1.42
20250211,15.22
20250212,0.57
20250213,2.51
20250214,5.04
20250215,6.44
20250216,2.47
20250217,1.31
20250218,0.04
20250219,0.15
20250220,0.09
20250221,0.0
20250222,0.3
20250223,2.92
20250224,4.62
20250225,40.05
20250226,6.83
20250227,8.34
20250228,0.79
20250301,0.0
20250302,0.35
20250303,4.09
20250304,8.79
20250305,3.83
20250306,1.37
20250307,1.05
20250308,1.14
20250309,23.18
20250310,3.33
20250311,0.07
20250312,1.24
20250313,3.68
20250314,7.04
20250315,4.13
20250316,3.42
20250317,12.45
20250318,5.63
20250319,7.07
20250320,28.04
20250321,11.89
20250322,17.62
20250323,1.01
20250324,1.69
20250325,8.72
20250326,53.35
20250327,73.76
20250328,14.9
20250329,6.17
20250330,6.14
20250331,1.25
20250401,0.27
20250402,0.66
20250403,4.71
20250404,3.21
20250405,2.74
20250406,45.63
20250407,4.35
20250408,0.01
20250409,0.0
20250410,0.0
20250411,0.0
20250412,0.0
20250413,0.0
20250414,0.33
20250415,1.35
20250416,0.26
20250417,0.45
20250418,0.01
20250419,1.09
20250420,1.53
20250421,7.69
20250422,0.38
20250423,0.0
20250424,0.0
20250425,0.01
20250426,0.48
20250427,0.0
20250428,0.0
20250429,0.08
20250430,1.39
20250501,0.0
20250502,0.0
20250503,0.0
20250504,0.0
20250505,0.0
20250506,0.0
20250507,0.0
20250508,0.0
20250509,0.0
20250510,0.0
20250511,0.0
20250512,0.0
20250513,0.0
20250514,0.32
20250515,3.65
20250516,0.13
20250517,0.0
20250518,0.0
20250519,0.0
20250520,0.0
20250521,0.0
20250522,0.0
20250523,0.0
20250524,0.0
20250525,0.0
20250526,0.0
20250527,0.0
20250528,0.0
20250529,0.0
20250530,0.0
20250531,0.0
20250601,0.0
20250602,0.0
20250603,0.0
20250604,0.0
20250605,0.0
20250606,0.0
20250607,0.0
20250608,0.0
20250609,0.42
20250610,0.0
20250611,0.0
20250612,0.0
20250613,0.0
20250614,0.82
20250615,0.0
20250616,0.0
20250617,0.0
20250618,0.0
20250619,0.0
20250620,0.0
20250621,0.0
20250622,0.0
20250623,0.0
20250624,0.0
20250625,0.0
20250626,0.05
20250627,0.0
20250628,0.0
20250629,0.0
20250630,0.0
20250701,0.0
20250702,0.0
20250703,0.0
20250704,0.0
20250705,0.0
20250706,0.0
20250707,0.0
20250708,0.0
20250709,0.0
20250710,0.0
20250711,0.0
20250712,0.0
20250713,0.0
20250714,0.0
20250715,0.0
20250716,0.0
20250717,0.0
20250718,0.0
20250719,0.0
20250720,0.0
20250721,0.04
20250722,1.9
20250723,1.11
20250724,0.1
20250725,0.45
20250726,4.92
20250727,1.63
20250728,0.04
20250729,0.01
20250730,0.0
20250731,0.0
20250801,0.0
20250802,0.0
20250803,0.0
20250804,0.0
20250805,0.0
20250806,0.02
20250807,0.0
20250808,0.0
20250809,0.0
20250810,0.0
20250811,0.0
20250812,0.0
20250813,0.0
20250814,0.0
20250815,0.0
20250816,0.0
20250817,0.0
20250818,0.0
20250819,0.0
20250820,0.0
20250821,0.0
20250822,0.0
20250823,0.0
20250824,0.0
20250825,0.0
20250826,0.03
20250827,7.27
20250828,0.0
20250829,0.0
20250830,0.0
20250831,0.0
20250901,0.0
20250902,0.0
20250903,0.0
20250904,0.0
20250905,0.0
20250906,0.0
20250907,0.0
20250908,0.0
20250909,0.0
20250910,0.0
20250911,0.0
20250912,0.0
20250913,0.0
20250914,0.0
20250915,0.0
20250916,0.0
20250917,0.0
20250918,0.0
20250919,0.0
20250920,0.0
20250921,0.0
20250922,0.0
20250923,0.0
20250924,0.0
20250925,0.0
20250926,0.01
20250927,0.0
20250928,0.0
20250929,0.0
20250930,0.0
20251001,0.0
20251002,0.0
20251003,0.0
20251004,0.0
20251005,0.0
20251006,0.0
20251007,0.0
20251008,0.0
20251009,0.02
20251010,2.37
20251011,0.06
20251012,0.0
20251013,0.0
20251014,0.0
20251015,0.81
20251016,10.06
20251017,1.25
20251018,0.26
20251019,0.0
20251020,0.0
20251021,0.0
20251022,0.0
20251023,1.54
20251024,0.41
20251025,0.0
20251026,0.0
20251027,0.0
20251028,0.96
20251029,0.19
20251030,1.22
20251031,0.01
20251101,0.0
20251102,0.18
20251103,26.24
20251104,0.02
20251105,1.22
20251106,0.02
20251107,0.04
20251108,1.04
20251109,0.33
20251110,0.0
20251111,0.0
20251112,0.01
20251113,10.11
20251114,15.77
20251115,2.24
20251116,2.75
20251117,3.32
20251118,0.2
20251119,0.3
20251120,0.06
20251121,0.0
20251122,0.0
20251123,0.0
20251124,0.0
20251125,0.04
20251126,6.17
20251127,9.57
20251128,0.0
20251129,0.0
20251130,0.0
20251201,0.0
20251202,0.0
20251203,0.01
20251204,0.11
20251205,1.89
20251206,20.5
20251207,6.0
20251208,1.98
20251209,0.63
20251210,2.58
20251211,6.87
20251212,49.15
20251213,0.05
20251214,0.0
20251215,0.67
20251216,3.63
20251217,0.19
20251218,0.14
20251219,0.18
20251220,0.42
20251221,0.48
20251222,3.46
20251223,2.29
20251224,5.87
20251225,1.34
20251226,21.65
20251227,46.74
20251228,6.43
20251229,4.4
20251230,0.39
20251231,3.89
