date,value
20000101,20.67
20000102,20.71
20000103,24.45
20000104,24.88
20000105,21.87
20000106,20.71
20000107,21.89
20000108,22.69
20000109,23.19
20000110,23.08
20000111,22.5
20000112,22.82
20000113,23.64
20000114,23.09
20000115,22.7
20000116,22.15
20000117,21.97
20000118,22.98
20000119,22.01
20000120,22.89
20000121,23.4
20000122,22.18
20000123,22.5
20000124,22.42
20000125,23.25
20000126,23.0
20000127,22.39
20000128,19.87
20000129,21.02
20000130,21.31
20000131,22.95
20000201,23.66
20000202,23.89
20000203,24.63
20000204,24.07
20000205,24.6
20000206,24.57
20000207,26.33
20000208,26.25
20000209,24.82
20000210,25.75
20000211,23.54
20000212,23.06
20000213,20.67
20000214,20.92
20000215,20.95
20000216,20.69
20000217,19.99
20000218,19.01
20000219,17.23
20000220,19.25
20000221,19.4
20000222,21.27
20000223,21.17
20000224,21.86
20000225,22.13
20000226,21.22
20000227,19.8
20000228,18.67
20000229,16.48
20000301,17.93
20000302,18.5
20000303,20.35
20000304,21.17
20000305,21.84
20000306,21.48
20000307,22.33
20000308,22.32
20000309,21.42
20000310,21.54
20000311,21.64
20000312,21.77
20000313,21.83
20000314,22.14
20000315,20.75
20000316,18.92
20000317,18.83
20000318,20.06
20000319,21.4
20000320,21.2
20000321,21.21
20000322,19.31
20000323,19.78
20000324,18.95
20000325,18.82
20000326,19.59
20000327,19.62
20000328,19.35
20000329,19.73
20000330,20.65
20000331,21.55
20000401,20.83
20000402,20.61
20000403,20.4
20000404,19.51
20000405,16.56
20000406,16.67
20000407,16.84
20000408,17.94
20000409,18.69
20000410,19.56
20000411,18.76
20000412,19.0
20000413,19.87
20000414,19.17
20000415,18.57
20000416,19.91
20000417,19.89
20000418,19.55
20000419,17.43
20000420,17.58
20000421,16.37
20000422,16.07
20000423,17.72
20000424,18.06
20000425,18.69
20000426,18.99
20000427,18.59
20000428,18.49
20000429,19.0
20000430,18.1
20000501,17.3
20000502,16.82
20000503,15.66
20000504,15.12
20000505,14.28
20000506,16.3
20000507,17.15
20000508,17.73
20000509,15.75
20000510,14.17
20000511,14.2
20000512,13.18
20000513,13.81
20000514,13.54
20000515,13.85
20000516,14.97
20000517,14.91
20000518,15.08
20000519,15.55
20000520,14.18
20000521,14.48
20000522,15.86
20000523,16.87
20000524,16.5
20000525,13.97
20000526,13.0
20000527,12.75
20000528,12.53
20000529,12.28
20000530,13.5
20000531,14.47
20000601,15.57
20000602,14.37
20000603,12.98
20000604,12.2
20000605,11.49
20000606,10.87
20000607,10.64
20000608,11.38
20000609,12.33
20000610,11.95
20000611,12.85
20000612,13.03
20000613,14.04
20000614,14.07
20000615,12.77
20000616,13.82
20000617,13.72
20000618,12.82
20000619,12.57
20000620,13.88
20000621,13.82
20000622,11.41
20000623,9.04
20000624,12.97
20000625,13.83
20000626,13.13
20000627,12.63
20000628,12.39
20000629,12.03
20000630,11.35
20000701,11.46
20000702,10.5
20000703,10.16
20000704,9.84
20000705,9.99
20000706,10.57
20000707,10.9
20000708,10.91
20000709,10.69
20000710,10.93
20000711,11.54
20000712,13.51
20000713,13.99
20000714,10.49
20000715,8.91
20000716,11.06
20000717,12.55
20000718,12.55
20000719,13.05
20000720,10.91
20000721,12.71
20000722,13.57
20000723,13.74
20000724,14.0
20000725,14.39
20000726,14.06
20000727,13.08
20000728,13.31
20000729,12.79
20000730,13.38
20000731,13.71
20000801,13.63
20000802,13.11
20000803,13.78
20000804,14.03
20000805,15.03
20000806,15.97
20000807,15.61
20000808,15.57
20000809,15.21
20000810,14.81
20000811,14.05
20000812,13.06
20000813,13.73
20000814,13.75
20000815,13.12
20000816,13.11
20000817,14.39
20000818,15.03
20000819,16.28
20000820,15.76
20000821,17.77
20000822,18.92
20000823,19.03
20000824,19.06
20000825,17.59
20000826,17.44
20000827,17.9
20000828,17.42
20000829,16.87
20000830,17.67
20000831,18.72
20000901,19.05
20000902,19.48
20000903,16.42
20000904,17.76
20000905,18.48
20000906,20.55
20000907,21.09
20000908,21.0
20000909,21.68
20000910,21.08
20000911,19.85
20000912,21.3
20000913,20.4
20000914,14.59
20000915,14.6
20000916,7.36
20000917,12.77
20000918,14.44
20000919,15.76
20000920,18.4
20000921,19.84
20000922,21.08
20000923,20.91
20000924,21.44
20000925,21.26
20000926,20.63
20000927,22.44
20000928,22.34
20000929,22.9
20000930,23.51
20001001,23.59
20001002,24.04
20001003,24.09
20001004,23.51
20001005,23.78
20001006,23.22
20001007,23.79
20001008,22.43
20001009,22.75
20001010,23.19
20001011,25.09
20001012,24.87
20001013,24.04
20001014,23.73
20001015,24.28
20001016,25.39
20001017,26.04
20001018,25.13
20001019,24.6
20001020,25.18
20001021,25.04
20001022,24.52
20001023,22.67
20001024,21.37
20001025,21.19
20001026,21.68
20001027,23.42
20001028,24.49
20001029,23.93
20001030,23.19
20001031,23.61
20001101,22.35
20001102,20.66
20001103,18.24
20001104,20.05
20001105,22.46
20001106,23.21
20001107,23.93
20001108,25.5
20001109,26.09
20001110,24.81
20001111,23.27
20001112,21.14
20001113,21.85
20001114,23.77
20001115,24.59
20001116,22.36
20001117,17.91
20001118,18.58
20001119,19.59
20001120,21.79
20001121,22.3
20001122,24.42
20001123,24.87
20001124,23.49
20001125,24.48
20001126,23.86
20001127,22.06
20001128,23.66
20001129,25.81
20001130,24.88
20001201,24.05
20001202,25.07
20001203,25.91
20001204,25.31
20001205,25.42
20001206,25.8
20001207,21.41
20001208,22.99
20001209,22.28
20001210,21.53
20001211,21.52
20001212,24.49
20001213,25.65
20001214,26.3
20001215,25.96
20001216,26.28
20001217,25.7
20001218,25.05
20001219,25.62
20001220,26.9
20001221,26.77
20001222,27.84
20001223,27.66
20001224,26.75
20001225,25.01
20001226,23.84
20001227,23.59
20001228,23.9
20001229,25.38
20001230,25.07
20001231,25.07
20010101,24.21
20010102,22.85
20010103,24.12
20010104,25.8
20010105,26.82
20010106,27.46
20010107,28.0
20010108,28.46
20010109,27.79
20010110,27.3
20010111,25.89
20010112,22.37
20010113,23.46
20010114,23.13
20010115,24.84
20010116,25.67
20010117,25.95
20010118,25.52
20010119,24.65
20010120,24.33
20010121,25.88
20010122,25.49
20010123,22.51
20010124,23.63
20010125,25.13
20010126,22.95
20010127,23.4
20010128,23.15
20010129,22.81
20010130,22.6
20010131,23.06
20010201,23.28
20010202,21.88
20010203,20.98
20010204,23.37
20010205,24.82
20010206,24.34
20010207,25.26
20010208,26.04
20010209,26.19
20010210,24.88
20010211,23.11
20010212,22.43
20010213,20.97
20010214,23.15
20010215,25.3
20010216,23.95
20010217,23.78
20010218,21.48
20010219,19.88
20010220,20.45
20010221,23.68
20010222,23.98
20010223,25.11
20010224,22.98
20010225,20.55
20010226,21.52
20010227,23.19
20010228,23.16
20010301,21.11
20010302,21.18
20010303,22.58
20010304,23.57
20010305,24.85
20010306,25.01
20010307,25.19
20010308,24.51
20010309,23.16
20010310,22.76
20010311,22.83
20010312,22.43
20010313,22.04
20010314,22.74
20010315,22.61
20010316,22.19
20010317,22.89
20010318,22.94
20010319,22.28
20010320,21.89
20010321,20.21
20010322,21.07
20010323,20.07
20010324,19.7
20010325,20.28
20010326,22.72
20010327,23.26
20010328,22.93
20010329,23.52
20010330,23.98
20010331,19.89
20010401,20.63
20010402,21.99
20010403,21.15
20010404,21.06
20010405,19.77
20010406,18.57
20010407,18.32
20010408,18.26
20010409,18.57
20010410,18.81
20010411,19.87
20010412,20.73
20010413,20.95
20010414,21.05
20010415,19.53
20010416,18.18
20010417,19.27
20010418,19.07
20010419,19.36
20010420,19.31
20010421,20.07
20010422,19.52
20010423,19.24
20010424,18.61
20010425,18.66
20010426,17.67
20010427,15.25
20010428,17.18
20010429,16.87
20010430,16.04
20010501,16.08
20010502,17.21
20010503,17.39
20010504,14.66
20010505,12.88
20010506,14.31
20010507,16.6
20010508,14.93
20010509,14.67
20010510,14.56
20010511,14.56
20010512,13.85
20010513,12.95
20010514,13.02
20010515,13.33
20010516,12.61
20010517,12.63
20010518,12.71
20010519,13.06
20010520,14.29
20010521,15.24
20010522,16.34
20010523,15.99
20010524,15.37
20010525,14.77
20010526,15.59
20010527,15.28
20010528,15.71
20010529,15.18
20010530,14.97
20010531,15.78
20010601,15.87
20010602,15.53
20010603,16.22
20010604,15.04
20010605,13.94
20010606,13.58
20010607,13.9
20010608,13.62
20010609,13.34
20010610,12.52
20010611,12.13
20010612,12.35
20010613,11.89
20010614,11.31
20010615,11.65
20010616,12.5
20010617,12.99
20010618,13.75
20010619,12.81
20010620,11.95
20010621,11.31
20010622,11.59
20010623,9.84
20010624,9.33
20010625,10.38
20010626,10.36
20010627,11.98
20010628,10.21
20010629,8.33
20010630,11.41
20010701,11.61
20010702,12.92
20010703,12.61
20010704,9.74
20010705,8.83
20010706,10.76
20010707,14.37
20010708,13.54
20010709,12.78
20010710,15.4
20010711,13.7
20010712,14.04
20010713,13.68
20010714,13.77
20010715,13.39
20010716,13.1
20010717,11.4
20010718,8.07
20010719,7.15
20010720,8.82
20010721,7.75
20010722,9.28
20010723,9.38
20010724,8.87
20010725,9.07
20010726,10.03
20010727,10.28
20010728,11.16
20010729,12.03
20010730,11.93
20010731,12.61
20010801,13.01
20010802,13.0
20010803,13.31
20010804,14.89
20010805,15.91
20010806,15.48
20010807,13.67
20010808,13.21
20010809,13.19
20010810,13.51
20010811,14.3
20010812,15.31
20010813,15.36
20010814,14.88
20010815,15.52
20010816,14.56
20010817,13.98
20010818,13.53
20010819,13.82
20010820,13.84
20010821,13.85
20010822,14.15
20010823,15.61
20010824,14.36
20010825,15.74
20010826,15.95
20010827,17.06
20010828,17.89
20010829,10.5
20010830,8.15
20010831,9.22
20010901,14.17
20010902,16.61
20010903,18.56
20010904,19.08
20010905,19.03
20010906,20.71
20010907,22.14
20010908,22.85
20010909,22.39
20010910,22.39
20010911,18.05
20010912,12.38
20010913,8.35
20010914,12.96
20010915,17.47
20010916,18.95
20010917,14.44
20010918,14.79
20010919,12.95
20010920,13.56
20010921,15.99
20010922,17.19
20010923,18.52
20010924,20.17
20010925,19.61
20010926,20.62
20010927,17.43
20010928,21.98
20010929,23.76
20010930,24.54
20011001,24.09
20011002,23.84
20011003,23.28
20011004,22.39
20011005,21.91
20011006,21.94
20011007,23.2
20011008,25.07
20011009,24.46
20011010,24.24
20011011,24.17
20011012,24.77
20011013,25.24
20011014,25.1
20011015,24.11
20011016,24.16
20011017,23.57
20011018,20.68
20011019,19.4
20011020,21.35
20011021,23.53
20011022,23.58
20011023,22.68
20011024,22.23
20011025,16.8
20011026,18.27
20011027,19.72
20011028,19.05
20011029,19.27
20011030,17.32
20011031,19.48
20011101,22.65
20011102,24.12
20011103,22.82
20011104,20.67
20011105,22.63
20011106,23.6
20011107,24.33
20011108,24.66
20011109,23.43
20011110,24.22
20011111,24.94
20011112,23.48
20011113,21.01
20011114,20.75
20011115,22.75
20011116,24.39
20011117,24.4
20011118,23.16
20011119,19.53
20011120,20.88
20011121,23.14
20011122,24.77
20011123,25.76
20011124,21.78
20011125,22.34
20011126,23.13
20011127,24.53
20011128,21.94
20011129,23.35
20011130,24.23
20011201,22.45
20011202,20.84
20011203,21.01
20011204,19.8
20011205,21.52
20011206,24.81
20011207,26.01
20011208,23.5
20011209,21.79
20011210,22.39
20011211,22.58
20011212,23.8
20011213,24.08
20011214,24.51
20011215,24.43
20011216,24.79
20011217,26.04
20011218,27.13
20011219,26.96
20011220,26.44
20011221,26.32
20011222,23.86
20011223,22.47
20011224,21.17
20011225,20.41
20011226,22.16
20011227,24.86
20011228,26.92
20011229,27.71
20011230,27.82
20011231,28.45
20020101,28.65
20020102,28.48
20020103,28.73
20020104,28.43
20020105,27.06
20020106,23.78
20020107,24.16
20020108,24.83
20020109,25.8
20020110,25.71
20020111,23.67
20020112,23.65
20020113,25.69
20020114,26.52
20020115,26.15
20020116,22.6
20020117,21.52
20020118,22.19
20020119,23.64
20020120,25.0
20020121,25.76
20020122,26.89
20020123,26.74
20020124,26.81
20020125,25.08
20020126,21.43
20020127,20.71
20020128,20.57
20020129,21.7
20020130,22.45
20020131,23.99
20020201,25.56
20020202,26.35
20020203,27.16
20020204,26.99
20020205,26.45
20020206,25.26
20020207,25.12
20020208,24.29
20020209,23.39
20020210,22.47
20020211,22.86
20020212,22.48
20020213,22.06
20020214,21.28
20020215,21.39
20020216,22.44
20020217,22.25
20020218,22.97
20020219,20.09
20020220,20.32
20020221,19.91
20020222,22.27
20020223,24.21
20020224,23.89
20020225,24.0
20020226,24.39
20020227,22.54
20020228,22.23
20020301,20.62
20020302,20.66
20020303,23.42
20020304,24.96
20020305,23.01
20020306,22.38
20020307,23.46
20020308,21.4
20020309,19.01
20020310,19.71
20020311,18.73
20020312,20.15
20020313,20.32
20020314,21.03
20020315,21.47
20020316,22.14
20020317,21.54
20020318,21.44
20020319,22.18
20020320,22.65
20020321,22.71
20020322,22.36
20020323,23.49
20020324,22.66
20020325,21.41
20020326,21.81
20020327,21.97
20020328,20.66
20020329,22.4
20020330,23.05
20020331,23.06
20020401,21.8
20020402,22.11
20020403,22.63
20020404,21.36
20020405,21.45
20020406,21.97
20020407,21.75
20020408,22.13
20020409,20.33
20020410,19.29
20020411,20.12
20020412,19.91
20020413,19.2
20020414,20.1
20020415,18.78
20020416,20.26
20020417,19.89
20020418,19.71
20020419,20.41
20020420,21.32
20020421,21.47
20020422,20.7
20020423,16.6
20020424,19.48
20020425,20.92
20020426,20.98
20020427,19.73
20020428,19.1
20020429,19.13
20020430,19.25
20020501,18.37
20020502,18.07
20020503,17.89
20020504,18.64
20020505,17.24
20020506,13.85
20020507,15.07
20020508,15.91
20020509,16.4
20020510,15.9
20020511,15.16
20020512,14.81
20020513,15.35
20020514,16.2
20020515,16.08
20020516,15.36
20020517,14.85
20020518,14.63
20020519,14.77
20020520,15.94
20020521,14.56
20020522,11.19
20020523,13.19
20020524,15.98
20020525,16.09
20020526,16.92
20020527,17.31
20020528,16.1
20020529,14.9
20020530,10.84
20020531,10.08
20020601,9.97
20020602,11.28
20020603,13.33
20020604,13.56
20020605,13.31
20020606,12.96
20020607,12.84
20020608,13.52
20020609,14.14
20020610,12.39
20020611,12.99
20020612,6.57
20020613,7.72
20020614,10.79
20020615,12.18
20020616,13.81
20020617,13.04
20020618,13.02
20020619,12.49
20020620,11.94
20020621,11.87
20020622,13.43
20020623,13.72
20020624,10.3
20020625,7.88
20020626,10.55
20020627,10.47
20020628,9.72
20020629,11.82
20020630,12.84
20020701,13.24
20020702,12.86
20020703,11.75
20020704,12.14
20020705,12.48
20020706,12.9
20020707,13.16
20020708,12.78
20020709,11.71
20020710,12.35
20020711,13.45
20020712,14.06
20020713,14.46
20020714,14.92
20020715,14.89
20020716,12.22
20020717,10.92
20020718,9.26
20020719,9.4
20020720,11.1
20020721,13.35
20020722,14.35
20020723,14.51
20020724,15.58
20020725,17.36
20020726,16.37
20020727,14.78
20020728,16.97
20020729,15.66
20020730,15.07
20020731,13.99
20020801,15.17
20020802,15.73
20020803,16.56
20020804,14.36
20020805,14.78
20020806,15.16
20020807,14.97
20020808,14.95
20020809,14.35
20020810,13.81
20020811,13.94
20020812,13.39
20020813,12.72
20020814,8.63
20020815,7.19
20020816,8.93
20020817,9.07
20020818,10.87
20020819,16.2
20020820,18.33
20020821,19.45
20020822,19.32
20020823,18.22
20020824,17.18
20020825,17.74
20020826,18.49
20020827,17.8
20020828,16.97
20020829,14.97
20020830,13.48
20020831,16.16
20020901,18.85
20020902,19.73
20020903,19.66
20020904,18.23
20020905,15.66
20020906,17.39
20020907,19.14
20020908,17.11
20020909,11.71
20020910,10.38
20020911,15.0
20020912,17.11
20020913,17.69
20020914,17.78
20020915,18.06
20020916,17.9
20020917,17.78
20020918,17.89
20020919,19.35
20020920,19.95
20020921,20.32
20020922,20.75
20020923,20.75
20020924,20.97
20020925,19.32
20020926,19.76
20020927,18.31
20020928,20.11
20020929,19.6
20020930,20.88
20021001,19.91
20021002,19.91
20021003,16.15
20021004,20.01
20021005,21.69
20021006,20.86
20021007,20.41
20021008,21.07
20021009,23.85
20021010,22.99
20021011,24.25
20021012,23.88
20021013,23.77
20021014,23.82
20021015,24.74
20021016,25.32
20021017,25.07
20021018,25.41
20021019,25.06
20021020,25.92
20021021,25.9
20021022,24.81
20021023,23.86
20021024,24.38
20021025,24.32
20021026,23.53
20021027,20.7
20021028,21.46
20021029,21.85
20021030,23.1
20021031,24.67
20021101,23.21
20021102,21.13
20021103,19.78
20021104,18.31
20021105,17.18
20021106,16.7
20021107,20.39
20021108,21.75
20021109,23.32
20021110,22.75
20021111,22.95
20021112,22.78
20021113,23.34
20021114,24.0
20021115,25.0
20021116,25.92
20021117,25.5
20021118,25.75
20021119,25.19
20021120,25.96
20021121,26.14
20021122,26.67
20021123,26.03
20021124,25.1
20021125,25.95
20021126,24.58
20021127,22.5
20021128,20.94
20021129,23.1
20021130,24.4
20021201,22.27
20021202,19.93
20021203,22.98
20021204,23.42
20021205,23.16
20021206,24.38
20021207,24.8
20021208,25.49
20021209,26.03
20021210,25.47
20021211,23.33
20021212,20.98
20021213,21.94
20021214,23.04
20021215,23.08
20021216,21.92
20021217,22.28
20021218,24.29
20021219,26.29
20021220,24.85
20021221,23.52
20021222,25.0
20021223,24.88
20021224,25.59
20021225,26.07
20021226,27.4
20021227,25.86
20021228,23.99
20021229,24.58
20021230,26.88
20021231,26.22
20030101,26.54
20030102,27.75
20030103,27.8
20030104,28.21
20030105,28.5
20030106,22.7
20030107,23.11
20030108,22.19
20030109,22.47
20030110,25.2
20030111,26.43
20030112,26.05
20030113,26.63
20030114,28.08
20030115,28.53
20030116,27.41
20030117,27.07
20030118,26.65
20030119,26.15
20030120,25.76
20030121,26.85
20030122,26.45
20030123,26.21
20030124,24.78
20030125,24.82
20030126,26.24
20030127,27.06
20030128,26.71
20030129,26.72
20030130,26.62
20030131,26.26
20030201,23.44
20030202,23.71
20030203,23.52
20030204,23.1
20030205,25.54
20030206,28.1
20030207,26.93
20030208,24.69
20030209,27.3
20030210,26.61
20030211,24.06
20030212,26.15
20030213,23.63
20030214,22.55
20030215,22.11
20030216,23.18
20030217,23.96
20030218,24.28
20030219,24.17
20030220,24.7
20030221,24.56
20030222,25.14
20030223,24.27
20030224,24.02
20030225,23.81
20030226,25.36
20030227,25.24
20030228,25.3
20030301,26.03
20030302,25.09
20030303,24.12
20030304,26.2
20030305,25.26
20030306,25.86
20030307,26.64
20030308,26.59
20030309,26.22
20030310,26.85
20030311,26.65
20030312,25.7
20030313,24.66
20030314,24.37
20030315,25.31
20030316,25.67
20030317,25.91
20030318,23.48
20030319,22.97
20030320,23.04
20030321,23.33
20030322,22.37
20030323,19.55
20030324,16.08
20030325,17.35
20030326,20.04
20030327,21.94
20030328,22.44
20030329,23.05
20030330,23.12
20030331,23.9
20030401,24.49
20030402,25.14
20030403,24.14
20030404,24.75
20030405,24.22
20030406,23.25
20030407,23.99
20030408,24.14
20030409,24.65
20030410,24.24
20030411,24.09
20030412,21.44
20030413,16.62
20030414,16.59
20030415,15.04
20030416,15.69
20030417,18.76
20030418,18.84
20030419,20.0
20030420,20.18
20030421,19.69
20030422,17.72
20030423,17.37
20030424,19.57
20030425,19.5
20030426,19.77
20030427,19.03
20030428,18.7
20030429,19.3
20030430,19.06
20030501,19.23
20030502,18.79
20030503,18.63
20030504,16.62
20030505,16.44
20030506,16.83
20030507,17.22
20030508,17.48
20030509,17.09
20030510,15.96
20030511,12.27
20030512,14.71
20030513,15.53
20030514,15.84
20030515,16.35
20030516,16.4
20030517,16.32
20030518,15.64
20030519,14.91
20030520,16.32
20030521,16.86
20030522,16.96
20030523,16.47
20030524,16.3
20030525,16.88
20030526,17.05
20030527,16.22
20030528,17.17
20030529,16.46
20030530,16.06
20030531,15.38
20030601,15.76
20030602,15.89
20030603,15.86
20030604,14.41
20030605,14.39
20030606,14.81
20030607,14.42
20030608,13.98
20030609,11.86
20030610,9.5
20030611,10.44
20030612,13.24
20030613,15.31
20030614,13.87
20030615,12.43
20030616,12.15
20030617,12.01
20030618,11.78
20030619,11.82
20030620,11.42
20030621,11.48
20030622,11.92
20030623,11.94
20030624,11.1
20030625,11.28
20030626,10.56
20030627,10.77
20030628,10.58
20030629,10.37
20030630,10.45
20030701,11.17
20030702,12.11
20030703,12.47
20030704,13.2
20030705,12.62
20030706,12.34
20030707,12.11
20030708,11.08
20030709,11.46
20030710,12.09
20030711,12.61
20030712,13.59
20030713,12.52
20030714,11.59
20030715,12.08
20030716,12.76
20030717,12.89
20030718,13.73
20030719,15.42
20030720,14.05
20030721,13.95
20030722,14.01
20030723,13.94
20030724,14.03
20030725,14.18
20030726,14.05
20030727,14.26
20030728,14.14
20030729,15.26
20030730,16.43
20030731,15.48
20030801,16.37
20030802,13.72
20030803,15.64
20030804,15.29
20030805,16.09
20030806,14.7
20030807,14.96
20030808,14.9
20030809,13.14
20030810,12.26
20030811,6.45
20030812,8.82
20030813,9.0
20030814,13.12
20030815,15.52
20030816,17.51
20030817,16.6
20030818,13.3
20030819,8.75
20030820,6.82
20030821,10.95
20030822,15.02
20030823,15.98
20030824,14.04
20030825,14.77
20030826,13.4
20030827,16.04
20030828,16.81
20030829,18.41
20030830,18.25
20030831,18.47
20030901,17.99
20030902,18.51
20030903,18.6
20030904,14.82
20030905,14.03
20030906,17.42
20030907,17.88
20030908,18.51
20030909,14.0
20030910,15.98
20030911,18.65
20030912,19.03
20030913,18.45
20030914,20.03
20030915,21.04
20030916,15.31
20030917,17.66
20030918,18.58
20030919,18.74
20030920,18.31
20030921,16.39
20030922,18.05
20030923,19.39
20030924,21.98
20030925,22.81
20030926,22.92
20030927,21.0
20030928,21.57
20030929,21.69
20030930,22.41
20031001,23.14
20031002,23.93
20031003,24.18
20031004,24.32
20031005,24.66
20031006,25.1
20031007,24.82
20031008,25.51
20031009,24.52
20031010,23.89
20031011,24.66
20031012,24.71
20031013,23.51
20031014,23.68
20031015,24.22
20031016,23.12
20031017,19.66
20031018,19.7
20031019,17.81
20031020,17.87
20031021,20.86
20031022,22.23
20031023,22.43
20031024,22.71
20031025,22.34
20031026,23.54
20031027,25.63
20031028,25.22
20031029,20.79
20031030,19.37
20031031,22.36
20031101,23.27
20031102,25.46
20031103,25.86
20031104,24.65
20031105,21.94
20031106,20.66
20031107,23.94
20031108,25.49
20031109,23.15
20031110,24.28
20031111,25.95
20031112,27.19
20031113,26.9
20031114,22.86
20031115,23.64
20031116,26.54
20031117,26.83
20031118,23.81
20031119,21.02
20031120,20.71
20031121,19.16
20031122,21.41
20031123,23.49
20031124,25.53
20031125,26.66
20031126,25.04
20031127,22.94
20031128,22.59
20031129,23.91
20031130,24.09
20031201,25.54
20031202,27.41
20031203,26.91
20031204,27.99
20031205,27.25
20031206,26.85
20031207,26.41
20031208,24.79
20031209,23.38
20031210,24.22
20031211,23.99
20031212,23.92
20031213,25.61
20031214,26.66
20031215,27.53
20031216,27.21
20031217,27.16
20031218,28.81
20031219,27.35
20031220,26.21
20031221,26.64
20031222,27.63
20031223,26.37
20031224,24.23
20031225,23.08
20031226,22.25
20031227,24.37
20031228,25.42
20031229,26.03
20031230,25.78
20031231,25.85
20040101,27.63
20040102,26.28
20040103,25.93
20040104,23.58
20040105,21.15
20040106,22.26
20040107,23.72
20040108,24.83
20040109,25.75
20040110,26.09
20040111,26.49
20040112,23.23
20040113,20.89
20040114,22.47
20040115,22.42
20040116,22.19
20040117,20.51
20040118,21.36
20040119,22.89
20040120,23.44
20040121,24.11
20040122,24.11
20040123,23.52
20040124,23.41
20040125,23.51
20040126,23.8
20040127,24.31
20040128,24.24
20040129,22.35
20040130,23.25
20040131,23.37
20040201,26.14
20040202,25.78
20040203,25.61
20040204,24.93
20040205,25.07
20040206,24.62
20040207,25.46
20040208,25.51
20040209,24.93
20040210,25.17
20040211,20.16
20040212,21.15
20040213,21.6
20040214,22.22
20040215,23.51
20040216,24.87
20040217,25.23
20040218,25.48
20040219,24.93
20040220,22.47
20040221,19.38
20040222,20.53
20040223,20.88
20040224,21.68
20040225,22.22
20040226,23.02
20040227,23.0
20040228,22.89
20040229,22.82
20040301,23.38
20040302,22.91
20040303,23.48
20040304,23.82
20040305,23.79
20040306,24.75
20040307,23.91
20040308,21.16
20040309,22.84
20040310,23.75
20040311,23.9
20040312,23.81
20040313,22.78
20040314,22.57
20040315,22.26
20040316,22.32
20040317,22.82
20040318,23.1
20040319,24.2
20040320,23.89
20040321,23.93
20040322,22.47
20040323,21.66
20040324,21.35
20040325,22.55
20040326,23.35
20040327,24.12
20040328,23.73
20040329,22.9
20040330,22.2
20040331,21.68
20040401,19.73
20040402,20.05
20040403,20.21
20040404,19.09
20040405,20.04
20040406,20.32
20040407,21.71
20040408,21.56
20040409,21.7
20040410,21.0
20040411,19.52
20040412,19.34
20040413,19.21
20040414,18.37
20040415,18.78
20040416,17.67
20040417,16.89
20040418,19.16
20040419,17.58
20040420,18.54
20040421,19.64
20040422,20.29
20040423,20.21
20040424,21.22
20040425,21.31
20040426,20.76
20040427,18.52
20040428,17.42
20040429,16.73
20040430,16.76
20040501,16.69
20040502,16.32
20040503,16.26
20040504,16.21
20040505,16.53
20040506,16.67
20040507,16.6
20040508,16.42
20040509,16.1
20040510,16.04
20040511,16.24
20040512,16.85
20040513,17.7
20040514,17.39
20040515,16.52
20040516,16.67
20040517,16.01
20040518,16.29
20040519,16.71
20040520,15.77
20040521,14.99
20040522,14.82
20040523,13.76
20040524,13.53
20040525,13.41
20040526,13.12
20040527,12.94
20040528,14.27
20040529,14.21
20040530,14.19
20040531,14.04
20040601,14.14
20040602,14.14
20040603,14.07
20040604,13.07
20040605,12.86
20040606,12.34
20040607,7.18
20040608,7.15
20040609,8.09
20040610,8.7
20040611,10.61
20040612,11.71
20040613,13.63
20040614,13.34
20040615,13.11
20040616,13.31
20040617,12.79
20040618,13.4
20040619,12.35
20040620,12.43
20040621,11.72
20040622,11.98
20040623,12.28
20040624,12.1
20040625,11.47
20040626,12.64
20040627,12.91
20040628,12.51
20040629,14.06
20040630,14.37
20040701,15.12
20040702,14.9
20040703,16.73
20040704,16.04
20040705,13.09
20040706,12.44
20040707,12.3
20040708,11.36
20040709,12.75
20040710,13.15
20040711,12.44
20040712,12.05
20040713,12.12
20040714,10.05
20040715,9.15
20040716,9.48
20040717,11.04
20040718,11.16
20040719,12.33
20040720,12.24
20040721,13.33
20040722,13.58
20040723,13.35
20040724,15.02
20040725,10.53
20040726,7.15
20040727,6.79
20040728,9.65
20040729,11.76
20040730,12.07
20040731,9.07
20040801,11.1
20040802,13.13
20040803,14.72
20040804,16.29
20040805,16.36
20040806,15.0
20040807,15.59
20040808,15.78
20040809,17.29
20040810,18.61
20040811,17.95
20040812,16.97
20040813,16.61
20040814,15.14
20040815,12.29
20040816,11.55
20040817,14.27
20040818,16.64
20040819,16.54
20040820,16.78
20040821,16.28
20040822,18.87
20040823,18.56
20040824,19.1
20040825,17.75
20040826,16.7
20040827,17.45
20040828,18.28
20040829,19.02
20040830,20.73
20040831,19.57
20040901,19.62
20040902,18.3
20040903,16.63
20040904,17.44
20040905,17.81
20040906,16.31
20040907,17.05
20040908,17.39
20040909,18.4
20040910,19.17
20040911,19.35
20040912,19.85
20040913,20.79
20040914,20.72
20040915,21.5
20040916,20.23
20040917,19.64
20040918,15.75
20040919,14.57
20040920,18.41
20040921,20.59
20040922,21.95
20040923,20.05
20040924,16.98
20040925,12.02
20040926,15.36
20040927,18.22
20040928,19.94
20040929,20.91
20040930,21.75
20041001,22.47
20041002,21.66
20041003,21.14
20041004,22.06
20041005,22.35
20041006,20.57
20041007,17.75
20041008,16.61
20041009,18.61
20041010,19.27
20041011,19.85
20041012,19.39
20041013,20.14
20041014,22.25
20041015,23.26
20041016,20.35
20041017,22.23
20041018,21.97
20041019,20.71
20041020,19.27
20041021,19.02
20041022,19.88
20041023,23.33
20041024,24.85
20041025,24.39
20041026,24.03
20041027,22.44
20041028,22.8
20041029,24.1
20041030,23.57
20041031,24.86
20041101,25.33
20041102,24.83
20041103,24.22
20041104,25.32
20041105,24.77
20041106,25.43
20041107,24.01
20041108,23.7
20041109,25.92
20041110,26.1
20041111,23.98
20041112,19.93
20041113,19.2
20041114,18.99
20041115,20.91
20041116,21.03
20041117,19.65
20041118,22.28
20041119,24.74
20041120,23.57
20041121,21.51
20041122,18.92
20041123,19.57
20041124,21.71
20041125,24.25
20041126,26.44
20041127,23.45
20041128,23.78
20041129,23.66
20041130,23.51
20041201,22.95
20041202,23.29
20041203,24.08
20041204,22.87
20041205,22.88
20041206,21.63
20041207,21.02
20041208,22.59
20041209,24.58
20041210,25.41
20041211,26.79
20041212,26.36
20041213,24.76
20041214,23.81
20041215,23.56
20041216,24.98
20041217,24.25
20041218,24.87
20041219,24.85
20041220,25.22
20041221,24.09
20041222,23.2
20041223,22.47
20041224,22.76
20041225,21.25
20041226,23.19
20041227,23.97
20041228,25.56
20041229,24.64
20041230,26.05
20041231,26.14
20050101,25.29
20050102,25.17
20050103,25.0
20050104,24.95
20050105,25.44
20050106,24.89
20050107,22.7
20050108,23.3
20050109,25.94
20050110,25.9
20050111,20.92
20050112,20.24
20050113,20.51
20050114,22.25
20050115,22.68
20050116,23.83
20050117,23.31
20050118,23.85
20050119,23.6
20050120,23.38
20050121,23.61
20050122,23.11
20050123,23.22
20050124,23.38
20050125,24.49
20050126,25.19
20050127,24.85
20050128,24.07
20050129,23.95
20050130,24.66
20050131,23.24
20050201,24.86
20050202,25.69
20050203,22.81
20050204,24.84
20050205,25.6
20050206,25.32
20050207,24.29
20050208,24.23
20050209,23.0
20050210,24.67
20050211,24.38
20050212,24.57
20050213,23.68
20050214,22.82
20050215,23.79
20050216,23.94
20050217,22.51
20050218,20.96
20050219,21.6
20050220,21.79
20050221,22.73
20050222,22.52
20050223,21.85
20050224,21.49
20050225,21.2
20050226,22.46
20050227,24.33
20050228,24.16
20050301,24.12
20050302,25.92
20050303,25.14
20050304,25.0
20050305,23.98
20050306,21.16
20050307,21.43
20050308,20.35
20050309,22.07
20050310,23.44
20050311,23.57
20050312,24.2
20050313,21.85
20050314,19.89
20050315,20.96
20050316,21.27
20050317,20.47
20050318,20.84
20050319,21.56
20050320,19.88
20050321,20.27
20050322,20.19
20050323,20.46
20050324,19.06
20050325,18.49
20050326,17.52
20050327,17.44
20050328,18.2
20050329,19.26
20050330,20.49
20050331,20.97
20050401,20.58
20050402,19.53
20050403,20.43
20050404,20.9
20050405,19.17
20050406,19.37
20050407,20.07
20050408,19.92
20050409,20.93
20050410,19.06
20050411,19.28
20050412,18.72
20050413,20.27
20050414,21.34
20050415,20.64
20050416,20.49
20050417,21.04
20050418,19.52
20050419,17.6
20050420,17.39
20050421,19.54
20050422,20.31
20050423,18.38
20050424,16.83
20050425,16.67
20050426,16.67
20050427,17.76
20050428,18.33
20050429,18.15
20050430,17.58
20050501,17.48
20050502,16.7
20050503,16.28
20050504,15.56
20050505,17.22
20050506,17.84
20050507,17.85
20050508,18.09
20050509,18.84
20050510,18.57
20050511,17.24
20050512,16.98
20050513,16.1
20050514,12.1
20050515,13.03
20050516,16.6
20050517,17.39
20050518,18.5
20050519,18.95
20050520,17.4
20050521,14.98
20050522,15.54
20050523,16.48
20050524,17.32
20050525,15.82
20050526,15.64
20050527,15.11
20050528,14.89
20050529,14.13
20050530,16.68
20050531,16.14
20050601,16.98
20050602,17.36
20050603,15.71
20050604,16.59
20050605,15.63
20050606,14.12
20050607,13.6
20050608,15.39
20050609,15.42
20050610,14.7
20050611,14.65
20050612,13.54
20050613,13.47
20050614,14.47
20050615,14.44
20050616,15.36
20050617,17.26
20050618,15.61
20050619,15.35
20050620,14.23
20050621,15.0
20050622,13.49
20050623,11.74
20050624,11.56
20050625,12.51
20050626,13.26
20050627,14.05
20050628,14.12
20050629,14.98
20050630,15.11
20050701,14.37
20050702,13.19
20050703,12.36
20050704,12.34
20050705,12.5
20050706,12.06
20050707,11.49
20050708,11.18
20050709,10.63
20050710,10.94
20050711,10.63
20050712,11.34
20050713,11.79
20050714,13.26
20050715,13.85
20050716,13.73
20050717,14.06
20050718,13.11
20050719,13.96
20050720,15.51
20050721,15.42
20050722,15.19
20050723,15.16
20050724,14.78
20050725,15.63
20050726,15.09
20050727,14.18
20050728,13.65
20050729,14.12
20050730,14.15
20050731,14.43
20050801,14.52
20050802,13.62
20050803,14.34
20050804,15.62
20050805,15.71
20050806,16.04
20050807,15.19
20050808,12.29
20050809,8.92
20050810,13.45
20050811,15.58
20050812,14.9
20050813,17.66
20050814,16.08
20050815,14.26
20050816,14.01
20050817,12.42
20050818,12.48
20050819,16.86
20050820,20.28
20050821,18.35
20050822,16.59
20050823,18.07
20050824,19.47
20050825,19.9
20050826,17.81
20050827,15.92
20050828,19.31
20050829,19.73
20050830,20.09
20050831,18.66
20050901,16.57
20050902,18.65
20050903,20.13
20050904,15.75
20050905,16.75
20050906,18.71
20050907,21.3
20050908,21.63
20050909,22.25
20050910,21.29
20050911,20.28
20050912,19.61
20050913,19.73
20050914,20.48
20050915,20.59
20050916,20.61
20050917,20.39
20050918,20.83
20050919,20.9
20050920,20.52
20050921,21.35
20050922,21.73
20050923,21.96
20050924,21.85
20050925,19.82
20050926,14.59
20050927,12.02
20050928,15.27
20050929,18.84
20050930,18.82
20051001,20.18
20051002,20.54
20051003,21.63
20051004,21.62
20051005,20.76
20051006,22.88
20051007,22.97
20051008,22.63
20051009,24.54
20051010,24.93
20051011,23.82
20051012,24.59
20051013,24.71
20051014,25.01
20051015,24.61
20051016,20.29
20051017,19.29
20051018,21.67
20051019,22.15
20051020,23.44
20051021,24.19
20051022,25.57
20051023,26.54
20051024,26.06
20051025,24.69
20051026,25.0
20051027,23.81
20051028,21.58
20051029,21.71
20051030,19.63
20051031,20.96
20051101,23.55
20051102,23.88
20051103,21.46
20051104,18.9
20051105,17.93
20051106,18.48
20051107,19.89
20051108,22.14
20051109,24.13
20051110,21.05
20051111,20.72
20051112,19.87
20051113,21.17
20051114,23.74
20051115,25.43
20051116,25.04
20051117,25.26
20051118,25.59
20051119,25.26
20051120,25.23
20051121,24.24
20051122,24.1
20051123,24.44
20051124,21.73
20051125,22.49
20051126,22.79
20051127,23.14
20051128,21.43
20051129,22.58
20051130,22.11
20051201,22.25
20051202,23.93
20051203,24.35
20051204,22.49
20051205,23.3
20051206,23.4
20051207,23.97
20051208,24.07
20051209,23.59
20051210,23.33
20051211,24.0
20051212,25.85
20051213,25.3
20051214,25.19
20051215,24.19
20051216,24.22
20051217,23.22
20051218,23.61
20051219,22.21
20051220,19.0
20051221,20.2
20051222,22.34
20051223,24.33
20051224,26.05
20051225,25.3
20051226,25.18
20051227,25.71
20051228,25.8
20051229,24.75
20051230,24.06
20051231,23.79
20060101,23.92
20060102,23.28
20060103,23.47
20060104,23.26
20060105,22.55
20060106,21.26
20060107,18.42
20060108,20.71
20060109,21.42
20060110,21.25
20060111,22.31
20060112,22.35
20060113,22.22
20060114,22.16
20060115,20.55
20060116,21.49
20060117,20.73
20060118,21.34
20060119,21.87
20060120,21.38
20060121,20.47
20060122,20.07
20060123,21.31
20060124,20.85
20060125,19.87
20060126,21.08
20060127,20.08
20060128,19.93
20060129,21.01
20060130,21.47
20060131,21.59
20060201,20.55
20060202,20.32
20060203,20.76
20060204,20.06
20060205,20.04
20060206,19.91
20060207,19.67
20060208,20.04
20060209,20.76
20060210,20.11
20060211,21.61
20060212,21.22
20060213,20.63
20060214,21.0
20060215,21.02
20060216,20.56
20060217,20.61
20060218,20.68
20060219,20.51
20060220,19.99
20060221,19.8
20060222,20.29
20060223,19.13
20060224,18.8
20060225,18.02
20060226,18.53
20060227,18.62
20060228,18.81
20060301,18.45
20060302,19.36
20060303,18.87
20060304,17.87
20060305,17.48
20060306,17.25
20060307,17.43
20060308,17.76
20060309,18.77
20060310,19.43
20060311,20.73
20060312,19.17
20060313,17.93
20060314,17.89
20060315,19.64
20060316,19.29
20060317,19.18
20060318,17.5
20060319,17.93
20060320,18.91
20060321,18.59
20060322,19.35
20060323,19.09
20060324,18.96
20060325,18.74
20060326,19.57
20060327,19.02
20060328,18.96
20060329,18.48
20060330,18.1
20060331,18.09
20060401,18.87
20060402,17.98
20060403,17.56
20060404,17.57
20060405,17.19
20060406,18.09
20060407,18.46
20060408,18.94
20060409,18.77
20060410,18.47
20060411,18.52
20060412,19.22
20060413,17.79
20060414,17.65
20060415,19.22
20060416,17.82
20060417,16.83
20060418,18.1
20060419,16.47
20060420,16.09
20060421,14.07
20060422,10.45
20060423,10.34
20060424,13.37
20060425,14.7
20060426,16.39
20060427,15.53
20060428,15.41
20060429,15.04
20060430,14.57
20060501,14.72
20060502,14.05
20060503,14.28
20060504,15.44
20060505,14.4
20060506,14.74
20060507,15.07
20060508,15.52
20060509,14.78
20060510,13.22
20060511,13.28
20060512,13.29
20060513,13.24
20060514,13.56
20060515,14.62
20060516,13.73
20060517,13.13
20060518,12.32
20060519,10.72
20060520,8.58
20060521,4.86
20060522,5.95
20060523,8.09
20060524,8.49
20060525,9.41
20060526,12.02
20060527,14.1
20060528,14.69
20060529,13.12
20060530,13.08
20060531,12.65
20060601,13.18
20060602,12.71
20060603,11.69
20060604,11.36
20060605,10.74
20060606,10.06
20060607,10.39
20060608,10.39
20060609,9.91
20060610,11.14
20060611,11.07
20060612,8.76
20060613,11.11
20060614,13.32
20060615,12.25
20060616,13.23
20060617,13.87
20060618,14.55
20060619,12.37
20060620,11.44
20060621,11.18
20060622,11.88
20060623,9.38
20060624,8.87
20060625,10.8
20060626,11.4
20060627,10.79
20060628,10.59
20060629,9.27
20060630,9.14
20060701,9.14
20060702,10.79
20060703,11.5
20060704,11.13
20060705,11.65
20060706,13.84
20060707,14.44
20060708,12.95
20060709,12.05
20060710,11.51
20060711,11.51
20060712,11.54
20060713,11.23
20060714,12.29
20060715,13.55
20060716,13.52
20060717,13.94
20060718,15.05
20060719,14.94
20060720,13.74
20060721,11.56
20060722,10.54
20060723,11.07
20060724,12.73
20060725,13.91
20060726,15.08
20060727,15.37
20060728,12.52
20060729,11.0
20060730,11.17
20060731,11.02
20060801,6.02
20060802,6.52
20060803,9.87
20060804,11.96
20060805,12.61
20060806,12.92
20060807,13.62
20060808,14.63
20060809,13.54
20060810,13.61
20060811,14.2
20060812,15.39
20060813,15.05
20060814,13.36
20060815,7.26
20060816,9.44
20060817,12.01
20060818,13.12
20060819,15.27
20060820,15.42
20060821,12.74
20060822,9.37
20060823,11.79
20060824,12.24
20060825,14.01
20060826,15.43
20060827,16.23
20060828,16.75
20060829,17.84
20060830,15.56
20060831,17.26
20060901,16.78
20060902,16.96
20060903,17.15
20060904,16.96
20060905,16.75
20060906,17.25
20060907,18.71
20060908,17.64
20060909,17.93
20060910,18.93
20060911,19.95
20060912,20.56
20060913,21.02
20060914,21.91
20060915,21.53
20060916,20.35
20060917,16.13
20060918,14.81
20060919,17.24
20060920,18.85
20060921,19.51
20060922,19.65
20060923,20.63
20060924,20.36
20060925,19.92
20060926,20.04
20060927,21.41
20060928,22.75
20060929,21.71
20060930,21.0
20061001,20.29
20061002,16.61
20061003,13.82
20061004,17.48
20061005,21.3
20061006,22.85
20061007,19.9
20061008,19.78
20061009,20.58
20061010,21.64
20061011,22.49
20061012,22.12
20061013,21.32
20061014,22.41
20061015,21.21
20061016,22.1
20061017,21.99
20061018,23.12
20061019,24.6
20061020,23.06
20061021,23.76
20061022,24.75
20061023,25.2
20061024,25.53
20061025,24.83
20061026,24.19
20061027,25.3
20061028,24.53
20061029,22.2
20061030,22.08
20061031,22.55
20061101,20.39
20061102,17.56
20061103,17.53
20061104,20.86
20061105,22.47
20061106,22.82
20061107,22.99
20061108,22.56
20061109,22.89
20061110,24.54
20061111,25.02
20061112,23.24
20061113,21.27
20061114,22.87
20061115,23.6
20061116,24.49
20061117,24.9
20061118,25.34
20061119,25.53
20061120,25.03
20061121,24.09
20061122,22.73
20061123,23.82
20061124,25.17
20061125,26.9
20061126,26.58
20061127,24.94
20061128,26.11
20061129,27.5
20061130,25.97
20061201,26.22
20061202,25.95
20061203,24.36
20061204,23.55
20061205,25.77
20061206,26.75
20061207,25.98
20061208,26.41
20061209,24.04
20061210,23.49
20061211,26.34
20061212,27.02
20061213,27.4
20061214,27.21
20061215,27.43
20061216,27.67
20061217,27.54
20061218,27.3
20061219,26.67
20061220,26.13
20061221,23.68
20061222,23.38
20061223,21.63
20061224,23.22
20061225,24.38
20061226,23.64
20061227,23.63
20061228,22.96
20061229,21.36
20061230,21.01
20061231,20.43
20070101,21.2
20070102,22.32
20070103,23.83
20070104,25.21
20070105,25.32
20070106,25.42
20070107,24.68
20070108,24.69
20070109,25.13
20070110,26.33
20070111,25.78
20070112,26.74
20070113,26.09
20070114,25.2
20070115,24.14
20070116,22.75
20070117,23.06
20070118,23.55
20070119,25.75
20070120,26.49
20070121,26.87
20070122,26.11
20070123,26.47
20070124,24.75
20070125,23.0
20070126,22.36
20070127,23.98
20070128,25.46
20070129,24.72
20070130,25.18
20070131,25.56
20070201,24.64
20070202,26.12
20070203,26.75
20070204,26.47
20070205,26.22
20070206,26.25
20070207,25.31
20070208,25.08
20070209,24.69
20070210,20.17
20070211,19.6
20070212,21.88
20070213,21.56
20070214,21.47
20070215,22.95
20070216,23.32
20070217,24.17
20070218,23.42
20070219,25.33
20070220,25.59
20070221,26.43
20070222,26.1
20070223,26.26
20070224,25.33
20070225,25.11
20070226,25.2
20070227,23.88
20070228,24.26
20070301,24.74
20070302,25.01
20070303,23.27
20070304,21.46
20070305,22.28
20070306,23.59
20070307,23.89
20070308,24.31
20070309,23.87
20070310,23.33
20070311,23.52
20070312,24.72
20070313,26.03
20070314,26.6
20070315,24.94
20070316,22.7
20070317,23.83
20070318,23.07
20070319,23.18
20070320,22.78
20070321,20.89
20070322,21.09
20070323,20.37
20070324,21.74
20070325,21.67
20070326,23.47
20070327,23.05
20070328,22.85
20070329,22.65
20070330,22.25
20070331,22.72
20070401,22.16
20070402,21.64
20070403,21.97
20070404,22.3
20070405,22.41
20070406,23.3
20070407,22.7
20070408,22.64
20070409,22.34
20070410,22.22
20070411,21.54
20070412,20.92
20070413,19.9
20070414,20.05
20070415,19.6
20070416,19.72
20070417,20.0
20070418,20.02
20070419,19.64
20070420,18.96
20070421,17.88
20070422,21.13
20070423,21.92
20070424,21.95
20070425,19.92
20070426,19.57
20070427,14.51
20070428,13.05
20070429,14.83
20070430,16.86
20070501,16.82
20070502,18.23
20070503,17.48
20070504,17.37
20070505,17.24
20070506,16.39
20070507,14.71
20070508,14.76
20070509,14.7
20070510,15.44
20070511,16.15
20070512,17.39
20070513,18.09
20070514,16.55
20070515,17.08
20070516,17.89
20070517,18.38
20070518,18.15
20070519,16.72
20070520,11.97
20070521,9.28
20070522,9.04
20070523,10.81
20070524,13.84
20070525,15.56
20070526,15.28
20070527,13.79
20070528,12.88
20070529,13.8
20070530,13.97
20070531,14.51
20070601,14.8
20070602,14.7
20070603,14.9
20070604,11.05
20070605,7.05
20070606,8.24
20070607,10.03
20070608,9.79
20070609,10.13
20070610,10.78
20070611,12.81
20070612,14.18
20070613,14.99
20070614,14.19
20070615,13.1
20070616,12.46
20070617,12.14
20070618,12.04
20070619,11.7
20070620,12.17
20070621,11.56
20070622,11.42
20070623,11.83
20070624,12.71
20070625,12.37
20070626,8.7
20070627,9.28
20070628,10.35
20070629,11.23
20070630,11.5
20070701,8.77
20070702,8.81
20070703,9.86
20070704,10.01
20070705,9.33
20070706,9.54
20070707,11.27
20070708,11.68
20070709,11.34
20070710,10.35
20070711,12.63
20070712,13.18
20070713,12.79
20070714,12.48
20070715,12.34
20070716,12.73
20070717,13.56
20070718,13.23
20070719,13.27
20070720,14.17
20070721,15.05
20070722,13.93
20070723,13.64
20070724,13.2
20070725,13.21
20070726,12.72
20070727,12.25
20070728,11.65
20070729,14.82
20070730,13.67
20070731,13.4
20070801,13.17
20070802,13.78
20070803,15.44
20070804,14.78
20070805,14.63
20070806,13.75
20070807,9.12
20070808,11.05
20070809,13.41
20070810,14.13
20070811,14.94
20070812,15.16
20070813,14.82
20070814,13.93
20070815,11.94
20070816,11.79
20070817,14.17
20070818,15.15
20070819,16.18
20070820,16.57
20070821,16.95
20070822,16.97
20070823,15.9
20070824,10.43
20070825,14.3
20070826,15.42
20070827,17.44
20070828,19.0
20070829,19.3
20070830,18.77
20070831,18.96
20070901,20.69
20070902,20.77
20070903,21.05
20070904,21.04
20070905,20.21
20070906,19.77
20070907,19.14
20070908,18.68
20070909,19.61
20070910,21.86
20070911,20.34
20070912,21.67
20070913,22.1
20070914,22.08
20070915,20.85
20070916,20.43
20070917,21.79
20070918,22.14
20070919,21.91
20070920,21.68
20070921,22.38
20070922,22.33
20070923,20.7
20070924,20.54
20070925,21.53
20070926,18.54
20070927,15.81
20070928,17.43
20070929,20.06
20070930,21.24
20071001,20.76
20071002,19.71
20071003,18.05
20071004,18.69
20071005,17.57
20071006,15.51
20071007,14.76
20071008,12.06
20071009,11.65
20071010,17.41
20071011,20.45
20071012,22.14
20071013,23.52
20071014,22.89
20071015,24.76
20071016,25.78
20071017,24.59
20071018,24.62
20071019,24.57
20071020,24.21
20071021,23.71
20071022,22.85
20071023,22.34
20071024,22.12
20071025,22.8
20071026,20.39
20071027,20.95
20071028,21.9
20071029,21.91
20071030,20.52
20071031,22.08
20071101,24.41
20071102,23.43
20071103,21.31
20071104,19.92
20071105,19.43
20071106,15.87
20071107,16.91
20071108,19.58
20071109,21.3
20071110,22.31
20071111,23.63
20071112,25.02
20071113,25.69
20071114,25.0
20071115,25.53
20071116,25.2
20071117,26.29
20071118,24.41
20071119,22.94
20071120,22.72
20071121,22.16
20071122,19.34
20071123,18.67
20071124,20.12
20071125,21.33
20071126,21.52
20071127,21.64
20071128,23.38
20071129,23.22
20071130,23.13
20071201,24.81
20071202,24.11
20071203,21.89
20071204,22.61
20071205,22.34
20071206,22.52
20071207,22.94
20071208,22.74
20071209,22.8
20071210,23.09
20071211,22.58
20071212,24.02
20071213,25.53
20071214,25.14
20071215,23.0
20071216,20.77
20071217,20.54
20071218,22.99
20071219,23.62
20071220,23.62
20071221,25.17
20071222,25.13
20071223,22.77
20071224,21.88
20071225,20.61
20071226,21.39
20071227,24.31
20071228,25.48
20071229,26.58
20071230,26.18
20071231,24.74
20080101,25.24
20080102,25.95
20080103,25.77
20080104,25.15
20080105,22.41
20080106,22.91
20080107,23.93
20080108,24.83
20080109,24.68
20080110,24.51
20080111,25.09
20080112,20.2
20080113,22.07
20080114,22.75
20080115,23.23
20080116,24.62
20080117,25.46
20080118,23.08
20080119,22.62
20080120,22.04
20080121,22.6
20080122,24.47
20080123,24.98
20080124,25.15
20080125,25.38
20080126,22.22
20080127,22.83
20080128,23.41
20080129,24.33
20080130,24.74
20080131,24.84
20080201,24.53
20080202,23.84
20080203,24.01
20080204,24.38
20080205,23.91
20080206,22.68
20080207,21.44
20080208,18.46
20080209,18.37
20080210,19.28
20080211,20.15
20080212,20.64
20080213,19.17
20080214,20.21
20080215,21.38
20080216,22.78
20080217,22.1
20080218,22.64
20080219,22.02
20080220,22.7
20080221,22.32
20080222,21.9
20080223,20.27
20080224,20.66
20080225,20.07
20080226,21.06
20080227,21.12
20080228,21.34
20080229,19.12
20080301,19.22
20080302,18.53
20080303,19.93
20080304,20.37
20080305,20.57
20080306,20.89
20080307,20.38
20080308,20.31
20080309,20.21
20080310,19.25
20080311,19.49
20080312,18.16
20080313,17.89
20080314,18.97
20080315,18.96
20080316,19.25
20080317,18.97
20080318,19.61
20080319,19.6
20080320,20.26
20080321,19.98
20080322,20.35
20080323,20.24
20080324,20.35
20080325,20.31
20080326,18.83
20080327,18.39
20080328,17.82
20080329,18.67
20080330,19.05
20080331,19.55
20080401,19.06
20080402,19.29
20080403,19.18
20080404,19.47
20080405,18.25
20080406,18.14
20080407,18.09
20080408,19.25
20080409,19.92
20080410,19.28
20080411,17.64
20080412,18.32
20080413,18.37
20080414,17.65
20080415,17.61
20080416,18.5
20080417,18.08
20080418,17.52
20080419,16.45
20080420,14.02
20080421,12.74
20080422,14.13
20080423,14.58
20080424,15.5
20080425,16.37
20080426,17.06
20080427,18.38
20080428,18.4
20080429,17.74
20080430,17.22
20080501,16.57
20080502,15.24
20080503,11.19
20080504,12.71
20080505,13.56
20080506,16.26
20080507,18.14
20080508,18.24
20080509,18.18
20080510,18.42
20080511,18.73
20080512,19.38
20080513,18.59
20080514,17.04
20080515,16.15
20080516,15.71
20080517,16.35
20080518,16.24
20080519,15.08
20080520,14.09
20080521,15.57
20080522,15.35
20080523,14.9
20080524,13.28
20080525,14.01
20080526,15.46
20080527,14.78
20080528,15.17
20080529,15.11
20080530,13.91
20080531,14.85
20080601,13.99
20080602,12.94
20080603,12.3
20080604,12.19
20080605,13.24
20080606,14.23
20080607,14.53
20080608,13.12
20080609,12.02
20080610,12.1
20080611,11.51
20080612,12.28
20080613,12.59
20080614,12.53
20080615,12.17
20080616,12.08
20080617,12.34
20080618,10.07
20080619,11.58
20080620,11.52
20080621,12.62
20080622,13.0
20080623,13.68
20080624,13.21
20080625,12.73
20080626,12.03
20080627,11.94
20080628,11.95
20080629,11.93
20080630,10.87
20080701,10.96
20080702,11.32
20080703,8.82
20080704,5.63
20080705,5.77
20080706,8.6
20080707,11.18
20080708,10.26
20080709,9.26
20080710,11.11
20080711,13.71
20080712,13.92
20080713,13.93
20080714,14.67
20080715,13.59
20080716,12.87
20080717,12.03
20080718,12.77
20080719,12.12
20080720,12.22
20080721,12.61
20080722,12.79
20080723,12.18
20080724,12.32
20080725,13.68
20080726,13.91
20080727,14.43
20080728,13.49
20080729,13.2
20080730,13.48
20080731,14.62
20080801,15.18
20080802,14.29
20080803,14.69
20080804,14.17
20080805,13.99
20080806,14.16
20080807,14.18
20080808,14.92
20080809,13.93
20080810,14.05
20080811,13.81
20080812,14.46
20080813,14.55
20080814,16.07
20080815,13.53
20080816,12.65
20080817,16.44
20080818,17.94
20080819,18.4
20080820,19.05
20080821,18.28
20080822,18.57
20080823,18.5
20080824,17.25
20080825,17.32
20080826,17.48
20080827,16.84
20080828,16.45
20080829,17.3
20080830,13.55
20080831,12.05
20080901,14.13
20080902,17.39
20080903,19.76
20080904,18.78
20080905,20.61
20080906,20.53
20080907,21.39
20080908,20.53
20080909,19.56
20080910,18.96
20080911,18.31
20080912,19.96
20080913,20.15
20080914,20.23
20080915,19.28
20080916,19.08
20080917,19.35
20080918,19.87
20080919,17.5
20080920,19.16
20080921,19.81
20080922,19.84
20080923,18.84
20080924,19.31
20080925,18.75
20080926,18.68
20080927,20.05
20080928,21.47
20080929,22.42
20080930,20.43
20081001,21.45
20081002,19.49
20081003,20.57
20081004,22.07
20081005,23.88
20081006,23.8
20081007,23.75
20081008,23.25
20081009,20.97
20081010,22.23
20081011,24.3
20081012,24.53
20081013,24.36
20081014,24.2
20081015,25.47
20081016,25.28
20081017,24.79
20081018,24.59
20081019,24.09
20081020,23.12
20081021,22.2
20081022,22.79
20081023,23.88
20081024,24.25
20081025,24.23
20081026,24.5
20081027,23.21
20081028,23.46
20081029,23.39
20081030,24.43
20081031,23.95
20081101,23.85
20081102,22.6
20081103,21.94
20081104,24.02
20081105,24.72
20081106,24.51
20081107,22.25
20081108,22.01
20081109,21.3
20081110,21.66
20081111,20.61
20081112,18.55
20081113,17.58
20081114,20.12
20081115,22.89
20081116,24.21
20081117,24.87
20081118,24.56
20081119,24.45
20081120,23.35
20081121,24.49
20081122,25.39
20081123,25.49
20081124,24.92
20081125,22.87
20081126,24.47
20081127,22.94
20081128,21.42
20081129,21.5
20081130,24.01
20081201,24.49
20081202,22.73
20081203,22.82
20081204,22.89
20081205,24.09
20081206,24.21
20081207,22.87
20081208,23.71
20081209,24.66
20081210,24.81
20081211,23.44
20081212,21.67
20081213,20.93
20081214,22.06
20081215,22.76
20081216,23.87
20081217,23.65
20081218,23.82
20081219,24.61
20081220,25.09
20081221,26.1
20081222,26.3
20081223,24.71
20081224,23.59
20081225,24.52
20081226,24.44
20081227,23.62
20081228,20.34
20081229,18.5
20081230,19.63
20081231,21.61
20090101,20.37
20090102,21.81
20090103,22.23
20090104,23.23
20090105,24.34
20090106,24.54
20090107,24.51
20090108,23.81
20090109,25.28
20090110,24.7
20090111,22.48
20090112,22.75
20090113,24.41
20090114,26.26
20090115,27.59
20090116,24.34
20090117,23.68
20090118,26.13
20090119,26.59
20090120,25.88
20090121,24.78
20090122,23.9
20090123,20.65
20090124,21.45
20090125,22.8
20090126,23.38
20090127,22.15
20090128,23.73
20090129,24.69
20090130,25.53
20090131,25.21
20090201,24.89
20090202,22.71
20090203,22.47
20090204,22.59
20090205,21.61
20090206,21.2
20090207,22.64
20090208,20.44
20090209,21.53
20090210,21.16
20090211,21.31
20090212,21.59
20090213,20.11
20090214,20.17
20090215,19.05
20090216,20.91
20090217,20.41
20090218,20.65
20090219,19.84
20090220,19.76
20090221,19.63
20090222,19.46
20090223,19.26
20090224,19.97
20090225,20.64
20090226,20.64
20090227,19.91
20090228,20.83
20090301,20.86
20090302,19.07
20090303,18.67
20090304,18.66
20090305,18.55
20090306,18.26
20090307,18.07
20090308,18.32
20090309,18.71
20090310,18.49
20090311,18.99
20090312,18.62
20090313,19.03
20090314,19.96
20090315,20.63
20090316,20.57
20090317,19.99
20090318,19.47
20090319,17.0
20090320,17.33
20090321,18.86
20090322,18.7
20090323,18.79
20090324,19.47
20090325,18.92
20090326,18.47
20090327,18.56
20090328,18.92
20090329,19.36
20090330,19.1
20090331,19.68
20090401,20.46
20090402,20.62
20090403,19.92
20090404,19.19
20090405,19.22
20090406,19.31
20090407,18.88
20090408,19.41
20090409,18.83
20090410,19.4
20090411,19.38
20090412,18.22
20090413,18.32
20090414,18.97
20090415,19.52
20090416,19.5
20090417,18.32
20090418,18.04
20090419,19.49
20090420,19.44
20090421,19.15
20090422,18.69
20090423,16.91
20090424,16.72
20090425,17.99
20090426,18.38
20090427,18.55
20090428,19.04
20090429,18.56
20090430,18.61
20090501,18.26
20090502,16.32
20090503,15.86
20090504,16.65
20090505,17.95
20090506,18.23
20090507,16.19
20090508,16.46
20090509,16.66
20090510,17.8
20090511,16.38
20090512,16.84
20090513,17.34
20090514,15.64
20090515,16.09
20090516,14.14
20090517,13.84
20090518,15.0
20090519,16.49
20090520,16.06
20090521,15.64
20090522,15.53
20090523,15.2
20090524,14.69
20090525,15.94
20090526,14.56
20090527,14.4
20090528,14.55
20090529,14.9
20090530,15.3
20090531,15.77
20090601,15.73
20090602,15.27
20090603,15.86
20090604,16.51
20090605,15.47
20090606,15.46
20090607,13.36
20090608,10.27
20090609,10.19
20090610,12.38
20090611,12.24
20090612,13.11
20090613,12.22
20090614,15.48
20090615,15.61
20090616,14.57
20090617,15.46
20090618,15.25
20090619,15.69
20090620,15.32
20090621,13.86
20090622,10.31
20090623,7.4
20090624,9.8
20090625,11.52
20090626,10.64
20090627,9.98
20090628,9.97
20090629,10.05
20090630,10.32
20090701,10.82
20090702,10.3
20090703,10.27
20090704,10.6
20090705,10.51
20090706,10.88
20090707,11.03
20090708,10.73
20090709,10.7
20090710,11.32
20090711,8.5
20090712,10.01
20090713,9.5
20090714,7.21
20090715,9.84
20090716,10.47
20090717,10.61
20090718,11.9
20090719,12.4
20090720,12.45
20090721,12.88
20090722,12.64
20090723,11.03
20090724,9.11
20090725,7.68
20090726,9.16
20090727,10.69
20090728,11.84
20090729,12.92
20090730,12.41
20090731,9.26
20090801,9.57
20090802,11.01
20090803,12.81
20090804,13.79
20090805,15.14
20090806,14.76
20090807,15.56
20090808,16.21
20090809,16.59
20090810,16.09
20090811,15.76
20090812,15.82
20090813,15.32
20090814,16.04
20090815,16.29
20090816,16.46
20090817,16.6
20090818,14.3
20090819,11.48
20090820,12.46
20090821,15.64
20090822,16.74
20090823,17.87
20090824,17.23
20090825,17.05
20090826,17.58
20090827,18.29
20090828,17.71
20090829,17.92
20090830,18.14
20090831,17.94
20090901,18.82
20090902,19.5
20090903,19.1
20090904,19.86
20090905,19.11
20090906,19.01
20090907,18.48
20090908,18.19
20090909,17.62
20090910,19.86
20090911,20.63
20090912,21.65
20090913,22.32
20090914,21.96
20090915,21.75
20090916,21.17
20090917,19.23
20090918,15.61
20090919,18.16
20090920,19.85
20090921,21.98
20090922,21.91
20090923,21.82
20090924,21.59
20090925,19.83
20090926,20.29
20090927,22.54
20090928,22.64
20090929,23.32
20090930,19.63
20091001,21.17
20091002,18.17
20091003,18.31
20091004,17.67
20091005,18.76
20091006,20.98
20091007,21.02
20091008,22.0
20091009,22.09
20091010,20.69
20091011,20.01
20091012,19.09
20091013,20.93
20091014,23.73
20091015,20.7
20091016,21.73
20091017,23.14
20091018,24.06
20091019,23.56
20091020,23.22
20091021,21.16
20091022,23.09
20091023,23.96
20091024,24.88
20091025,24.55
20091026,23.92
20091027,23.94
20091028,23.34
20091029,23.31
20091030,24.33
20091031,24.14
20091101,23.04
20091102,23.54
20091103,24.41
20091104,23.08
20091105,20.78
20091106,20.58
20091107,18.87
20091108,15.36
20091109,16.35
20091110,19.54
20091111,21.15
20091112,20.93
20091113,21.95
20091114,24.31
20091115,26.16
20091116,26.26
20091117,24.08
20091118,21.05
20091119,20.81
20091120,21.97
20091121,22.59
20091122,23.34
20091123,24.29
20091124,25.48
20091125,24.9
20091126,24.93
20091127,24.33
20091128,23.39
20091129,21.14
20091130,23.32
20091201,22.95
20091202,21.99
20091203,22.82
20091204,24.38
20091205,25.52
20091206,22.93
20091207,23.32
20091208,23.68
20091209,23.43
20091210,23.58
20091211,24.4
20091212,25.81
20091213,27.09
20091214,27.69
20091215,26.98
20091216,26.81
20091217,27.15
20091218,27.38
20091219,27.1
20091220,27.78
20091221,28.38
20091222,26.98
20091223,24.86
20091224,25.39
20091225,25.57
20091226,25.26
20091227,24.79
20091228,24.52
20091229,24.17
20091230,23.82
20091231,21.72
20100101,21.66
20100102,20.17
20100103,20.45
20100104,21.2
20100105,22.73
20100106,24.51
20100107,24.17
20100108,24.35
20100109,22.14
20100110,21.9
20100111,22.45
20100112,23.22
20100113,23.71
20100114,22.72
20100115,22.71
20100116,23.05
20100117,21.56
20100118,20.76
20100119,20.66
20100120,21.39
20100121,20.39
20100122,21.02
20100123,20.97
20100124,20.68
20100125,20.71
20100126,20.48
20100127,21.22
20100128,22.45
20100129,22.78
20100130,22.06
20100131,20.96
20100201,20.52
20100202,21.59
20100203,20.1
20100204,20.59
20100205,22.55
20100206,23.37
20100207,23.2
20100208,22.05
20100209,23.74
20100210,22.69
20100211,24.19
20100212,24.23
20100213,23.78
20100214,24.37
20100215,23.6
20100216,21.76
20100217,20.9
20100218,23.53
20100219,24.32
20100220,23.75
20100221,22.83
20100222,23.13
20100223,23.46
20100224,23.72
20100225,23.68
20100226,24.42
20100227,22.75
20100228,20.72
20100301,22.01
20100302,22.54
20100303,23.94
20100304,23.4
20100305,22.78
20100306,22.65
20100307,22.41
20100308,22.29
20100309,22.47
20100310,21.09
20100311,22.4
20100312,24.29
20100313,25.26
20100314,24.68
20100315,24.62
20100316,23.33
20100317,23.18
20100318,23.03
20100319,23.39
20100320,24.19
20100321,24.75
20100322,24.09
20100323,20.51
20100324,21.16
20100325,21.39
20100326,19.86
20100327,21.4
20100328,22.79
20100329,19.37
20100330,20.97
20100331,21.21
20100401,21.57
20100402,22.4
20100403,21.31
20100404,21.75
20100405,20.06
20100406,20.32
20100407,20.97
20100408,21.09
20100409,21.48
20100410,21.65
20100411,21.4
20100412,20.91
20100413,21.2
20100414,20.25
20100415,19.91
20100416,21.24
20100417,21.06
20100418,19.33
20100419,16.27
20100420,14.27
20100421,16.22
20100422,18.65
20100423,17.85
20100424,18.12
20100425,17.39
20100426,17.01
20100427,18.0
20100428,19.56
20100429,20.32
20100430,20.46
20100501,20.47
20100502,18.65
20100503,17.52
20100504,14.55
20100505,15.42
20100506,16.86
20100507,17.18
20100508,18.53
20100509,17.55
20100510,15.87
20100511,15.57
20100512,17.17
20100513,17.88
20100514,18.68
20100515,17.9
20100516,16.99
20100517,16.86
20100518,15.34
20100519,14.72
20100520,14.03
20100521,14.36
20100522,14.85
20100523,15.56
20100524,16.2
20100525,15.48
20100526,15.64
20100527,14.87
20100528,13.47
20100529,15.07
20100530,17.05
20100531,16.27
20100601,15.94
20100602,14.67
20100603,14.84
20100604,15.46
20100605,15.32
20100606,15.53
20100607,14.58
20100608,14.5
20100609,13.54
20100610,13.98
20100611,13.46
20100612,13.87
20100613,13.27
20100614,11.89
20100615,6.35
20100616,5.94
20100617,6.6
20100618,8.53
20100619,11.35
20100620,11.75
20100621,12.51
20100622,12.36
20100623,12.48
20100624,12.28
20100625,11.64
20100626,13.21
20100627,13.15
20100628,12.8
20100629,13.07
20100630,12.76
20100701,12.7
20100702,12.79
20100703,13.28
20100704,13.48
20100705,13.28
20100706,12.86
20100707,13.06
20100708,13.46
20100709,12.94
20100710,11.96
20100711,10.37
20100712,7.85
20100713,10.19
20100714,10.02
20100715,8.23
20100716,10.04
20100717,9.78
20100718,9.93
20100719,12.0
20100720,12.07
20100721,11.7
20100722,11.28
20100723,12.95
20100724,13.31
20100725,13.83
20100726,14.93
20100727,14.61
20100728,13.8
20100729,13.1
20100730,13.66
20100731,13.83
20100801,14.46
20100802,14.8
20100803,14.54
20100804,14.55
20100805,15.57
20100806,16.64
20100807,16.81
20100808,16.72
20100809,12.36
20100810,9.58
20100811,12.03
20100812,13.09
20100813,12.61
20100814,12.87
20100815,14.11
20100816,14.76
20100817,15.64
20100818,16.64
20100819,16.74
20100820,17.77
20100821,17.07
20100822,16.02
20100823,15.21
20100824,17.17
20100825,16.96
20100826,18.65
20100827,18.41
20100828,18.06
20100829,18.75
20100830,18.53
20100831,18.06
20100901,18.74
20100902,19.27
20100903,19.64
20100904,20.59
20100905,20.94
20100906,21.16
20100907,21.57
20100908,19.58
20100909,18.17
20100910,18.67
20100911,20.54
20100912,20.4
20100913,20.12
20100914,20.76
20100915,21.32
20100916,22.39
20100917,22.59
20100918,21.9
20100919,19.52
20100920,13.23
20100921,12.9
20100922,18.17
20100923,19.94
20100924,22.24
20100925,22.16
20100926,21.29
20100927,19.32
20100928,22.25
20100929,21.61
20100930,22.76
20101001,22.35
20101002,23.18
20101003,23.04
20101004,24.43
20101005,24.44
20101006,24.94
20101007,24.09
20101008,24.07
20101009,24.41
20101010,22.16
20101011,21.2
20101012,22.09
20101013,19.71
20101014,16.25
20101015,16.55
20101016,19.78
20101017,21.36
20101018,23.24
20101019,23.14
20101020,24.31
20101021,24.17
20101022,20.39
20101023,19.85
20101024,17.86
20101025,19.18
20101026,22.14
20101027,22.34
20101028,21.48
20101029,24.36
20101030,25.3
20101031,25.39
20101101,25.39
20101102,24.09
20101103,22.55
20101104,20.27
20101105,20.39
20101106,21.97
20101107,24.52
20101108,22.54
20101109,18.44
20101110,19.96
20101111,22.65
20101112,23.51
20101113,24.68
20101114,19.85
20101115,18.73
20101116,19.19
20101117,20.48
20101118,19.82
20101119,21.02
20101120,22.17
20101121,21.68
20101122,22.36
20101123,23.14
20101124,23.96
20101125,22.93
20101126,23.23
20101127,23.71
20101128,23.65
20101129,23.93
20101130,25.41
20101201,23.01
20101202,21.39
20101203,21.72
20101204,22.26
20101205,23.66
20101206,23.67
20101207,24.71
20101208,24.7
20101209,25.17
20101210,26.03
20101211,25.68
20101212,23.89
20101213,24.44
20101214,20.04
20101215,19.06
20101216,17.4
20101217,19.17
20101218,21.08
20101219,22.55
20101220,24.02
20101221,24.41
20101222,23.6
20101223,23.2
20101224,23.81
20101225,24.68
20101226,26.21
20101227,27.2
20101228,26.36
20101229,24.03
20101230,23.32
20101231,21.01
20110101,21.99
20110102,22.56
20110103,21.71
20110104,22.66
20110105,22.33
20110106,21.4
20110107,23.18
20110108,21.92
20110109,21.8
20110110,22.91
20110111,24.67
20110112,24.86
20110113,23.09
20110114,23.11
20110115,23.45
20110116,24.28
20110117,23.01
20110118,21.76
20110119,21.08
20110120,21.3
20110121,20.59
20110122,18.15
20110123,19.6
20110124,19.08
20110125,18.24
20110126,20.51
20110127,20.82
20110128,20.93
20110129,19.34
20110130,20.99
20110131,21.07
20110201,21.13
20110202,20.72
20110203,20.63
20110204,19.28
20110205,19.2
20110206,19.66
20110207,20.14
20110208,20.57
20110209,20.64
20110210,21.2
20110211,21.78
20110212,21.67
20110213,20.8
20110214,21.46
20110215,21.49
20110216,21.49
20110217,21.91
20110218,21.32
20110219,20.79
20110220,21.52
20110221,21.71
20110222,21.4
20110223,21.24
20110224,21.19
20110225,20.42
20110226,19.25
20110227,19.39
20110228,20.02
20110301,20.2
20110302,19.8
20110303,20.23
20110304,20.15
20110305,18.58
20110306,18.54
20110307,19.38
20110308,20.18
20110309,19.96
20110310,19.98
20110311,20.35
20110312,19.58
20110313,18.11
20110314,19.85
20110315,20.87
20110316,19.67
20110317,19.05
20110318,20.27
20110319,20.64
20110320,20.35
20110321,19.92
20110322,20.09
20110323,20.44
20110324,20.36
20110325,19.1
20110326,19.56
20110327,19.55
20110328,19.12
20110329,19.6
20110330,19.22
20110331,19.56
20110401,19.64
20110402,19.09
20110403,18.84
20110404,18.18
20110405,18.09
20110406,17.87
20110407,17.87
20110408,18.18
20110409,18.2
20110410,17.23
20110411,18.05
20110412,18.28
20110413,18.42
20110414,18.1
20110415,17.26
20110416,16.64
20110417,16.77
20110418,16.15
20110419,16.53
20110420,16.1
20110421,12.95
20110422,14.61
20110423,15.98
20110424,16.55
20110425,16.6
20110426,15.46
20110427,13.47
20110428,15.85
20110429,17.11
20110430,16.67
20110501,16.78
20110502,16.67
20110503,16.77
20110504,16.44
20110505,15.29
20110506,15.23
20110507,15.75
20110508,15.24
20110509,14.59
20110510,14.55
20110511,14.46
20110512,14.75
20110513,14.31
20110514,11.56
20110515,10.43
20110516,12.5
20110517,11.97
20110518,11.9
20110519,12.1
20110520,12.62
20110521,12.91
20110522,12.62
20110523,12.61
20110524,11.99
20110525,7.31
20110526,7.26
20110527,9.14
20110528,10.3
20110529,10.25
20110530,9.48
20110531,7.44
20110601,7.62
20110602,6.69
20110603,7.63
20110604,10.15
20110605,11.55
20110606,10.71
20110607,3.19
20110608,4.45
20110609,7.41
20110610,8.61
20110611,10.5
20110612,11.09
20110613,11.22
20110614,11.09
20110615,10.67
20110616,11.72
20110617,10.9
20110618,11.34
20110619,11.49
20110620,11.2
20110621,11.02
20110622,10.99
20110623,9.8
20110624,5.84
20110625,6.95
20110626,6.88
20110627,7.39
20110628,8.04
20110629,9.51
20110630,12.07
20110701,11.96
20110702,11.18
20110703,11.22
20110704,10.58
20110705,8.59
20110706,6.45
20110707,8.35
20110708,8.93
20110709,10.02
20110710,10.29
20110711,9.38
20110712,8.82
20110713,9.17
20110714,9.37
20110715,9.44
20110716,9.82
20110717,9.4
20110718,9.77
20110719,10.06
20110720,11.21
20110721,12.24
20110722,11.89
20110723,12.15
20110724,9.32
20110725,7.2
20110726,8.07
20110727,9.82
20110728,7.78
20110729,6.81
20110730,8.05
20110731,8.61
20110801,10.14
20110802,11.47
20110803,12.03
20110804,12.52
20110805,14.0
20110806,12.36
20110807,13.86
20110808,15.52
20110809,16.77
20110810,16.8
20110811,16.55
20110812,14.17
20110813,14.47
20110814,13.9
20110815,13.04
20110816,13.31
20110817,13.08
20110818,13.88
20110819,14.44
20110820,15.23
20110821,14.36
20110822,9.5
20110823,7.46
20110824,13.18
20110825,17.41
20110826,18.27
20110827,17.65
20110828,18.15
20110829,17.8
20110830,17.28
20110831,17.72
20110901,18.65
20110902,17.31
20110903,17.17
20110904,17.89
20110905,18.18
20110906,18.38
20110907,19.06
20110908,19.96
20110909,19.84
20110910,19.64
20110911,18.69
20110912,18.83
20110913,15.65
20110914,17.76
20110915,18.73
20110916,18.71
20110917,20.59
20110918,20.13
20110919,20.2
20110920,19.95
20110921,19.75
20110922,19.94
20110923,20.34
20110924,22.28
20110925,22.73
20110926,22.81
20110927,23.08
20110928,20.53
20110929,21.16
20110930,21.14
20111001,19.51
20111002,15.7
20111003,15.97
20111004,17.95
20111005,19.21
20111006,20.63
20111007,21.12
20111008,21.76
20111009,21.49
20111010,21.18
20111011,21.8
20111012,22.59
20111013,22.61
20111014,23.45
20111015,22.78
20111016,23.77
20111017,23.1
20111018,19.6
20111019,16.09
20111020,18.32
20111021,21.41
20111022,24.3
20111023,25.55
20111024,25.37
20111025,24.43
20111026,22.82
20111027,20.58
20111028,21.14
20111029,20.77
20111030,20.2
20111031,20.84
20111101,21.85
20111102,23.61
20111103,24.22
20111104,18.6
20111105,19.22
20111106,21.37
20111107,23.98
20111108,25.22
20111109,25.42
20111110,25.06
20111111,24.34
20111112,24.58
20111113,24.53
20111114,21.96
20111115,22.62
20111116,24.78
20111117,26.51
20111118,23.67
20111119,22.89
20111120,22.35
20111121,22.8
20111122,23.47
20111123,22.11
20111124,21.54
20111125,23.18
20111126,23.64
20111127,22.99
20111128,23.61
20111129,24.01
20111130,24.45
20111201,23.91
20111202,24.27
20111203,25.47
20111204,23.21
20111205,21.53
20111206,20.83
20111207,20.43
20111208,22.54
20111209,23.47
20111210,22.41
20111211,22.46
20111212,22.62
20111213,19.67
20111214,17.97
20111215,19.39
20111216,22.63
20111217,24.83
20111218,25.39
20111219,24.67
20111220,22.79
20111221,21.98
20111222,22.7
20111223,23.18
20111224,24.11
20111225,24.61
20111226,24.57
20111227,24.0
20111228,23.13
20111229,24.18
20111230,25.1
20111231,25.46
20120101,25.98
20120102,26.25
20120103,26.37
20120104,26.82
20120105,27.77
20120106,28.52
20120107,28.33
20120108,27.23
20120109,27.61
20120110,27.34
20120111,22.66
20120112,23.42
20120113,22.78
20120114,24.89
20120115,24.22
20120116,22.08
20120117,22.95
20120118,24.13
20120119,23.33
20120120,21.28
20120121,20.66
20120122,19.45
20120123,18.82
20120124,21.49
20120125,22.91
20120126,23.04
20120127,23.28
20120128,23.04
20120129,22.72
20120130,22.07
20120131,22.0
20120201,19.9
20120202,18.03
20120203,21.0
20120204,22.85
20120205,22.57
20120206,21.98
20120207,21.43
20120208,21.23
20120209,20.59
20120210,19.94
20120211,19.67
20120212,20.26
20120213,22.1
20120214,22.75
20120215,23.28
20120216,21.92
20120217,21.01
20120218,21.41
20120219,21.47
20120220,20.86
20120221,21.62
20120222,22.28
20120223,22.71
20120224,21.41
20120225,19.99
20120226,20.0
20120227,21.14
20120228,20.73
20120229,21.34
20120301,21.19
20120302,21.43
20120303,22.33
20120304,21.85
20120305,22.35
20120306,22.55
20120307,22.37
20120308,21.75
20120309,21.72
20120310,21.25
20120311,22.25
20120312,22.18
20120313,19.4
20120314,19.87
20120315,19.6
20120316,19.16
20120317,19.04
20120318,20.44
20120319,21.79
20120320,21.14
20120321,21.58
20120322,21.3
20120323,20.85
20120324,21.71
20120325,21.2
20120326,19.09
20120327,17.58
20120328,15.74
20120329,16.68
20120330,15.57
20120331,14.15
20120401,15.66
20120402,17.25
20120403,17.42
20120404,17.78
20120405,17.27
20120406,17.49
20120407,16.34
20120408,17.42
20120409,18.15
20120410,18.77
20120411,19.96
20120412,19.95
20120413,19.34
20120414,18.21
20120415,18.15
20120416,19.21
20120417,18.52
20120418,18.74
20120419,19.13
20120420,19.21
20120421,18.02
20120422,15.05
20120423,16.58
20120424,18.28
20120425,18.35
20120426,17.89
20120427,18.19
20120428,18.98
20120429,19.85
20120430,18.76
20120501,19.41
20120502,19.78
20120503,20.27
20120504,19.89
20120505,19.69
20120506,18.58
20120507,17.58
20120508,16.45
20120509,15.88
20120510,15.23
20120511,15.55
20120512,16.3
20120513,16.04
20120514,16.75
20120515,16.0
20120516,15.23
20120517,15.5
20120518,16.29
20120519,14.67
20120520,15.05
20120521,14.53
20120522,14.56
20120523,14.75
20120524,14.65
20120525,14.44
20120526,14.19
20120527,14.2
20120528,13.94
20120529,13.45
20120530,13.99
20120531,13.67
20120601,13.34
20120602,12.95
20120603,12.11
20120604,11.73
20120605,13.06
20120606,13.6
20120607,12.97
20120608,9.62
20120609,9.23
20120610,8.92
20120611,8.43
20120612,8.76
20120613,9.72
20120614,10.23
20120615,10.86
20120616,11.23
20120617,8.95
20120618,10.11
20120619,11.74
20120620,11.76
20120621,12.26
20120622,11.22
20120623,9.25
20120624,9.65
20120625,11.38
20120626,13.07
20120627,14.37
20120628,13.59
20120629,14.58
20120630,13.76
20120701,14.01
20120702,14.85
20120703,13.61
20120704,13.53
20120705,13.28
20120706,12.87
20120707,7.9
20120708,7.22
20120709,9.06
20120710,11.8
20120711,13.65
20120712,14.31
20120713,12.85
20120714,4.24
20120715,5.95
20120716,6.89
20120717,9.56
20120718,11.02
20120719,10.89
20120720,11.33
20120721,12.53
20120722,12.63
20120723,12.18
20120724,13.47
20120725,13.1
20120726,12.76
20120727,12.14
20120728,12.09
20120729,13.21
20120730,13.75
20120731,13.32
20120801,15.75
20120802,15.64
20120803,16.45
20120804,16.33
20120805,15.66
20120806,12.03
20120807,6.42
20120808,7.76
20120809,10.69
20120810,12.66
20120811,10.7
20120812,10.4
20120813,13.75
20120814,13.73
20120815,6.89
20120816,9.65
20120817,13.35
20120818,16.67
20120819,16.98
20120820,16.86
20120821,17.19
20120822,18.79
20120823,20.0
20120824,19.67
20120825,17.99
20120826,17.74
20120827,19.57
20120828,20.08
20120829,19.21
20120830,19.49
20120831,17.85
20120901,16.96
20120902,18.55
20120903,20.65
20120904,18.83
20120905,17.03
20120906,13.88
20120907,15.28
20120908,15.94
20120909,16.58
20120910,15.1
20120911,17.44
20120912,18.17
20120913,18.77
20120914,18.76
20120915,20.24
20120916,20.87
20120917,21.44
20120918,20.95
20120919,21.71
20120920,22.6
20120921,20.37
20120922,16.87
20120923,18.85
20120924,21.05
20120925,21.18
20120926,21.53
20120927,18.71
20120928,14.99
20120929,16.54
20120930,19.87
20121001,21.71
20121002,23.57
20121003,23.97
20121004,25.16
20121005,25.01
20121006,25.41
20121007,24.03
20121008,23.89
20121009,23.48
20121010,22.06
20121011,22.16
20121012,23.09
20121013,23.78
20121014,22.56
20121015,24.12
20121016,23.93
20121017,21.68
20121018,20.88
20121019,18.63
20121020,15.88
20121021,18.64
20121022,21.5
20121023,23.53
20121024,23.52
20121025,23.92
20121026,23.54
20121027,24.83
20121028,25.27
20121029,26.57
20121030,24.82
20121031,23.75
20121101,23.91
20121102,24.45
20121103,23.81
20121104,24.18
20121105,23.83
20121106,25.69
20121107,26.33
20121108,26.05
20121109,25.71
20121110,26.56
20121111,25.29
20121112,24.7
20121113,24.81
20121114,24.79
20121115,25.14
20121116,25.62
20121117,26.79
20121118,27.64
20121119,26.14
20121120,22.09
20121121,22.45
20121122,23.06
20121123,21.83
20121124,21.42
20121125,20.95
20121126,22.62
20121127,23.15
20121128,24.0
20121129,21.69
20121130,21.32
20121201,20.22
20121202,20.78
20121203,22.32
20121204,22.72
20121205,22.71
20121206,23.84
20121207,24.58
20121208,26.0
20121209,25.84
20121210,23.51
20121211,21.77
20121212,22.44
20121213,22.64
20121214,23.23
20121215,23.85
20121216,25.91
20121217,25.28
20121218,25.45
20121219,24.35
20121220,25.38
20121221,25.59
20121222,24.12
20121223,23.25
20121224,22.81
20121225,23.49
20121226,24.56
20121227,25.0
20121228,25.86
20121229,27.64
20121230,26.54
20121231,25.65
20130101,25.42
20130102,23.65
20130103,24.81
20130104,25.0
20130105,25.29
20130106,25.28
20130107,26.92
20130108,27.07
20130109,26.36
20130110,24.37
20130111,23.86
20130112,25.62
20130113,25.1
20130114,25.49
20130115,26.35
20130116,27.85
20130117,25.51
20130118,24.9
20130119,23.36
20130120,24.28
20130121,25.31
20130122,26.34
20130123,26.48
20130124,26.26
20130125,25.91
20130126,26.69
20130127,27.37
20130128,27.13
20130129,27.29
20130130,27.01
20130131,26.46
20130201,26.9
20130202,27.23
20130203,26.46
20130204,25.96
20130205,26.02
20130206,25.5
20130207,25.24
20130208,25.33
20130209,24.09
20130210,22.99
20130211,24.01
20130212,26.2
20130213,26.44
20130214,27.28
20130215,26.79
20130216,25.95
20130217,25.99
20130218,26.46
20130219,25.67
20130220,24.36
20130221,25.44
20130222,24.4
20130223,26.3
20130224,26.22
20130225,27.88
20130226,27.28
20130227,26.61
20130228,25.36
20130301,23.12
20130302,25.37
20130303,27.0
20130304,24.75
20130305,25.01
20130306,23.77
20130307,22.74
20130308,21.63
20130309,23.24
20130310,24.65
20130311,23.48
20130312,24.16
20130313,24.0
20130314,24.73
20130315,24.49
20130316,23.43
20130317,23.72
20130318,24.61
20130319,23.67
20130320,23.68
20130321,25.37
20130322,24.94
20130323,23.91
20130324,21.86
20130325,22.36
20130326,22.67
20130327,21.41
20130328,21.28
20130329,18.95
20130330,18.04
20130331,15.58
20130401,15.73
20130402,18.15
20130403,17.89
20130404,17.51
20130405,17.07
20130406,18.33
20130407,18.86
20130408,18.7
20130409,17.67
20130410,17.35
20130411,19.02
20130412,20.41
20130413,20.94
20130414,22.1
20130415,21.83
20130416,22.23
20130417,19.84
20130418,15.77
20130419,12.76
20130420,14.34
20130421,16.56
20130422,18.16
20130423,17.95
20130424,18.13
20130425,17.62
20130426,17.33
20130427,17.0
20130428,17.1
20130429,16.91
20130430,17.04
20130501,16.22
20130502,15.33
20130503,16.17
20130504,14.1
20130505,14.13
20130506,14.2
20130507,15.06
20130508,15.96
20130509,15.71
20130510,15.17
20130511,14.79
20130512,16.61
20130513,16.25
20130514,15.84
20130515,16.22
20130516,15.82
20130517,16.42
20130518,17.2
20130519,17.95
20130520,16.2
20130521,15.82
20130522,16.72
20130523,16.38
20130524,16.73
20130525,15.97
20130526,15.04
20130527,14.78
20130528,15.14
20130529,15.98
20130530,16.71
20130531,14.95
20130601,13.41
20130602,12.07
20130603,14.92
20130604,15.65
20130605,16.48
20130606,15.37
20130607,14.74
20130608,15.67
20130609,13.58
20130610,9.94
20130611,10.89
20130612,12.37
20130613,12.84
20130614,14.07
20130615,13.72
20130616,13.5
20130617,12.94
20130618,12.6
20130619,12.52
20130620,12.69
20130621,12.68
20130622,13.05
20130623,12.71
20130624,13.13
20130625,13.75
20130626,13.84
20130627,15.86
20130628,14.77
20130629,13.82
20130630,14.13
20130701,14.4
20130702,14.91
20130703,14.21
20130704,12.25
20130705,12.22
20130706,13.04
20130707,15.46
20130708,15.63
20130709,15.91
20130710,15.43
20130711,14.38
20130712,13.17
20130713,12.24
20130714,12.23
20130715,12.48
20130716,13.44
20130717,14.1
20130718,14.94
20130719,13.4
20130720,12.28
20130721,10.39
20130722,10.52
20130723,11.4
20130724,13.6
20130725,13.8
20130726,14.39
20130727,13.75
20130728,14.03
20130729,10.7
20130730,11.38
20130731,13.47
20130801,13.97
20130802,13.26
20130803,13.07
20130804,14.25
20130805,14.89
20130806,14.33
20130807,13.75
20130808,11.34
20130809,11.23
20130810,14.0
20130811,11.05
20130812,13.85
20130813,14.04
20130814,13.21
20130815,12.35
20130816,14.34
20130817,15.78
20130818,14.87
20130819,16.23
20130820,17.0
20130821,17.29
20130822,15.09
20130823,16.81
20130824,18.01
20130825,17.75
20130826,18.01
20130827,18.08
20130828,18.93
20130829,14.01
20130830,9.14
20130831,10.19
20130901,13.4
20130902,15.56
20130903,17.31
20130904,19.09
20130905,19.23
20130906,21.56
20130907,20.99
20130908,20.94
20130909,21.71
20130910,22.19
20130911,21.12
20130912,20.1
20130913,18.0
20130914,17.97
20130915,18.52
20130916,19.24
20130917,21.42
20130918,22.81
20130919,19.5
20130920,10.72
20130921,8.87
20130922,15.85
20130923,20.46
20130924,22.17
20130925,21.88
20130926,20.55
20130927,19.89
20130928,19.31
20130929,18.79
20130930,20.4
20131001,20.49
20131002,20.42
20131003,21.27
20131004,21.17
20131005,21.17
20131006,21.37
20131007,23.84
20131008,24.88
20131009,24.98
20131010,23.96
20131011,24.45
20131012,24.05
20131013,22.31
20131014,23.83
20131015,25.38
20131016,24.32
20131017,25.08
20131018,25.14
20131019,22.99
20131020,20.9
20131021,18.13
20131022,18.05
20131023,20.37
20131024,21.43
20131025,20.46
20131026,20.34
20131027,22.87
20131028,23.88
20131029,23.89
20131030,21.02
20131031,18.28
20131101,18.75
20131102,20.38
20131103,22.05
20131104,24.17
20131105,22.6
20131106,23.49
20131107,22.84
20131108,22.73
20131109,23.62
20131110,25.52
20131111,26.79
20131112,26.37
20131113,26.95
20131114,24.12
20131115,21.61
20131116,19.83
20131117,21.7
20131118,23.61
20131119,22.75
20131120,22.37
20131121,23.72
20131122,24.95
20131123,25.3
20131124,26.66
20131125,25.05
20131126,22.64
20131127,26.39
20131128,27.4
20131129,27.18
20131130,25.54
20131201,20.63
20131202,20.08
20131203,23.06
20131204,24.73
20131205,24.65
20131206,24.29
20131207,21.81
20131208,19.15
20131209,20.36
20131210,22.09
20131211,22.51
20131212,23.09
20131213,22.89
20131214,22.66
20131215,22.49
20131216,22.38
20131217,22.86
20131218,24.01
20131219,24.04
20131220,22.59
20131221,22.04
20131222,20.6
20131223,19.99
20131224,20.92
20131225,22.28
20131226,23.6
20131227,22.21
20131228,22.38
20131229,23.77
20131230,23.4
20131231,23.96
20140101,24.99
20140102,25.13
20140103,24.0
20140104,22.46
20140105,17.39
20140106,13.51
20140107,13.54
20140108,15.84
20140109,18.31
20140110,20.66
20140111,23.34
20140112,24.08
20140113,25.33
20140114,24.84
20140115,24.09
20140116,24.36
20140117,24.33
20140118,23.73
20140119,23.63
20140120,25.33
20140121,25.27
20140122,23.55
20140123,22.76
20140124,24.2
20140125,24.2
20140126,24.96
20140127,21.11
20140128,21.53
20140129,22.73
20140130,22.62
20140131,22.62
20140201,21.21
20140202,20.52
20140203,21.73
20140204,19.29
20140205,19.95
20140206,20.76
20140207,21.36
20140208,20.71
20140209,21.82
20140210,21.04
20140211,20.73
20140212,20.33
20140213,21.88
20140214,22.52
20140215,22.62
20140216,22.68
20140217,23.47
20140218,22.98
20140219,22.37
20140220,21.56
20140221,21.53
20140222,22.03
20140223,22.11
20140224,21.28
20140225,21.08
20140226,21.22
20140227,20.4
20140228,19.24
20140301,20.09
20140302,21.24
20140303,20.63
20140304,20.35
20140305,20.54
20140306,21.88
20140307,22.87
20140308,22.47
20140309,22.38
20140310,23.02
20140311,21.14
20140312,20.96
20140313,20.94
20140314,20.78
20140315,19.65
20140316,20.04
20140317,20.05
20140318,20.7
20140319,22.17
20140320,22.39
20140321,21.16
20140322,19.82
20140323,18.46
20140324,17.94
20140325,18.67
20140326,18.19
20140327,17.64
20140328,17.7
20140329,17.8
20140330,18.16
20140331,18.35
20140401,18.49
20140402,17.48
20140403,17.94
20140404,19.37
20140405,19.64
20140406,19.26
20140407,19.15
20140408,18.51
20140409,16.97
20140410,15.47
20140411,15.34
20140412,13.55
20140413,16.06
20140414,16.89
20140415,18.15
20140416,17.94
20140417,18.85
20140418,18.47
20140419,16.91
20140420,16.26
20140421,17.14
20140422,16.37
20140423,14.75
20140424,15.44
20140425,17.25
20140426,18.43
20140427,18.22
20140428,17.18
20140429,17.59
20140430,18.34
20140501,18.12
20140502,17.37
20140503,16.9
20140504,17.31
20140505,17.43
20140506,16.62
20140507,17.34
20140508,16.46
20140509,16.42
20140510,17.83
20140511,17.09
20140512,17.34
20140513,17.66
20140514,17.18
20140515,16.31
20140516,14.92
20140517,15.42
20140518,15.79
20140519,16.5
20140520,13.56
20140521,12.62
20140522,15.27
20140523,17.14
20140524,16.67
20140525,15.53
20140526,14.75
20140527,13.71
20140528,14.18
20140529,15.27
20140530,16.56
20140531,15.56
20140601,15.05
20140602,15.32
20140603,14.1
20140604,12.0
20140605,8.42
20140606,7.26
20140607,7.94
20140608,8.7
20140609,10.27
20140610,9.23
20140611,11.67
20140612,11.92
20140613,12.95
20140614,13.04
20140615,14.62
20140616,13.51
20140617,13.06
20140618,12.9
20140619,11.56
20140620,10.22
20140621,10.21
20140622,11.49
20140623,11.85
20140624,12.3
20140625,13.68
20140626,13.72
20140627,13.3
20140628,14.14
20140629,14.97
20140630,14.26
20140701,13.54
20140702,13.93
20140703,14.1
20140704,12.22
20140705,7.97
20140706,8.43
20140707,8.94
20140708,9.67
20140709,11.94
20140710,11.86
20140711,11.86
20140712,11.72
20140713,12.29
20140714,13.29
20140715,13.09
20140716,12.58
20140717,12.58
20140718,12.76
20140719,12.52
20140720,12.47
20140721,13.55
20140722,14.28
20140723,14.78
20140724,14.2
20140725,10.01
20140726,7.58
20140727,10.05
20140728,11.2
20140729,13.28
20140730,14.03
20140731,15.29
20140801,16.05
20140802,15.25
20140803,15.03
20140804,14.47
20140805,15.17
20140806,15.54
20140807,13.73
20140808,10.01
20140809,11.92
20140810,15.84
20140811,15.26
20140812,15.26
20140813,16.5
20140814,17.36
20140815,18.25
20140816,17.99
20140817,17.7
20140818,18.29
20140819,18.38
20140820,18.38
20140821,16.55
20140822,14.46
20140823,15.56
20140824,16.52
20140825,17.18
20140826,18.64
20140827,17.12
20140828,13.98
20140829,10.8
20140830,11.76
20140831,14.88
20140901,16.67
20140902,16.27
20140903,16.85
20140904,16.93
20140905,16.92
20140906,17.03
20140907,17.61
20140908,18.78
20140909,19.82
20140910,20.2
20140911,19.95
20140912,21.28
20140913,23.33
20140914,21.94
20140915,23.44
20140916,23.68
20140917,21.55
20140918,18.4
20140919,17.07
20140920,19.03
20140921,21.55
20140922,19.28
20140923,19.13
20140924,21.53
20140925,21.78
20140926,22.45
20140927,20.26
20140928,17.83
20140929,15.5
20140930,16.44
20141001,19.1
20141002,21.21
20141003,20.87
20141004,20.46
20141005,22.6
20141006,22.23
20141007,22.64
20141008,20.66
20141009,18.54
20141010,20.06
20141011,21.09
20141012,23.59
20141013,23.96
20141014,23.31
20141015,22.08
20141016,18.62
20141017,18.1
20141018,20.3
20141019,21.52
20141020,21.85
20141021,22.91
20141022,23.88
20141023,22.96
20141024,21.31
20141025,22.14
20141026,23.58
20141027,23.32
20141028,22.63
20141029,23.39
20141030,23.97
20141031,22.84
20141101,22.12
20141102,17.95
20141103,17.48
20141104,19.82
20141105,21.91
20141106,24.0
20141107,24.13
20141108,22.83
20141109,22.61
20141110,21.09
20141111,20.67
20141112,19.58
20141113,19.25
20141114,21.73
20141115,21.54
20141116,21.92
20141117,22.12
20141118,22.75
20141119,22.76
20141120,22.19
20141121,22.39
20141122,21.16
20141123,20.94
20141124,22.11
20141125,25.13
20141126,25.13
20141127,22.57
20141128,22.4
20141129,23.58
20141130,24.21
20141201,25.07
20141202,25.12
20141203,25.76
20141204,24.01
20141205,24.8
20141206,22.55
20141207,22.18
20141208,22.6
20141209,22.47
20141210,24.55
20141211,23.86
20141212,24.11
20141213,25.49
20141214,24.29
20141215,22.5
20141216,22.12
20141217,23.48
20141218,23.68
20141219,23.92
20141220,25.24
20141221,25.56
20141222,24.0
20141223,23.63
20141224,25.14
20141225,25.59
20141226,23.55
20141227,21.1
20141228,23.04
20141229,25.42
20141230,25.63
20141231,25.42
20150101,24.7
20150102,24.06
20150103,24.89
20150104,25.69
20150105,26.35
20150106,27.39
20150107,28.04
20150108,24.32
20150109,25.6
20150110,27.0
20150111,25.85
20150112,26.05
20150113,25.27
20150114,25.71
20150115,24.65
20150116,23.89
20150117,24.76
20150118,25.66
20150119,25.84
20150120,26.51
20150121,25.84
20150122,25.56
20150123,24.56
20150124,23.91
20150125,21.67
20150126,21.68
20150127,23.23
20150128,24.06
20150129,24.29
20150130,24.12
20150131,23.79
20150201,23.21
20150202,21.02
20150203,19.4
20150204,19.17
20150205,20.04
20150206,21.12
20150207,23.0
20150208,22.79
20150209,23.37
20150210,25.0
20150211,26.23
20150212,25.22
20150213,25.4
20150214,23.72
20150215,23.7
20150216,24.66
20150217,25.55
20150218,24.75
20150219,25.88
20150220,25.03
20150221,24.85
20150222,25.74
20150223,24.95
20150224,24.29
20150225,23.31
20150226,22.58
20150227,21.85
20150228,22.41
20150301,22.27
20150302,23.35
20150303,22.85
20150304,22.12
20150305,21.62
20150306,21.84
20150307,21.27
20150308,22.89
20150309,23.08
20150310,23.56
20150311,24.18
20150312,24.19
20150313,23.75
20150314,23.64
20150315,24.61
20150316,24.98
20150317,23.67
20150318,21.99
20150319,22.6
20150320,22.94
20150321,20.19
20150322,21.62
20150323,19.11
20150324,19.76
20150325,18.97
20150326,20.5
20150327,20.78
20150328,19.77
20150329,18.94
20150330,19.01
20150331,19.13
20150401,19.08
20150402,18.91
20150403,19.15
20150404,19.09
20150405,19.43
20150406,19.2
20150407,19.17
20150408,17.99
20150409,18.0
20150410,17.39
20150411,17.38
20150412,17.01
20150413,17.52
20150414,18.11
20150415,17.53
20150416,17.84
20150417,16.88
20150418,17.14
20150419,17.42
20150420,16.95
20150421,18.53
20150422,19.17
20150423,19.41
20150424,18.39
20150425,18.9
20150426,18.76
20150427,18.33
20150428,17.95
20150429,17.9
20150430,18.26
20150501,18.0
20150502,18.42
20150503,18.41
20150504,16.91
20150505,17.52
20150506,17.62
20150507,17.27
20150508,17.41
20150509,16.99
20150510,17.23
20150511,17.14
20150512,17.36
20150513,16.7
20150514,18.12
20150515,17.29
20150516,17.06
20150517,16.54
20150518,15.78
20150519,14.61
20150520,15.06
20150521,14.93
20150522,14.74
20150523,14.94
20150524,14.27
20150525,15.08
20150526,15.93
20150527,15.26
20150528,14.36
20150529,14.48
20150530,14.43
20150531,15.15
20150601,10.99
20150602,4.33
20150603,6.92
20150604,7.66
20150605,9.29
20150606,11.55
20150607,12.71
20150608,12.96
20150609,11.36
20150610,9.37
20150611,11.04
20150612,10.65
20150613,11.86
20150614,11.69
20150615,12.57
20150616,13.72
20150617,11.87
20150618,12.51
20150619,12.5
20150620,11.94
20150621,11.38
20150622,11.02
20150623,11.75
20150624,11.4
20150625,8.13
20150626,5.73
20150627,8.55
20150628,12.43
20150629,13.95
20150630,14.23
20150701,12.78
20150702,13.46
20150703,12.93
20150704,13.08
20150705,12.94
20150706,13.51
20150707,13.16
20150708,13.93
20150709,14.47
20150710,14.27
20150711,13.95
20150712,13.88
20150713,14.04
20150714,11.82
20150715,12.79
20150716,8.54
20150717,10.44
20150718,11.93
20150719,14.77
20150720,15.56
20150721,15.64
20150722,13.66
20150723,12.14
20150724,8.31
20150725,5.84
20150726,8.84
20150727,12.74
20150728,14.16
20150729,12.52
20150730,11.13
20150731,9.69
20150801,11.43
20150802,12.15
20150803,13.94
20150804,15.08
20150805,15.45
20150806,15.2
20150807,14.77
20150808,14.62
20150809,15.5
20150810,15.69
20150811,16.23
20150812,15.02
20150813,14.24
20150814,15.4
20150815,17.32
20150816,17.86
20150817,18.34
20150818,18.08
20150819,18.95
20150820,19.77
20150821,21.13
20150822,20.9
20150823,19.96
20150824,19.66
20150825,19.49
20150826,20.61
20150827,19.85
20150828,20.59
20150829,22.4
20150830,20.01
20150831,15.98
20150901,13.8
20150902,15.52
20150903,16.01
20150904,16.4
20150905,17.32
20150906,17.82
20150907,16.69
20150908,16.46
20150909,18.22
20150910,19.75
20150911,22.3
20150912,23.56
20150913,22.6
20150914,22.8
20150915,22.77
20150916,22.68
20150917,21.01
20150918,20.17
20150919,22.99
20150920,23.01
20150921,21.43
20150922,21.37
20150923,23.23
20150924,24.52
20150925,24.65
20150926,24.63
20150927,23.57
20150928,22.99
20150929,20.96
20150930,17.64
20151001,17.76
20151002,20.54
20151003,23.15
20151004,24.3
20151005,25.3
20151006,25.51
20151007,26.09
20151008,26.51
20151009,26.26
20151010,25.97
20151011,24.96
20151012,24.61
20151013,21.82
20151014,20.37
20151015,18.38
20151016,20.86
20151017,23.18
20151018,25.26
20151019,23.61
20151020,23.94
20151021,24.46
20151022,26.41
20151023,26.79
20151024,26.35
20151025,26.95
20151026,27.3
20151027,26.95
20151028,25.32
20151029,25.92
20151030,26.22
20151031,26.33
20151101,24.04
20151102,18.44
20151103,20.69
20151104,24.01
20151105,24.12
20151106,23.31
20151107,23.61
20151108,23.37
20151109,25.52
20151110,27.24
20151111,26.54
20151112,25.59
20151113,24.65
20151114,22.87
20151115,22.78
20151116,22.98
20151117,22.42
20151118,22.07
20151119,23.34
20151120,19.96
20151121,19.15
20151122,20.39
20151123,24.72
20151124,25.94
20151125,26.41
20151126,24.02
20151127,22.94
20151128,25.19
20151129,26.64
20151130,26.66
20151201,25.87
20151202,24.61
20151203,26.49
20151204,27.27
20151205,27.34
20151206,26.13
20151207,23.61
20151208,19.74
20151209,23.12
20151210,24.62
20151211,24.27
20151212,22.85
20151213,19.8
20151214,20.28
20151215,22.2
20151216,22.49
20151217,26.28
20151218,26.63
20151219,25.79
20151220,27.88
20151221,27.94
20151222,27.9
20151223,27.97
20151224,26.89
20151225,25.34
20151226,23.04
20151227,21.63
20151228,21.77
20151229,22.63
20151230,24.21
20151231,24.98
20160101,25.93
20160102,26.21
20160103,27.65
20160104,27.69
20160105,28.33
20160106,28.12
20160107,28.57
20160108,28.5
20160109,28.27
20160110,26.76
20160111,26.26
20160112,25.51
20160113,24.56
20160114,25.07
20160115,25.5
20160116,25.11
20160117,21.4
20160118,22.28
20160119,21.43
20160120,20.5
20160121,20.46
20160122,19.61
20160123,20.62
20160124,20.52
20160125,20.34
20160126,20.98
20160127,21.04
20160128,23.37
20160129,25.08
20160130,23.54
20160131,24.0
20160201,24.74
20160202,24.66
20160203,24.63
20160204,23.47
20160205,24.85
20160206,24.29
20160207,24.08
20160208,24.92
20160209,25.2
20160210,24.88
20160211,24.56
20160212,24.54
20160213,24.02
20160214,24.14
20160215,24.71
20160216,23.88
20160217,22.77
20160218,24.05
20160219,22.86
20160220,24.36
20160221,24.47
20160222,24.14
20160223,21.35
20160224,22.81
20160225,23.17
20160226,24.06
20160227,23.15
20160228,23.91
20160229,25.21
20160301,24.19
20160302,24.61
20160303,23.13
20160304,24.01
20160305,24.6
20160306,22.31
20160307,21.12
20160308,19.76
20160309,21.05
20160310,21.38
20160311,22.55
20160312,23.61
20160313,23.09
20160314,23.91
20160315,23.1
20160316,20.66
20160317,21.94
20160318,21.99
20160319,21.99
20160320,20.89
20160321,19.42
20160322,19.85
20160323,20.37
20160324,20.32
20160325,19.34
20160326,18.6
20160327,19.51
20160328,20.03
20160329,20.93
20160330,21.64
20160331,21.92
20160401,20.29
20160402,20.28
20160403,21.58
20160404,23.79
20160405,22.99
20160406,23.55
20160407,23.55
20160408,22.1
20160409,21.44
20160410,20.71
20160411,20.54
20160412,19.96
20160413,19.7
20160414,19.74
20160415,19.66
20160416,19.52
20160417,20.4
20160418,21.94
20160419,22.14
20160420,21.17
20160421,19.26
20160422,19.73
20160423,20.72
20160424,20.79
20160425,21.9
20160426,21.38
20160427,20.78
20160428,20.71
20160429,19.85
20160430,18.67
20160501,18.64
20160502,19.57
20160503,19.91
20160504,18.97
20160505,18.82
20160506,18.68
20160507,18.25
20160508,17.67
20160509,18.62
20160510,18.95
20160511,18.74
20160512,16.52
20160513,10.36
20160514,12.37
20160515,15.0
20160516,15.4
20160517,15.66
20160518,14.7
20160519,15.45
20160520,15.31
20160521,14.57
20160522,13.34
20160523,13.84
20160524,14.31
20160525,13.73
20160526,13.34
20160527,13.2
20160528,12.65
20160529,12.4
20160530,12.35
20160531,13.37
20160601,14.57
20160602,15.28
20160603,15.57
20160604,14.65
20160605,14.35
20160606,15.02
20160607,14.24
20160608,15.27
20160609,15.2
20160610,15.87
20160611,14.3
20160612,14.44
20160613,14.7
20160614,16.01
20160615,15.49
20160616,15.54
20160617,14.33
20160618,13.29
20160619,13.52
20160620,12.9
20160621,12.16
20160622,12.55
20160623,12.2
20160624,11.14
20160625,10.24
20160626,10.84
20160627,11.19
20160628,11.16
20160629,12.04
20160630,13.73
20160701,14.97
20160702,14.3
20160703,14.6
20160704,14.03
20160705,14.17
20160706,14.05
20160707,12.91
20160708,12.12
20160709,11.59
20160710,11.42
20160711,10.73
20160712,10.83
20160713,10.7
20160714,11.18
20160715,12.55
20160716,12.54
20160717,12.72
20160718,13.12
20160719,12.79
20160720,13.09
20160721,14.1
20160722,14.16
20160723,13.22
20160724,9.68
20160725,6.3
20160726,6.83
20160727,8.16
20160728,12.08
20160729,15.05
20160730,13.77
20160731,13.02
20160801,15.02
20160802,15.3
20160803,12.75
20160804,13.18
20160805,14.22
20160806,14.06
20160807,15.41
20160808,15.51
20160809,14.92
20160810,14.89
20160811,16.14
20160812,16.01
20160813,15.18
20160814,14.06
20160815,17.19
20160816,18.57
20160817,18.36
20160818,18.56
20160819,17.82
20160820,18.86
20160821,18.82
20160822,14.09
20160823,17.86
20160824,18.94
20160825,18.64
20160826,18.02
20160827,17.7
20160828,17.71
20160829,17.92
20160830,19.08
20160831,19.42
20160901,19.85
20160902,19.88
20160903,19.39
20160904,18.82
20160905,19.62
20160906,19.29
20160907,21.0
20160908,19.67
20160909,18.48
20160910,21.33
20160911,22.22
20160912,20.44
20160913,21.06
20160914,21.87
20160915,19.63
20160916,12.39
20160917,12.43
20160918,14.65
20160919,18.85
20160920,19.91
20160921,20.48
20160922,20.47
20160923,20.79
20160924,22.16
20160925,23.13
20160926,22.84
20160927,18.31
20160928,17.05
20160929,19.3
20160930,21.36
20161001,21.57
20161002,20.65
20161003,20.81
20161004,21.28
20161005,22.11
20161006,22.25
20161007,21.34
20161008,19.59
20161009,18.75
20161010,21.38
20161011,23.56
20161012,25.32
20161013,26.56
20161014,27.59
20161015,26.39
20161016,24.83
20161017,25.03
20161018,22.43
20161019,23.59
20161020,23.63
20161021,24.64
20161022,24.68
20161023,24.69
20161024,24.86
20161025,26.54
20161026,27.22
20161027,27.61
20161028,27.81
20161029,27.62
20161030,28.25
20161031,28.19
20161101,29.7
20161102,27.79
20161103,26.14
20161104,24.77
20161105,21.14
20161106,23.38
20161107,21.9
20161108,24.02
20161109,24.53
20161110,24.33
20161111,23.5
20161112,22.6
20161113,22.22
20161114,23.87
20161115,24.5
20161116,25.06
20161117,24.9
20161118,25.03
20161119,26.6
20161120,26.69
20161121,25.03
20161122,21.84
20161123,23.76
20161124,24.8
20161125,24.0
20161126,24.64
20161127,25.78
20161128,26.82
20161129,26.85
20161130,27.08
20161201,27.09
20161202,26.63
20161203,26.59
20161204,26.66
20161205,26.58
20161206,27.05
20161207,25.78
20161208,25.09
20161209,25.74
20161210,25.32
20161211,26.86
20161212,26.69
20161213,26.19
20161214,24.33
20161215,25.46
20161216,25.83
20161217,27.14
20161218,27.34
20161219,27.74
20161220,27.47
20161221,26.73
20161222,26.43
20161223,25.21
20161224,23.55
20161225,23.88
20161226,24.98
20161227,24.99
20161228,23.45
20161229,25.24
20161230,26.2
20161231,27.08
20170101,25.57
20170102,21.4
20170103,22.01
20170104,22.82
20170105,22.24
20170106,21.69
20170107,22.58
20170108,23.32
20170109,24.02
20170110,23.78
20170111,22.71
20170112,22.32
20170113,22.44
20170114,23.14
20170115,24.34
20170116,24.51
20170117,24.03
20170118,23.06
20170119,23.01
20170120,23.68
20170121,24.79
20170122,24.49
20170123,24.49
20170124,22.58
20170125,21.46
20170126,21.8
20170127,22.58
20170128,22.65
20170129,21.09
20170130,22.83
20170131,23.66
20170201,23.18
20170202,21.82
20170203,20.51
20170204,21.58
20170205,22.42
20170206,24.11
20170207,24.36
20170208,23.49
20170209,23.74
20170210,23.49
20170211,22.75
20170212,22.73
20170213,23.26
20170214,23.84
20170215,22.52
20170216,22.99
20170217,23.84
20170218,23.22
20170219,21.52
20170220,19.71
20170221,21.21
20170222,21.09
20170223,22.0
20170224,22.82
20170225,23.24
20170226,22.5
20170227,22.56
20170228,23.13
20170301,22.47
20170302,21.72
20170303,20.17
20170304,20.09
20170305,22.64
20170306,22.55
20170307,22.97
20170308,21.92
20170309,22.12
20170310,21.72
20170311,20.0
20170312,19.43
20170313,21.67
20170314,21.31
20170315,22.15
20170316,22.91
20170317,23.41
20170318,22.21
20170319,21.59
20170320,21.41
20170321,20.68
20170322,21.56
20170323,21.3
20170324,21.91
20170325,22.68
20170326,22.59
20170327,22.2
20170328,22.48
20170329,22.68
20170330,21.56
20170331,20.14
20170401,20.48
20170402,21.07
20170403,20.98
20170404,21.12
20170405,21.38
20170406,21.31
20170407,20.91
20170408,20.49
20170409,19.14
20170410,19.34
20170411,20.37
20170412,18.52
20170413,17.82
20170414,17.36
20170415,18.4
20170416,19.24
20170417,18.47
20170418,18.86
20170419,17.56
20170420,16.54
20170421,15.52
20170422,14.32
20170423,15.58
20170424,15.72
20170425,15.97
20170426,15.46
20170427,15.74
20170428,15.57
20170429,15.57
20170430,14.94
20170501,15.32
20170502,15.81
20170503,16.23
20170504,16.26
20170505,16.45
20170506,16.89
20170507,16.83
20170508,17.03
20170509,16.9
20170510,17.33
20170511,17.02
20170512,16.64
20170513,15.72
20170514,15.02
20170515,14.2
20170516,13.84
20170517,14.06
20170518,14.19
20170519,13.85
20170520,13.69
20170521,13.74
20170522,12.77
20170523,12.81
20170524,15.29
20170525,16.25
20170526,16.24
20170527,14.64
20170528,12.07
20170529,13.0
20170530,13.23
20170531,13.53
20170601,13.41
20170602,12.91
20170603,13.77
20170604,14.72
20170605,15.28
20170606,15.35
20170607,12.09
20170608,11.04
20170609,12.9
20170610,14.25
20170611,14.46
20170612,14.8
20170613,15.05
20170614,14.5
20170615,14.64
20170616,13.93
20170617,14.1
20170618,14.38
20170619,15.6
20170620,15.95
20170621,15.08
20170622,13.82
20170623,13.13
20170624,12.45
20170625,11.87
20170626,13.23
20170627,12.41
20170628,11.97
20170629,12.99
20170630,14.37
20170701,13.99
20170702,13.69
20170703,14.43
20170704,13.25
20170705,12.43
20170706,11.66
20170707,10.97
20170708,12.63
20170709,14.05
20170710,15.57
20170711,15.73
20170712,16.65
20170713,15.89
20170714,14.58
20170715,13.36
20170716,13.39
20170717,11.46
20170718,14.01
20170719,14.55
20170720,13.93
20170721,13.87
20170722,13.01
20170723,13.86
20170724,14.01
20170725,13.55
20170726,12.44
20170727,12.97
20170728,12.85
20170729,12.34
20170730,12.62
20170731,13.64
20170801,14.5
20170802,14.82
20170803,14.92
20170804,15.14
20170805,15.32
20170806,15.55
20170807,15.17
20170808,15.67
20170809,15.86
20170810,15.19
20170811,15.31
20170812,16.04
20170813,15.62
20170814,16.18
20170815,15.55
20170816,14.49
20170817,9.62
20170818,10.75
20170819,13.79
20170820,15.68
20170821,16.59
20170822,18.02
20170823,16.93
20170824,17.4
20170825,16.86
20170826,16.59
20170827,19.5
20170828,18.48
20170829,19.42
20170830,18.99
20170831,20.2
20170901,19.76
20170902,20.38
20170903,20.98
20170904,20.01
20170905,19.39
20170906,20.39
20170907,21.38
20170908,21.59
20170909,22.24
20170910,23.13
20170911,22.74
20170912,21.72
20170913,21.96
20170914,22.1
20170915,21.42
20170916,22.21
20170917,23.66
20170918,23.1
20170919,24.26
20170920,24.92
20170921,25.35
20170922,24.44
20170923,25.26
20170924,25.11
20170925,23.01
20170926,19.89
20170927,20.94
20170928,22.94
20170929,22.94
20170930,22.59
20171001,23.14
20171002,22.96
20171003,22.33
20171004,17.52
20171005,16.73
20171006,18.85
20171007,19.68
20171008,18.09
20171009,16.89
20171010,17.31
20171011,18.99
20171012,19.82
20171013,22.6
20171014,22.39
20171015,21.36
20171016,20.89
20171017,21.27
20171018,21.92
20171019,21.45
20171020,21.52
20171021,22.57
20171022,24.89
20171023,24.1
20171024,23.9
20171025,23.85
20171026,22.76
20171027,22.13
20171028,23.27
20171029,23.03
20171030,20.36
20171031,20.72
20171101,20.83
20171102,22.0
20171103,23.06
20171104,24.84
20171105,25.34
20171106,26.1
20171107,25.3
20171108,25.0
20171109,23.34
20171110,21.07
20171111,23.63
20171112,24.66
20171113,24.56
20171114,21.69
20171115,14.79
20171116,15.76
20171117,18.84
20171118,21.96
20171119,23.84
20171120,24.5
20171121,22.96
20171122,22.97
20171123,23.91
20171124,24.29
20171125,24.08
20171126,24.78
20171127,25.74
20171128,26.15
20171129,26.64
20171130,27.47
20171201,25.4
20171202,24.38
20171203,23.88
20171204,24.86
20171205,24.06
20171206,24.48
20171207,23.95
20171208,23.88
20171209,24.12
20171210,24.77
20171211,24.86
20171212,23.59
20171213,23.68
20171214,23.44
20171215,25.26
20171216,25.13
20171217,22.25
20171218,24.49
20171219,25.18
20171220,22.6
20171221,21.23
20171222,22.67
20171223,23.12
20171224,23.05
20171225,23.23
20171226,24.92
20171227,25.0
20171228,25.15
20171229,24.25
20171230,24.47
20171231,23.43
20180101,22.82
20180102,23.18
20180103,23.9
20180104,24.87
20180105,25.13
20180106,25.64
20180107,25.68
20180108,24.28
20180109,24.78
20180110,26.25
20180111,26.05
20180112,25.94
20180113,26.82
20180114,26.21
20180115,25.87
20180116,27.23
20180117,27.54
20180118,25.8
20180119,26.66
20180120,24.07
20180121,23.01
20180122,23.43
20180123,23.01
20180124,23.29
20180125,23.95
20180126,24.57
20180127,25.15
20180128,24.77
20180129,24.51
20180130,24.88
20180131,25.51
20180201,25.45
20180202,25.44
20180203,25.95
20180204,26.18
20180205,25.91
20180206,25.84
20180207,25.52
20180208,25.29
20180209,22.69
20180210,20.77
20180211,21.41
20180212,23.4
20180213,24.31
20180214,24.44
20180215,23.81
20180216,21.22
20180217,22.65
20180218,21.56
20180219,22.91
20180220,24.59
20180221,25.45
20180222,25.97
20180223,24.75
20180224,23.64
20180225,22.55
20180226,24.11
20180227,25.43
20180228,24.76
20180301,24.89
20180302,25.29
20180303,25.81
20180304,25.08
20180305,25.22
20180306,21.04
20180307,20.63
20180308,21.09
20180309,21.32
20180310,21.41
20180311,20.5
20180312,22.06
20180313,23.16
20180314,23.22
20180315,22.89
20180316,23.67
20180317,23.19
20180318,21.3
20180319,21.77
20180320,20.4
20180321,19.08
20180322,21.06
20180323,20.98
20180324,19.71
20180325,20.37
20180326,20.96
20180327,21.19
20180328,19.38
20180329,19.12
20180330,20.71
20180331,22.1
20180401,21.49
20180402,20.43
20180403,19.64
20180404,19.26
20180405,20.19
20180406,20.1
20180407,20.51
20180408,18.83
20180409,20.38
20180410,20.98
20180411,20.83
20180412,19.56
20180413,18.02
20180414,19.04
20180415,19.42
20180416,18.8
20180417,19.44
20180418,18.7
20180419,18.49
20180420,18.4
20180421,19.14
20180422,18.45
20180423,18.57
20180424,18.72
20180425,17.39
20180426,19.03
20180427,18.09
20180428,17.41
20180429,18.19
20180430,17.56
20180501,17.9
20180502,17.88
20180503,18.66
20180504,17.27
20180505,16.44
20180506,15.7
20180507,15.84
20180508,16.11
20180509,16.24
20180510,15.31
20180511,15.2
20180512,16.14
20180513,15.88
20180514,14.12
20180515,14.68
20180516,16.78
20180517,17.16
20180518,16.58
20180519,14.11
20180520,11.6
20180521,13.67
20180522,15.56
20180523,16.91
20180524,17.89
20180525,17.38
20180526,16.44
20180527,15.81
20180528,15.17
20180529,14.7
20180530,15.58
20180531,13.87
20180601,14.5
20180602,16.06
20180603,16.16
20180604,15.29
20180605,13.48
20180606,12.12
20180607,12.07
20180608,12.46
20180609,12.69
20180610,12.47
20180611,11.71
20180612,11.72
20180613,12.23
20180614,12.13
20180615,13.69
20180616,15.31
20180617,15.68
20180618,14.5
20180619,13.73
20180620,14.07
20180621,14.19
20180622,14.55
20180623,14.63
20180624,12.92
20180625,12.12
20180626,12.21
20180627,13.89
20180628,13.98
20180629,13.54
20180630,14.23
20180701,12.45
20180702,8.14
20180703,7.66
20180704,9.4
20180705,10.28
20180706,10.05
20180707,10.05
20180708,10.37
20180709,11.82
20180710,12.27
20180711,12.44
20180712,13.12
20180713,13.07
20180714,12.96
20180715,14.0
20180716,14.49
20180717,13.43
20180718,11.56
20180719,11.06
20180720,11.84
20180721,12.44
20180722,12.87
20180723,13.61
20180724,13.1
20180725,13.16
20180726,13.55
20180727,14.65
20180728,14.38
20180729,15.05
20180730,14.99
20180731,15.83
20180801,14.8
20180802,15.69
20180803,14.22
20180804,14.2
20180805,14.36
20180806,15.56
20180807,15.76
20180808,17.35
20180809,10.82
20180810,6.65
20180811,13.05
20180812,16.89
20180813,18.36
20180814,19.21
20180815,19.07
20180816,19.33
20180817,16.55
20180818,15.11
20180819,17.21
20180820,17.35
20180821,13.8
20180822,13.05
20180823,15.52
20180824,16.61
20180825,15.93
20180826,15.97
20180827,13.02
20180828,13.27
20180829,16.35
20180830,17.43
20180831,19.39
20180901,19.2
20180902,17.39
20180903,17.75
20180904,17.25
20180905,18.07
20180906,11.89
20180907,10.63
20180908,8.94
20180909,12.8
20180910,16.42
20180911,17.3
20180912,17.81
20180913,18.58
20180914,19.71
20180915,21.58
20180916,21.04
20180917,21.77
20180918,21.12
20180919,20.26
20180920,20.78
20180921,22.38
20180922,23.18
20180923,24.32
20180924,23.92
20180925,23.03
20180926,21.35
20180927,23.16
20180928,23.09
20180929,23.61
20180930,24.49
20181001,24.19
20181002,23.83
20181003,23.75
20181004,22.68
20181005,23.88
20181006,23.83
20181007,22.39
20181008,20.68
20181009,22.07
20181010,22.6
20181011,23.29
20181012,21.8
20181013,20.86
20181014,17.89
20181015,18.94
20181016,20.17
20181017,20.64
20181018,21.35
20181019,23.05
20181020,24.56
20181021,24.25
20181022,20.13
20181023,17.64
20181024,19.51
20181025,21.04
20181026,21.79
20181027,23.15
20181028,24.1
20181029,23.68
20181030,22.76
20181031,21.98
20181101,20.67
20181102,21.81
20181103,23.25
20181104,22.67
20181105,21.58
20181106,18.4
20181107,20.56
20181108,22.31
20181109,23.24
20181110,23.91
20181111,25.21
20181112,25.87
20181113,25.47
20181114,26.12
20181115,27.17
20181116,27.92
20181117,28.04
20181118,29.18
20181119,28.65
20181120,25.0
20181121,24.42
20181122,25.67
20181123,25.8
20181124,26.36
20181125,22.97
20181126,23.47
20181127,23.03
20181128,23.46
20181129,26.57
20181130,26.37
20181201,24.17
20181202,23.87
20181203,23.52
20181204,23.43
20181205,24.01
20181206,22.95
20181207,21.05
20181208,19.73
20181209,19.93
20181210,22.0
20181211,23.45
20181212,24.23
20181213,26.22
20181214,27.07
20181215,26.92
20181216,26.03
20181217,25.24
20181218,25.25
20181219,24.63
20181220,25.4
20181221,25.16
20181222,25.56
20181223,26.12
20181224,26.7
20181225,27.69
20181226,27.5
20181227,26.1
20181228,24.67
20181229,24.32
20181230,23.83
20181231,24.52
20190101,25.24
20190102,26.29
20190103,26.31
20190104,24.86
20190105,26.88
20190106,26.42
20190107,25.03
20190108,23.01
20190109,21.2
20190110,21.34
20190111,21.75
20190112,22.75
20190113,24.85
20190114,26.18
20190115,26.57
20190116,27.3
20190117,26.91
20190118,23.69
20190119,25.25
20190120,27.19
20190121,26.19
20190122,26.6
20190123,27.21
20190124,27.16
20190125,27.85
20190126,27.34
20190127,26.48
20190128,26.67
20190129,25.81
20190130,25.78
20190131,26.74
20190201,25.61
20190202,23.4
20190203,24.43
20190204,25.29
20190205,25.29
20190206,24.38
20190207,22.81
20190208,23.99
20190209,24.77
20190210,25.57
20190211,24.95
20190212,23.34
20190213,23.65
20190214,25.06
20190215,24.02
20190216,24.56
20190217,25.57
20190218,25.32
20190219,25.9
20190220,25.35
20190221,26.07
20190222,26.1
20190223,25.64
20190224,25.12
20190225,25.42
20190226,25.11
20190227,25.55
20190228,26.75
20190301,27.43
20190302,27.24
20190303,27.56
20190304,27.07
20190305,27.48
20190306,25.95
20190307,24.7
20190308,24.22
20190309,22.96
20190310,21.32
20190311,21.74
20190312,23.08
20190313,24.22
20190314,23.96
20190315,25.31
20190316,26.29
20190317,25.83
20190318,25.46
20190319,25.48
20190320,24.89
20190321,25.15
20190322,26.01
20190323,26.38
20190324,25.41
20190325,24.16
20190326,24.63
20190327,25.32
20190328,23.17
20190329,23.68
20190330,23.72
20190331,22.35
20190401,22.57
20190402,22.08
20190403,22.34
20190404,22.52
20190405,19.88
20190406,20.83
20190407,21.2
20190408,20.87
20190409,21.87
20190410,21.41
20190411,21.92
20190412,22.19
20190413,21.43
20190414,20.61
20190415,19.33
20190416,18.68
20190417,20.75
20190418,22.45
20190419,22.09
20190420,21.55
20190421,19.59
20190422,19.49
20190423,18.22
20190424,19.48
20190425,20.46
20190426,20.12
20190427,21.64
20190428,22.13
20190429,20.99
20190430,19.8
20190501,20.05
20190502,19.94
20190503,19.98
20190504,19.24
20190505,18.82
20190506,19.65
20190507,19.92
20190508,18.73
20190509,18.04
20190510,19.71
20190511,20.16
20190512,18.58
20190513,17.34
20190514,18.23
20190515,19.58
20190516,19.65
20190517,19.47
20190518,19.27
20190519,17.67
20190520,16.7
20190521,16.85
20190522,17.85
20190523,18.28
20190524,18.25
20190525,16.44
20190526,15.21
20190527,16.16
20190528,14.97
20190529,14.92
20190530,16.01
20190531,15.96
20190601,15.55
20190602,16.21
20190603,16.05
20190604,15.83
20190605,17.27
20190606,17.3
20190607,17.36
20190608,15.58
20190609,15.67
20190610,15.16
20190611,13.66
20190612,13.98
20190613,13.42
20190614,12.82
20190615,12.5
20190616,12.77
20190617,13.54
20190618,13.55
20190619,13.03
20190620,12.84
20190621,13.06
20190622,12.95
20190623,14.02
20190624,14.03
20190625,14.2
20190626,13.9
20190627,14.41
20190628,14.63
20190629,14.66
20190630,13.5
20190701,8.72
20190702,11.75
20190703,12.48
20190704,13.45
20190705,14.03
20190706,14.5
20190707,16.51
20190708,15.23
20190709,13.48
20190710,14.27
20190711,14.98
20190712,15.12
20190713,14.42
20190714,14.88
20190715,13.95
20190716,14.04
20190717,14.06
20190718,14.65
20190719,15.0
20190720,15.87
20190721,13.94
20190722,13.51
20190723,12.04
20190724,15.02
20190725,15.35
20190726,15.18
20190727,14.81
20190728,14.56
20190729,14.44
20190730,16.2
20190731,16.23
20190801,15.2
20190802,14.69
20190803,15.4
20190804,15.62
20190805,15.43
20190806,16.48
20190807,17.23
20190808,16.53
20190809,17.4
20190810,20.31
20190811,19.36
20190812,19.45
20190813,20.17
20190814,18.86
20190815,18.5
20190816,17.19
20190817,16.77
20190818,18.0
20190819,17.36
20190820,16.91
20190821,16.81
20190822,16.71
20190823,15.95
20190824,16.38
20190825,17.0
20190826,16.32
20190827,17.31
20190828,16.85
20190829,17.93
20190830,17.39
20190831,12.38
20190901,14.88
20190902,17.97
20190903,18.31
20190904,19.71
20190905,18.8
20190906,21.44
20190907,20.98
20190908,18.37
20190909,16.81
20190910,17.61
20190911,18.37
20190912,17.64
20190913,17.73
20190914,20.88
20190915,21.73
20190916,22.22
20190917,22.83
20190918,22.78
20190919,22.65
20190920,22.76
20190921,21.61
20190922,20.6
20190923,19.54
20190924,21.04
20190925,20.99
20190926,19.35
20190927,18.16
20190928,18.88
20190929,18.08
20190930,14.95
20191001,16.88
20191002,19.38
20191003,20.88
20191004,22.79
20191005,23.28
20191006,23.57
20191007,23.38
20191008,23.32
20191009,24.4
20191010,22.27
20191011,24.59
20191012,24.23
20191013,25.01
20191014,22.43
20191015,23.37
20191016,25.64
20191017,24.87
20191018,23.18
20191019,24.96
20191020,25.71
20191021,24.94
20191022,22.82
20191023,21.58
20191024,22.94
20191025,23.25
20191026,23.47
20191027,22.76
20191028,20.91
20191029,20.36
20191030,23.85
20191031,25.21
20191101,24.3
20191102,24.75
20191103,26.4
20191104,27.09
20191105,26.54
20191106,27.27
20191107,26.65
20191108,25.58
20191109,26.04
20191110,24.64
20191111,22.56
20191112,23.34
20191113,24.22
20191114,25.17
20191115,25.8
20191116,26.23
20191117,25.49
20191118,25.51
20191119,24.59
20191120,24.72
20191121,25.02
20191122,25.23
20191123,25.24
20191124,27.49
20191125,28.07
20191126,27.66
20191127,27.98
20191128,26.15
20191129,27.48
20191130,28.06
20191201,25.23
20191202,24.14
20191203,23.71
20191204,20.09
20191205,19.73
20191206,20.28
20191207,21.43
20191208,20.86
20191209,19.68
20191210,19.86
20191211,22.29
20191212,24.0
20191213,25.16
20191214,25.66
20191215,25.89
20191216,24.52
20191217,24.22
20191218,24.02
20191219,25.01
20191220,24.39
20191221,24.68
20191222,24.84
20191223,23.85
20191224,22.79
20191225,23.91
20191226,24.14
20191227,25.95
20191228,24.95
20191229,24.42
20191230,23.59
20191231,25.02
20200101,25.08
20200102,25.68
20200103,26.13
20200104,25.1
20200105,23.52
20200106,22.76
20200107,23.08
20200108,22.0
20200109,22.09
20200110,25.06
20200111,25.95
20200112,25.4
20200113,26.14
20200114,27.57
20200115,27.15
20200116,26.94
20200117,25.84
20200118,25.34
20200119,22.68
20200120,23.38
20200121,24.79
20200122,24.97
20200123,23.63
20200124,23.15
20200125,24.18
20200126,23.96
20200127,25.29
20200128,26.75
20200129,26.67
20200130,27.13
20200131,28.65
20200201,28.77
20200202,27.81
20200203,28.11
20200204,25.68
20200205,24.04
20200206,25.12
20200207,25.24
20200208,24.01
20200209,23.01
20200210,24.83
20200211,25.14
20200212,24.98
20200213,25.38
20200214,24.82
20200215,23.78
20200216,25.14
20200217,22.44
20200218,22.65
20200219,21.64
20200220,21.85
20200221,21.11
20200222,21.53
20200223,21.95
20200224,22.11
20200225,21.82
20200226,21.35
20200227,22.18
20200228,21.27
20200229,20.09
20200301,19.89
20200302,19.97
20200303,18.96
20200304,19.16
20200305,19.39
20200306,19.09
20200307,19.44
20200308,20.04
20200309,21.61
20200310,21.63
20200311,20.57
20200312,20.89
20200313,21.21
20200314,21.08
20200315,22.1
20200316,22.05
20200317,20.41
20200318,20.78
20200319,20.7
20200320,20.5
20200321,20.76
20200322,21.37
20200323,21.15
20200324,20.29
20200325,21.19
20200326,21.77
20200327,21.7
20200328,22.19
20200329,21.38
20200330,18.42
20200331,19.02
20200401,19.72
20200402,20.53
20200403,19.69
20200404,19.45
20200405,19.09
20200406,17.84
20200407,17.58
20200408,19.2
20200409,19.03
20200410,18.82
20200411,20.04
20200412,19.92
20200413,19.59
20200414,17.83
20200415,17.57
20200416,17.61
20200417,18.27
20200418,20.19
20200419,19.3
20200420,17.96
20200421,17.32
20200422,16.96
20200423,16.41
20200424,16.39
20200425,16.58
20200426,17.41
20200427,17.53
20200428,17.02
20200429,16.44
20200430,17.78
20200501,17.74
20200502,17.68
20200503,18.03
20200504,16.84
20200505,16.62
20200506,15.6
20200507,15.56
20200508,15.94
20200509,15.36
20200510,15.47
20200511,15.04
20200512,15.56
20200513,15.49
20200514,16.4
20200515,16.62
20200516,16.26
20200517,15.06
20200518,14.29
20200519,14.09
20200520,13.62
20200521,14.11
20200522,13.71
20200523,13.76
20200524,14.03
20200525,13.45
20200526,11.05
20200527,11.35
20200528,13.88
20200529,15.92
20200530,15.54
20200531,14.39
20200601,14.1
20200602,14.14
20200603,13.74
20200604,14.98
20200605,16.34
20200606,13.82
20200607,13.25
20200608,12.38
20200609,13.11
20200610,10.11
20200611,5.99
20200612,6.22
20200613,7.71
20200614,9.57
20200615,11.19
20200616,10.56
20200617,10.9
20200618,11.08
20200619,10.31
20200620,11.13
20200621,12.66
20200622,11.09
20200623,11.05
20200624,11.12
20200625,11.78
20200626,12.34
20200627,12.6
20200628,13.68
20200629,12.34
20200630,11.36
20200701,11.38
20200702,12.16
20200703,12.04
20200704,11.95
20200705,11.66
20200706,12.7
20200707,13.73
20200708,11.97
20200709,12.69
20200710,9.04
20200711,8.33
20200712,11.02
20200713,12.01
20200714,9.78
20200715,7.9
20200716,10.3
20200717,9.42
20200718,10.18
20200719,10.91
20200720,10.91
20200721,11.8
20200722,11.81
20200723,11.1
20200724,11.21
20200725,11.72
20200726,13.04
20200727,12.95
20200728,12.79
20200729,13.7
20200730,13.59
20200731,13.26
20200801,13.44
20200802,12.83
20200803,13.45
20200804,14.52
20200805,14.62
20200806,12.45
20200807,11.96
20200808,14.79
20200809,15.06
20200810,15.75
20200811,16.47
20200812,16.6
20200813,14.63
20200814,16.3
20200815,15.87
20200816,16.55
20200817,14.59
20200818,8.93
20200819,9.42
20200820,12.6
20200821,13.72
20200822,14.79
20200823,16.66
20200824,17.22
20200825,17.07
20200826,15.54
20200827,15.52
20200828,13.91
20200829,10.47
20200830,10.96
20200831,13.97
20200901,15.74
20200902,17.09
20200903,20.42
20200904,19.45
20200905,20.77
20200906,20.62
20200907,20.28
20200908,19.74
20200909,19.22
20200910,19.33
20200911,19.56
20200912,19.51
20200913,18.64
20200914,18.44
20200915,17.67
20200916,15.27
20200917,18.51
20200918,21.11
20200919,20.92
20200920,21.04
20200921,18.75
20200922,21.33
20200923,23.28
20200924,23.67
20200925,21.93
20200926,19.3
20200927,17.17
20200928,17.04
20200929,18.11
20200930,18.54
20201001,15.8
20201002,16.47
20201003,20.19
20201004,22.86
20201005,23.8
20201006,21.27
20201007,21.51
20201008,21.88
20201009,20.61
20201010,19.57
20201011,21.1
20201012,22.4
20201013,24.56
20201014,25.48
20201015,26.0
20201016,26.75
20201017,26.62
20201018,26.26
20201019,25.83
20201020,25.18
20201021,25.47
20201022,26.34
20201023,27.1
20201024,27.18
20201025,27.55
20201026,25.28
20201027,25.87
20201028,25.1
20201029,23.31
20201030,24.23
20201031,25.47
20201101,25.2
20201102,24.96
20201103,22.83
20201104,20.54
20201105,20.41
20201106,22.24
20201107,23.58
20201108,24.98
20201109,24.51
20201110,25.01
20201111,26.56
20201112,26.53
20201113,21.2
20201114,23.04
20201115,23.13
20201116,22.7
20201117,22.89
20201118,23.24
20201119,24.39
20201120,25.46
20201121,24.51
20201122,23.79
20201123,22.92
20201124,22.02
20201125,23.39
20201126,25.27
20201127,26.43
20201128,24.47
20201129,25.18
20201130,24.67
20201201,23.76
20201202,24.54
20201203,24.82
20201204,23.32
20201205,23.94
20201206,24.35
20201207,24.47
20201208,23.87
20201209,23.14
20201210,23.16
20201211,22.62
20201212,22.47
20201213,25.5
20201214,25.99
20201215,26.26
20201216,27.16
20201217,26.73
20201218,27.3
20201219,27.68
20201220,22.31
20201221,19.49
20201222,21.65
20201223,24.92
20201224,25.94
20201225,26.63
20201226,27.18
20201227,25.89
20201228,25.09
20201229,22.63
20201230,22.42
20201231,22.25
20210101,22.47
20210102,21.63
20210103,21.41
20210104,20.92
20210105,21.2
20210106,21.49
20210107,21.77
20210108,22.19
20210109,20.25
20210110,19.89
20210111,20.3
20210112,20.4
20210113,20.78
20210114,20.72
20210115,19.55
20210116,19.85
20210117,20.91
20210118,21.97
20210119,21.24
20210120,21.42
20210121,22.11
20210122,21.28
20210123,21.3
20210124,21.62
20210125,20.38
20210126,19.96
20210127,20.94
20210128,21.48
20210129,21.84
20210130,21.64
20210131,20.85
20210201,19.34
20210202,19.89
20210203,20.44
20210204,21.62
20210205,21.34
20210206,21.62
20210207,22.03
20210208,21.94
20210209,21.53
20210210,20.59
20210211,19.76
20210212,19.09
20210213,18.49
20210214,19.15
20210215,19.45
20210216,19.85
20210217,19.74
20210218,20.03
20210219,21.23
20210220,21.74
20210221,20.62
20210222,20.08
20210223,20.5
20210224,19.9
20210225,20.92
20210226,21.38
20210227,21.35
20210228,20.62
20210301,20.39
20210302,20.23
20210303,20.32
20210304,20.82
20210305,22.33
20210306,23.37
20210307,22.36
20210308,20.94
20210309,20.72
20210310,21.1
20210311,21.07
20210312,22.41
20210313,22.95
20210314,21.7
20210315,21.24
20210316,20.77
20210317,20.76
20210318,20.68
20210319,20.57
20210320,20.84
20210321,20.92
20210322,20.45
20210323,20.7
20210324,20.2
20210325,20.97
20210326,19.26
20210327,17.88
20210328,19.45
20210329,20.2
20210330,18.55
20210331,18.58
20210401,18.98
20210402,20.22
20210403,21.02
20210404,21.3
20210405,20.94
20210406,21.17
20210407,20.65
20210408,20.26
20210409,19.42
20210410,18.78
20210411,19.03
20210412,18.95
20210413,18.46
20210414,17.43
20210415,18.2
20210416,19.09
20210417,18.47
20210418,18.34
20210419,18.23
20210420,17.93
20210421,17.9
20210422,18.35
20210423,19.41
20210424,18.59
20210425,18.78
20210426,17.73
20210427,18.4
20210428,18.98
20210429,18.04
20210430,17.4
20210501,17.44
20210502,17.87
20210503,16.99
20210504,17.24
20210505,17.34
20210506,16.91
20210507,17.01
20210508,16.56
20210509,16.54
20210510,15.15
20210511,15.02
20210512,15.23
20210513,14.77
20210514,14.69
20210515,15.15
20210516,16.24
20210517,17.58
20210518,15.79
20210519,15.54
20210520,14.96
20210521,15.75
20210522,15.34
20210523,14.41
20210524,14.3
20210525,14.15
20210526,14.45
20210527,14.41
20210528,15.11
20210529,16.78
20210530,15.52
20210531,15.2
20210601,12.57
20210602,11.74
20210603,10.54
20210604,10.83
20210605,10.84
20210606,10.67
20210607,12.52
20210608,12.42
20210609,14.26
20210610,14.21
20210611,13.07
20210612,13.26
20210613,12.86
20210614,12.63
20210615,12.42
20210616,12.42
20210617,13.96
20210618,13.68
20210619,13.88
20210620,12.81
20210621,12.24
20210622,11.8
20210623,12.02
20210624,12.65
20210625,13.48
20210626,13.82
20210627,13.76
20210628,14.27
20210629,14.32
20210630,12.99
20210701,14.72
20210702,13.93
20210703,14.31
20210704,15.14
20210705,13.57
20210706,12.83
20210707,12.15
20210708,12.76
20210709,12.4
20210710,12.5
20210711,12.73
20210712,10.69
20210713,6.94
20210714,7.57
20210715,8.98
20210716,10.77
20210717,12.4
20210718,12.1
20210719,12.71
20210720,12.77
20210721,12.37
20210722,11.62
20210723,11.0
20210724,10.4
20210725,11.26
20210726,10.73
20210727,11.17
20210728,12.46
20210729,12.99
20210730,12.66
20210731,12.5
20210801,12.19
20210802,13.59
20210803,14.69
20210804,14.77
20210805,15.11
20210806,15.24
20210807,16.04
20210808,16.25
20210809,16.01
20210810,14.41
20210811,16.13
20210812,15.51
20210813,14.41
20210814,16.55
20210815,16.9
20210816,17.23
20210817,16.93
20210818,15.51
20210819,14.15
20210820,13.52
20210821,15.02
20210822,17.37
20210823,18.1
20210824,19.74
20210825,19.05
20210826,18.6
20210827,13.45
20210828,7.7
20210829,13.02
20210830,15.89
20210831,18.5
20210901,18.21
20210902,18.79
20210903,19.66
20210904,19.86
20210905,19.61
20210906,18.86
20210907,18.11
20210908,20.46
20210909,21.89
20210910,22.02
20210911,21.16
20210912,21.29
20210913,20.36
20210914,20.35
20210915,19.68
20210916,19.55
20210917,19.18
20210918,20.17
20210919,20.93
20210920,21.09
20210921,21.34
20210922,22.46
20210923,22.96
20210924,23.08
20210925,23.75
20210926,23.84
20210927,23.01
20210928,22.65
20210929,21.07
20210930,21.3
20211001,16.78
20211002,15.0
20211003,17.5
20211004,19.58
20211005,21.48
20211006,22.29
20211007,21.76
20211008,22.74
20211009,21.77
20211010,23.38
20211011,24.62
20211012,25.21
20211013,24.46
20211014,24.27
20211015,22.17
20211016,19.86
20211017,19.53
20211018,20.34
20211019,23.05
20211020,22.09
20211021,17.66
20211022,16.58
20211023,16.52
20211024,18.45
20211025,20.21
20211026,22.34
20211027,18.51
20211028,20.85
20211029,21.67
20211030,21.44
20211031,19.86
20211101,19.0
20211102,19.75
20211103,21.36
20211104,23.51
20211105,24.18
20211106,24.17
20211107,22.39
20211108,18.46
20211109,20.61
20211110,24.27
20211111,25.82
20211112,25.19
20211113,25.84
20211114,26.92
20211115,27.63
20211116,26.36
20211117,24.3
20211118,24.06
20211119,23.45
20211120,23.15
20211121,20.97
20211122,19.36
20211123,21.26
20211124,22.08
20211125,22.17
20211126,21.14
20211127,22.22
20211128,23.2
20211129,24.45
20211130,24.46
20211201,25.2
20211202,23.5
20211203,21.12
20211204,18.98
20211205,19.89
20211206,21.51
20211207,24.64
20211208,24.99
20211209,25.76
20211210,23.54
20211211,24.74
20211212,25.25
20211213,24.69
20211214,24.79
20211215,24.37
20211216,23.93
20211217,24.54
20211218,23.8
20211219,24.0
20211220,21.16
20211221,22.04
20211222,21.05
20211223,19.85
20211224,21.41
20211225,22.65
20211226,21.61
20211227,18.07
20211228,20.02
20211229,21.36
20211230,22.98
20211231,22.85
20220101,23.36
20220102,24.92
20220103,24.95
20220104,24.95
20220105,24.76
20220106,25.26
20220107,25.81
20220108,24.47
20220109,25.49
20220110,23.8
20220111,22.32
20220112,24.37
20220113,24.0
20220114,23.04
20220115,22.91
20220116,22.18
20220117,23.04
20220118,22.49
20220119,21.67
20220120,19.3
20220121,20.33
20220122,21.43
20220123,20.08
20220124,19.49
20220125,21.13
20220126,22.71
20220127,23.31
20220128,24.14
20220129,24.36
20220130,22.58
20220131,20.8
20220201,19.41
20220202,18.77
20220203,19.92
20220204,21.5
20220205,22.17
20220206,21.03
20220207,21.27
20220208,21.1
20220209,21.79
20220210,22.66
20220211,21.37
20220212,20.67
20220213,19.58
20220214,18.9
20220215,19.16
20220216,21.34
20220217,21.74
20220218,21.92
20220219,21.79
20220220,22.19
20220221,21.93
20220222,22.36
20220223,22.17
20220224,21.11
20220225,20.36
20220226,20.94
20220227,21.56
20220228,21.56
20220301,20.94
20220302,20.38
20220303,17.89
20220304,17.13
20220305,19.3
20220306,19.82
20220307,20.27
20220308,21.17
20220309,21.89
20220310,21.65
20220311,22.19
20220312,22.59
20220313,19.23
20220314,18.45
20220315,18.12
20220316,18.88
20220317,19.3
20220318,19.44
20220319,19.19
20220320,19.94
20220321,20.6
20220322,20.45
20220323,20.57
20220324,19.4
20220325,19.44
20220326,19.82
20220327,20.14
20220328,19.91
20220329,19.93
20220330,19.93
20220331,20.7
20220401,21.69
20220402,20.79
20220403,18.46
20220404,16.55
20220405,16.58
20220406,17.66
20220407,18.36
20220408,18.49
20220409,18.37
20220410,17.93
20220411,18.23
20220412,18.96
20220413,18.43
20220414,18.86
20220415,18.67
20220416,18.46
20220417,18.63
20220418,18.81
20220419,18.32
20220420,17.35
20220421,16.97
20220422,17.77
20220423,17.76
20220424,16.87
20220425,17.06
20220426,18.89
20220427,19.03
20220428,19.6
20220429,18.9
20220430,18.23
20220501,17.17
20220502,17.49
20220503,16.85
20220504,15.44
20220505,15.7
20220506,15.24
20220507,14.96
20220508,13.71
20220509,16.44
20220510,17.72
20220511,17.79
20220512,17.28
20220513,16.37
20220514,17.12
20220515,16.11
20220516,16.5
20220517,15.18
20220518,14.56
20220519,14.5
20220520,9.02
20220521,6.52
20220522,10.48
20220523,13.01
20220524,15.41
20220525,15.51
20220526,16.67
20220527,15.15
20220528,14.48
20220529,15.51
20220530,14.16
20220531,12.65
20220601,10.8
20220602,11.15
20220603,10.76
20220604,11.75
20220605,11.81
20220606,12.01
20220607,11.59
20220608,11.55
20220609,11.23
20220610,11.76
20220611,12.53
20220612,13.46
20220613,12.9
20220614,9.03
20220615,9.19
20220616,11.56
20220617,13.84
20220618,14.09
20220619,11.83
20220620,6.22
20220621,5.49
20220622,8.23
20220623,9.98
20220624,10.11
20220625,7.77
20220626,11.74
20220627,11.68
20220628,10.51
20220629,10.17
20220630,9.87
20220701,11.48
20220702,12.65
20220703,13.3
20220704,13.67
20220705,13.68
20220706,14.32
20220707,13.99
20220708,13.86
20220709,13.26
20220710,11.24
20220711,13.24
20220712,13.99
20220713,14.84
20220714,13.89
20220715,13.16
20220716,12.89
20220717,12.98
20220718,12.28
20220719,12.64
20220720,12.96
20220721,13.27
20220722,14.01
20220723,14.91
20220724,16.07
20220725,16.09
20220726,15.81
20220727,16.69
20220728,16.06
20220729,15.1
20220730,15.17
20220731,13.44
20220801,10.26
20220802,8.59
20220803,10.8
20220804,13.37
20220805,17.88
20220806,17.19
20220807,16.96
20220808,17.47
20220809,18.62
20220810,18.07
20220811,19.19
20220812,18.69
20220813,15.95
20220814,14.38
20220815,15.99
20220816,17.04
20220817,15.94
20220818,13.85
20220819,9.89
20220820,11.34
20220821,13.15
20220822,14.07
20220823,15.21
20220824,17.03
20220825,16.56
20220826,17.43
20220827,18.95
20220828,18.53
20220829,19.29
20220830,20.41
20220831,20.74
20220901,20.91
20220902,19.63
20220903,19.01
20220904,19.03
20220905,19.0
20220906,20.46
20220907,21.83
20220908,21.8
20220909,22.22
20220910,22.17
20220911,21.28
20220912,19.4
20220913,19.98
20220914,21.83
20220915,22.3
20220916,22.04
20220917,21.21
20220918,19.38
20220919,14.65
20220920,12.99
20220921,17.21
20220922,19.61
20220923,21.04
20220924,23.04
20220925,20.97
20220926,19.46
20220927,22.58
20220928,24.59
20220929,24.71
20220930,24.5
20221001,25.82
20221002,25.87
20221003,25.33
20221004,25.0
20221005,25.31
20221006,25.67
20221007,26.04
20221008,25.88
20221009,24.74
20221010,24.5
20221011,24.48
20221012,24.6
20221013,24.87
20221014,25.94
20221015,21.54
20221016,18.78
20221017,19.16
20221018,20.71
20221019,22.15
20221020,22.88
20221021,22.31
20221022,23.95
20221023,24.79
20221024,24.46
20221025,24.17
20221026,23.92
20221027,23.15
20221028,23.62
20221029,24.83
20221030,21.35
20221031,23.02
20221101,24.13
20221102,22.76
20221103,21.31
20221104,20.37
20221105,22.26
20221106,20.72
20221107,18.46
20221108,19.68
20221109,20.82
20221110,22.07
20221111,21.8
20221112,19.23
20221113,18.33
20221114,21.94
20221115,23.25
20221116,24.13
20221117,24.14
20221118,24.46
20221119,23.53
20221120,22.39
20221121,20.14
20221122,21.87
20221123,22.9
20221124,23.63
20221125,24.65
20221126,24.43
20221127,23.53
20221128,24.18
20221129,26.04
20221130,26.97
20221201,26.17
20221202,24.37
20221203,25.33
20221204,24.71
20221205,23.46
20221206,20.83
20221207,21.26
20221208,22.02
20221209,23.97
20221210,23.96
20221211,21.44
20221212,21.67
20221213,24.19
20221214,21.87
20221215,20.05
20221216,21.06
20221217,19.44
20221218,21.05
20221219,21.78
20221220,22.61
20221221,25.19
20221222,25.18
20221223,22.03
20221224,22.16
20221225,21.04
20221226,21.31
20221227,22.74
20221228,22.51
20221229,23.34
20221230,22.73
20221231,22.79
20230101,23.2
20230102,23.01
20230103,22.09
20230104,20.96
20230105,19.52
20230106,20.17
20230107,21.82
20230108,23.28
20230109,24.21
20230110,24.51
20230111,24.63
20230112,24.83
20230113,24.18
20230114,23.82
20230115,23.41
20230116,22.52
20230117,22.07
20230118,22.46
20230119,21.92
20230120,22.24
20230121,22.26
20230122,22.19
20230123,21.48
20230124,19.29
20230125,21.76
20230126,22.65
20230127,23.75
20230128,22.55
20230129,21.06
20230130,21.43
20230131,21.85
20230201,20.64
20230202,22.14
20230203,22.04
20230204,20.74
20230205,20.29
20230206,20.07
20230207,19.95
20230208,21.04
20230209,21.41
20230210,21.42
20230211,20.81
20230212,20.46
20230213,20.77
20230214,21.13
20230215,20.86
20230216,19.42
20230217,18.97
20230218,19.42
20230219,20.45
20230220,17.28
20230221,19.57
20230222,23.39
20230223,23.99
20230224,24.45
20230225,24.21
20230226,25.14
20230227,25.08
20230228,23.04
20230301,21.33
20230302,21.48
20230303,21.81
20230304,20.95
20230305,20.52
20230306,21.27
20230307,22.27
20230308,22.4
20230309,22.24
20230310,23.07
20230311,23.45
20230312,23.82
20230313,23.77
20230314,24.12
20230315,22.14
20230316,22.64
20230317,23.95
20230318,24.3
20230319,23.29
20230320,23.07
20230321,23.19
20230322,22.87
20230323,19.84
20230324,20.29
20230325,20.98
20230326,21.19
20230327,22.95
20230328,22.19
20230329,22.11
20230330,20.06
20230331,21.22
20230401,21.02
20230402,20.7
20230403,22.01
20230404,22.43
20230405,23.3
20230406,23.28
20230407,23.01
20230408,22.21
20230409,20.99
20230410,19.77
20230411,19.85
20230412,21.61
20230413,21.4
20230414,21.47
20230415,21.95
20230416,22.06
20230417,18.05
20230418,19.78
20230419,19.46
20230420,19.32
20230421,16.65
20230422,19.11
20230423,21.4
20230424,19.23
20230425,20.62
20230426,21.96
20230427,22.68
20230428,22.6
20230429,22.76
20230430,21.83
20230501,20.3
20230502,18.74
20230503,20.91
20230504,20.83
20230505,20.21
20230506,19.22
20230507,19.0
20230508,18.42
20230509,17.98
20230510,18.78
20230511,18.88
20230512,18.49
20230513,18.54
20230514,18.99
20230515,18.18
20230516,17.45
20230517,16.16
20230518,14.89
20230519,14.14
20230520,16.73
20230521,17.56
20230522,18.12
20230523,19.05
20230524,18.08
20230525,14.66
20230526,14.85
20230527,17.66
20230528,17.0
20230529,10.73
20230530,10.87
20230531,12.41
20230601,16.27
20230602,15.29
20230603,13.37
20230604,12.31
20230605,13.52
20230606,15.25
20230607,15.59
20230608,15.49
20230609,15.05
20230610,15.52
20230611,15.18
20230612,10.68
20230613,12.0
20230614,12.45
20230615,14.12
20230616,13.02
20230617,13.54
20230618,14.81
20230619,13.89
20230620,13.89
20230621,14.49
20230622,14.32
20230623,13.83
20230624,13.16
20230625,12.99
20230626,12.25
20230627,6.65
20230628,6.56
20230629,9.16
20230630,11.03
20230701,12.77
20230702,14.8
20230703,14.41
20230704,14.52
20230705,13.79
20230706,13.2
20230707,13.09
20230708,13.4
20230709,9.16
20230710,4.46
20230711,6.58
20230712,8.03
20230713,9.3
20230714,11.44
20230715,12.7
20230716,13.17
20230717,12.89
20230718,13.61
20230719,13.59
20230720,12.9
20230721,13.68
20230722,15.09
20230723,16.16
20230724,17.01
20230725,16.16
20230726,15.86
20230727,16.4
20230728,13.85
20230729,5.85
20230730,6.31
20230731,10.62
20230801,10.78
20230802,11.9
20230803,14.08
20230804,14.49
20230805,14.84
20230806,15.1
20230807,14.7
20230808,15.29
20230809,16.87
20230810,17.19
20230811,16.75
20230812,16.76
20230813,16.28
20230814,16.14
20230815,18.13
20230816,18.79
20230817,18.04
20230818,19.07
20230819,18.5
20230820,19.92
20230821,20.04
20230822,18.96
20230823,17.56
20230824,18.79
20230825,18.08
20230826,15.12
20230827,16.98
20230828,18.62
20230829,19.53
20230830,19.15
20230831,19.02
20230901,19.35
20230902,19.39
20230903,19.63
20230904,21.5
20230905,20.03
20230906,20.61
20230907,22.34
20230908,22.81
20230909,22.26
20230910,21.54
20230911,14.0
20230912,13.28
20230913,17.66
20230914,21.1
20230915,20.68
20230916,20.56
20230917,20.7
20230918,21.6
20230919,20.47
20230920,19.41
20230921,22.39
20230922,22.52
20230923,22.18
20230924,14.88
20230925,12.96
20230926,14.7
20230927,17.44
20230928,19.67
20230929,21.4
20230930,22.96
20231001,23.99
20231002,26.29
20231003,25.3
20231004,26.2
20231005,24.92
20231006,25.38
20231007,24.67
20231008,24.74
20231009,25.65
20231010,25.68
20231011,23.8
20231012,21.71
20231013,22.02
20231014,23.17
20231015,20.8
20231016,20.99
20231017,23.05
20231018,24.8
20231019,25.48
20231020,25.14
20231021,23.76
20231022,22.8
20231023,23.62
20231024,25.65
20231025,27.23
20231026,27.43
20231027,26.7
20231028,25.32
20231029,23.99
20231030,24.04
20231031,24.37
20231101,25.18
20231102,25.55
20231103,24.15
20231104,23.15
20231105,21.9
20231106,20.11
20231107,20.29
20231108,24.16
20231109,26.74
20231110,28.11
20231111,27.22
20231112,27.39
20231113,27.21
20231114,27.34
20231115,26.25
20231116,22.91
20231117,24.37
20231118,26.56
20231119,26.31
20231120,25.61
20231121,25.99
20231122,27.41
20231123,26.17
20231124,22.27
20231125,23.01
20231126,25.47
20231127,28.01
20231128,27.87
20231129,25.96
20231130,28.38
20231201,26.5
20231202,25.48
20231203,23.16
20231204,24.5
20231205,25.83
20231206,24.64
20231207,25.58
20231208,25.47
20231209,25.12
20231210,23.23
20231211,24.59
20231212,26.4
20231213,26.55
20231214,24.98
20231215,25.07
20231216,25.64
20231217,27.32
20231218,27.85
20231219,28.23
20231220,28.44
20231221,27.58
20231222,27.45
20231223,27.04
20231224,25.26
20231225,24.81
20231226,24.59
20231227,24.24
20231228,22.9
20231229,21.34
20231230,21.56
20231231,23.43
20240101,25.83
20240102,26.73
20240103,26.18
20240104,26.65
20240105,26.29
20240106,27.43
20240107,24.68
20240108,25.09
20240109,23.68
20240110,23.11
20240111,23.52
20240112,24.71
20240113,26.09
20240114,27.5
20240115,27.24
20240116,25.0
20240117,23.97
20240118,24.6
20240119,25.18
20240120,24.04
20240121,24.17
20240122,24.36
20240123,26.11
20240124,26.44
20240125,26.19
20240126,25.86
20240127,24.8
20240128,24.21
20240129,23.64
20240130,24.62
20240131,24.48
20240201,22.07
20240202,21.32
20240203,20.84
20240204,23.31
20240205,24.66
20240206,24.4
20240207,21.26
20240208,22.84
20240209,24.28
20240210,24.87
20240211,24.5
20240212,24.1
20240213,24.56
20240214,25.09
20240215,23.41
20240216,21.47
20240217,21.24
20240218,24.51
20240219,25.68
20240220,25.32
20240221,25.1
20240222,24.48
20240223,25.05
20240224,23.75
20240225,23.2
20240226,24.19
20240227,24.56
20240228,23.48
20240229,23.53
20240301,24.48
20240302,24.46
20240303,24.09
20240304,22.26
20240305,20.97
20240306,22.73
20240307,22.97
20240308,24.84
20240309,26.38
20240310,26.41
20240311,25.17
20240312,24.65
20240313,23.9
20240314,23.61
20240315,25.41
20240316,26.8
20240317,26.08
20240318,24.92
20240319,24.25
20240320,25.51
20240321,24.2
20240322,24.47
20240323,23.12
20240324,22.8
20240325,23.39
20240326,22.6
20240327,20.99
20240328,22.53
20240329,23.38
20240330,21.25
20240331,20.05
20240401,20.03
20240402,20.61
20240403,20.01
20240404,20.69
20240405,21.31
20240406,20.2
20240407,15.51
20240408,13.44
20240409,14.74
20240410,17.22
20240411,19.0
20240412,20.03
20240413,20.32
20240414,20.05
20240415,19.32
20240416,19.38
20240417,20.67
20240418,21.81
20240419,20.72
20240420,20.72
20240421,20.56
20240422,21.62
20240423,20.61
20240424,21.05
20240425,20.94
20240426,21.06
20240427,19.99
20240428,20.29
20240429,19.64
20240430,19.89
20240501,19.02
20240502,18.05
20240503,17.35
20240504,17.67
20240505,17.37
20240506,17.48
20240507,18.57
20240508,20.21
20240509,21.78
20240510,20.71
20240511,21.37
20240512,20.3
20240513,19.01
20240514,18.82
20240515,18.17
20240516,16.84
20240517,16.48
20240518,16.26
20240519,16.59
20240520,16.57
20240521,15.9
20240522,15.55
20240523,15.63
20240524,15.21
20240525,15.29
20240526,15.76
20240527,15.43
20240528,15.48
20240529,14.83
20240530,14.47
20240531,14.0
20240601,11.0
20240602,4.25
20240603,6.17
20240604,9.92
20240605,9.72
20240606,6.83
20240607,8.57
20240608,9.77
20240609,12.38
20240610,14.02
20240611,13.95
20240612,13.94
20240613,13.28
20240614,12.55
20240615,12.58
20240616,12.76
20240617,12.94
20240618,13.26
20240619,13.58
20240620,13.53
20240621,14.85
20240622,14.37
20240623,13.56
20240624,12.95
20240625,12.55
20240626,12.17
20240627,12.2
20240628,12.79
20240629,12.76
20240630,13.66
20240701,13.32
20240702,14.45
20240703,14.88
20240704,15.14
20240705,14.94
20240706,13.96
20240707,10.78
20240708,9.06
20240709,11.07
20240710,13.06
20240711,13.16
20240712,12.8
20240713,10.98
20240714,14.06
20240715,15.71
20240716,15.43
20240717,15.17
20240718,14.55
20240719,16.07
20240720,15.26
20240721,14.55
20240722,16.26
20240723,16.98
20240724,17.35
20240725,16.48
20240726,14.45
20240727,13.17
20240728,12.51
20240729,12.63
20240730,12.61
20240731,12.1
20240801,14.43
20240802,17.76
20240803,18.17
20240804,15.33
20240805,16.52
20240806,17.31
20240807,17.62
20240808,17.07
20240809,18.44
20240810,18.01
20240811,19.36
20240812,19.11
20240813,18.0
20240814,16.59
20240815,18.25
20240816,18.8
20240817,18.83
20240818,19.05
20240819,18.32
20240820,18.35
20240821,18.8
20240822,18.32
20240823,17.77
20240824,16.86
20240825,18.46
20240826,19.82
20240827,19.49
20240828,17.46
20240829,17.49
20240830,19.03
20240831,19.56
20240901,20.87
20240902,19.03
20240903,17.12
20240904,18.28
20240905,18.72
20240906,19.22
20240907,20.37
20240908,20.17
20240909,20.52
20240910,20.44
20240911,20.26
20240912,21.67
20240913,23.1
20240914,22.87
20240915,22.19
20240916,17.91
20240917,17.15
20240918,19.07
20240919,20.17
20240920,18.01
20240921,19.24
20240922,21.54
20240923,22.93
20240924,22.24
20240925,22.93
20240926,22.87
20240927,22.72
20240928,20.97
20240929,16.68
20240930,16.11
20241001,17.44
20241002,20.81
20241003,22.8
20241004,22.66
20241005,21.44
20241006,22.07
20241007,22.1
20241008,23.41
20241009,24.43
20241010,24.39
20241011,25.05
20241012,25.62
20241013,25.74
20241014,25.42
20241015,24.94
20241016,24.41
20241017,23.56
20241018,21.99
20241019,22.81
20241020,20.48
20241021,19.16
20241022,21.63
20241023,23.38
20241024,25.06
20241025,26.31
20241026,25.42
20241027,18.78
20241028,17.34
20241029,19.24
20241030,22.19
20241031,24.33
20241101,26.01
20241102,27.0
20241103,25.84
20241104,24.99
20241105,23.24
20241106,25.05
20241107,27.14
20241108,22.5
20241109,21.23
20241110,22.05
20241111,20.94
20241112,22.28
20241113,24.16
20241114,25.23
20241115,25.56
20241116,25.93
20241117,26.49
20241118,25.97
20241119,27.53
20241120,25.63
20241121,25.82
20241122,26.35
20241123,27.16
20241124,26.79
20241125,26.09
20241126,25.22
20241127,23.94
20241128,25.08
20241129,26.08
20241130,26.74
20241201,26.73
20241202,26.09
20241203,26.37
20241204,26.43
20241205,25.17
20241206,25.91
20241207,28.49
20241208,29.86
20241209,29.16
20241210,29.57
20241211,29.8
20241212,28.77
20241213,27.33
20241214,27.11
20241215,26.43
20241216,25.82
20241217,25.37
20241218,24.31
20241219,24.78
20241220,26.8
20241221,26.82
20241222,23.01
20241223,23.05
20241224,25.92
20241225,26.17
20241226,22.7
20241227,24.45
20241228,24.65
20241229,25.2
20241230,24.56
20241231,25.39
20250101,26.65
20250102,25.05
20250103,21.65
20250104,21.7
20250105,19.62
20250106,21.25
20250107,21.54
20250108,21.95
20250109,22.78
20250110,23.92
20250111,24.26
20250112,24.11
20250113,23.84
20250114,22.86
20250115,20.53
20250116,21.14
20250117,22.62
20250118,23.12
20250119,24.29
20250120,24.43
20250121,24.6
20250122,23.05
20250123,24.11
20250124,25.08
20250125,27.01
20250126,26.41
20250127,25.06
20250128,25.73
20250129,23.97
20250130,23.24
20250131,25.28
20250201,24.8
20250202,26.47
20250203,24.09
20250204,24.49
20250205,24.26
20250206,24.64
20250207,25.34
20250208,24.9
20250209,26.4
20250210,26.52
20250211,24.09
20250212,25.57
20250213,24.32
20250214,24.01
20250215,23.91
20250216,23.45
20250217,23.44
20250218,23.68
20250219,23.66
20250220,23.14
20250221,21.36
20250222,22.66
20250223,23.2
20250224,22.41
20250225,21.67
20250226,22.89
20250227,22.21
20250228,22.1
20250301,21.52
20250302,22.33
20250303,23.42
20250304,22.27
20250305,21.52
20250306,23.32
20250307,23.44
20250308,23.26
20250309,19.73
20250310,21.45
20250311,22.65
20250312,22.29
20250313,22.17
20250314,22.2
20250315,21.75
20250316,21.12
20250317,18.81
20250318,19.62
20250319,18.7
20250320,18.35
20250321,18.36
20250322,19.09
20250323,19.19
20250324,20.04
20250325,21.52
20250326,20.99
20250327,20.03
20250328,20.07
20250329,20.05
20250330,19.42
20250331,19.64
20250401,19.87
20250402,19.01
20250403,18.36
20250404,18.58
20250405,18.26
20250406,18.02
20250407,17.77
20250408,16.96
20250409,17.0
20250410,17.38
20250411,18.89
20250412,19.63
20250413,18.42
20250414,18.92
20250415,18.97
20250416,19.12
20250417,18.77
20250418,18.79
20250419,17.45
20250420,17.35
20250421,17.16
20250422,16.69
20250423,15.19
20250424,15.37
20250425,17.18
20250426,17.37
20250427,17.18
20250428,17.56
20250429,18.54
20250430,18.01
20250501,14.94
20250502,12.4
20250503,13.62
20250504,14.87
20250505,14.62
20250506,15.39
20250507,15.16
20250508,14.75
20250509,14.35
20250510,14.12
20250511,12.98
20250512,12.77
20250513,12.72
20250514,13.65
20250515,14.37
20250516,15.01
20250517,15.99
20250518,15.68
20250519,15.2
20250520,12.08
20250521,8.7
20250522,10.33
20250523,11.26
20250524,12.87
20250525,14.07
20250526,14.59
20250527,14.87
20250528,12.62
20250529,13.45
20250530,13.24
20250531,12.93
20250601,12.87
20250602,13.23
20250603,14.09
20250604,15.16
20250605,14.17
20250606,13.94
20250607,13.96
20250608,10.13
20250609,4.74
20250610,6.37
20250611,7.47
20250612,8.37
20250613,9.99
20250614,10.93
20250615,11.52
20250616,12.56
20250617,12.52
20250618,13.11
20250619,12.09
20250620,13.63
20250621,11.96
20250622,13.11
20250623,13.02
20250624,12.21
20250625,12.2
20250626,6.17
20250627,6.05
20250628,7.92
20250629,8.97
20250630,9.86
20250701,11.46
20250702,12.24
20250703,9.95
20250704,10.49
20250705,12.07
20250706,11.88
20250707,9.66
20250708,10.74
20250709,11.39
20250710,11.64
20250711,12.03
20250712,11.43
20250713,11.68
20250714,12.03
20250715,12.75
20250716,12.47
20250717,12.67
20250718,12.65
20250719,13.42
20250720,12.87
20250721,13.38
20250722,13.83
20250723,14.38
20250724,14.06
20250725,13.91
20250726,14.26
20250727,13.99
20250728,14.54
20250729,14.4
20250730,14.28
20250731,14.68
20250801,14.31
20250802,13.66
20250803,12.98
20250804,12.29
20250805,7.82
20250806,5.71
20250807,8.46
20250808,10.89
20250809,11.6
20250810,13.87
20250811,13.78
20250812,14.94
20250813,14.73
20250814,15.22
20250815,14.14
20250816,12.76
20250817,14.02
20250818,14.59
20250819,17.71
20250820,17.8
20250821,18.16
20250822,18.66
20250823,17.99
20250824,18.71
20250825,16.92
20250826,14.52
20250827,10.59
20250828,13.3
20250829,17.32
20250830,20.71
20250831,19.49
20250901,19.37
20250902,19.9
20250903,19.89
20250904,19.23
20250905,19.23
20250906,18.89
20250907,18.18
20250908,17.98
20250909,15.54
20250910,17.52
20250911,20.42
20250912,21.53
20250913,21.32
20250914,20.68
20250915,20.11
20250916,18.38
20250917,19.53
20250918,21.63
20250919,23.8
20250920,23.83
20250921,22.48
20250922,22.35
20250923,21.57
20250924,20.48
20250925,21.75
20250926,21.24
20250927,17.05
20250928,17.35
20250929,19.71
20250930,22.18
20251001,22.63
20251002,23.92
20251003,24.68
20251004,25.1
20251005,24.41
20251006,24.06
20251007,24.38
20251008,24.82
20251009,25.2
20251010,23.01
20251011,21.7
20251012,21.17
20251013,22.64
20251014,24.03
20251015,25.08
20251016,25.15
20251017,24.2
20251018,22.8
20251019,23.16
20251020,24.42
20251021,23.66
20251022,24.46
20251023,24.31
20251024,22.86
20251025,21.21
20251026,18.8
20251027,20.25
20251028,24.1
20251029,24.79
20251030,25.06
20251031,24.57
20251101,23.72
20251102,23.44
20251103,21.1
20251104,23.22
20251105,24.52
20251106,24.95
20251107,24.4
20251108,23.11
20251109,22.22
20251110,23.51
20251111,24.71
20251112,24.79
20251113,21.72
20251114,20.06
20251115,20.81
20251116,20.37
20251117,22.54
20251118,23.65
20251119,24.39
20251120,24.4
20251121,24.59
20251122,22.97
20251123,21.48
20251124,22.7
20251125,24.46
20251126,22.73
20251127,23.07
20251128,23.46
20251129,22.15
20251130,22.9
20251201,24.04
20251202,24.3
20251203,26.01
20251204,26.62
20251205,23.83
20251206,20.18
20251207,20.98
20251208,21.51
20251209,24.02
20251210,25.27
20251211,22.71
20251212,19.01
20251213,20.52
20251214,21.57
20251215,22.34
20251216,22.07
20251217,22.16
20251218,23.03
20251219,23.37
20251220,23.54
20251221,22.89
20251222,22.18
20251223,21.72
20251224,22.53
20251225,24.61
20251226,23.83
20251227,21.89
20251228,22.74
20251229,22.08
20251230,22.44
20251231,22.43
