date,value,drought_score
20000101,0.0,-0.30323418426930443
20000102,0.0,-0.30323418426930443
20000103,0.3,-0.23314573943207378
20000104,1.68,0.08926110681918722
20000105,5.92,1.0798444605187139
20000106,1.37,0.016836380487382247
20000107,0.76,-0.12567679068165344
20000108,0.2,-0.25650855437781733
20000109,0.24,-0.2471634283995199
20000110,0.2,-0.25650855437781733
20000111,2.61,0.30653528581460227
20000112,2.75,0.33924322673864327
20000113,4.06,0.6452961025278837
20000114,0.87,-0.09997769424133554
20000115,0.07,-0.28688021380728396
20000116,0.01,-0.3008979027747301
20000117,0.0,-0.30323418426930443
20000118,0.61,-0.16072101310026876
20000119,1.66,0.0845885438300385
20000120,0.96,-0.07895116079016634
20000121,4.95,0.8532251555450014
20000122,4.63,0.778464147718622
20000123,1.63,0.07757969934631544
20000124,6.03,1.1055435569590317
20000125,1.82,0.12196904774322823
20000126,0.37,-0.2167917689700533
20000127,0.01,-0.3008979027747301
20000128,0.0,-0.30323418426930443
20000129,0.0,-0.30323418426930443
20000130,0.0,-0.30323418426930443
20000131,0.0,-0.30323418426930443
20000201,0.0,-0.30323418426930443
20000202,0.0,-0.30323418426930443
20000203,0.04,-0.29388905829100703
20000204,0.3,-0.23314573943207378
20000205,3.87,0.600906754130971
20000206,1.88,0.13598673671067432
20000207,0.1,-0.2798713693235609
20000208,0.06,-0.2892164953018583
20000209,0.0,-0.30323418426930443
20000210,0.25,-0.24482714690494556
20000211,0.51,-0.1840838280460123
20000212,1.97,0.15701327016184352
20000213,8.64,1.7153130270429386
20000214,12.59,2.638144217399809
20000215,12.03,2.5073124537036446
20000216,2.73,0.3345706637494945
20000217,28.61,6.380867171707926
20000218,2.43,0.2644822189122639
20000219,3.01,0.3999865455975764
20000220,9.95,2.0213659028321787
20000221,7.63,1.4793485960909285
20000222,2.9,0.37428744915725853
20000223,1.03,-0.06259719032814584
20000224,1.56,0.061225728884294985
20000225,0.21,-0.254172272883243
20000226,1.44,0.033190350949402696
20000227,23.73,5.24076180235564
20000228,8.77,1.745684686472405
20000229,4.1,0.6546412285061811
20000301,4.42,0.7294022363325605
20000302,0.0,-0.30323418426930443
20000303,1.5,0.04720803991684884
20000304,3.07,0.41400423456502256
20000305,1.6,0.07057085486259242
20000306,2.41,0.2598096559231152
20000307,0.05,-0.29155277679643266
20000308,0.0,-0.30323418426930443
20000309,0.0,-0.30323418426930443
20000310,0.0,-0.30323418426930443
20000311,0.01,-0.3008979027747301
20000312,1.09,-0.0485795013606997
20000313,0.6,-0.16305729459484314
20000314,0.02,-0.29856162128015573
20000315,0.68,-0.14436704263824826
20000316,0.56,-0.17240242057314054
20000317,0.0,-0.30323418426930443
20000318,0.0,-0.30323418426930443
20000319,0.19,-0.2588448358723917
20000320,5.24,0.9209773188876578
20000321,0.54,-0.17707498356228926
20000322,25.08,5.556159804123179
20000323,6.7,1.2620744170955136
20000324,12.54,2.6264628099269367
20000325,4.71,0.7971543996752168
20000326,3.2,0.4443758939944893
20000327,5.37,0.9513489783171243
20000328,5.12,0.8929419409527655
20000329,1.28,-0.004190152963786968
20000330,0.22,-0.25183599138866863
20000331,0.84,-0.10698653872505862
20000401,1.53,0.054216884400571916
20000402,2.74,0.33690694524406894
20000403,2.28,0.2294379964936485
20000404,0.27,-0.24015458391579683
20000405,0.0,-0.30323418426930443
20000406,0.0,-0.30323418426930443
20000407,0.0,-0.30323418426930443
20000408,0.0,-0.30323418426930443
20000409,0.0,-0.30323418426930443
20000410,0.0,-0.30323418426930443
20000411,1.83,0.12430532923780258
20000412,0.13,-0.27286252483983786
20000413,0.03,-0.29622533978558135
20000414,2.16,0.20140261855875632
20000415,0.99,-0.07194231630644328
20000416,0.69,-0.14203076114367394
20000417,2.67,0.32055297478204836
20000418,4.82,0.8228534961155348
20000419,5.48,0.9770480747574423
20000420,3.88,0.6032430356255454
20000421,0.0,-0.30323418426930443
20000422,0.0,-0.30323418426930443
20000423,0.0,-0.30323418426930443
20000424,0.0,-0.30323418426930443
20000425,0.0,-0.30323418426930443
20000426,0.0,-0.30323418426930443
20000427,0.0,-0.30323418426930443
20000428,0.63,-0.15604845011112006
20000429,1.42,0.028517787960253983
20000430,1.68,0.08926110681918722
20000501,3.55,0.5261457463045917
20000502,2.06,0.17803980361301275
20000503,0.0,-0.30323418426930443
20000504,0.0,-0.30323418426930443
20000505,0.0,-0.30323418426930443
20000506,0.17,-0.2635173988615404
20000507,3.17,0.43736704951076616
20000508,2.04,0.17336724062386402
20000509,0.0,-0.30323418426930443
20000510,0.0,-0.30323418426930443
20000511,0.0,-0.30323418426930443
20000512,0.0,-0.30323418426930443
20000513,0.27,-0.24015458391579683
20000514,2.48,0.27616362638513564
20000515,0.05,-0.29155277679643266
20000516,0.0,-0.30323418426930443
20000517,0.0,-0.30323418426930443
20000518,0.0,-0.30323418426930443
20000519,0.0,-0.30323418426930443
20000520,0.0,-0.30323418426930443
20000521,0.0,-0.30323418426930443
20000522,0.0,-0.30323418426930443
20000523,0.0,-0.30323418426930443
20000524,0.0,-0.30323418426930443
20000525,0.0,-0.30323418426930443
20000526,0.0,-0.30323418426930443
20000527,0.0,-0.30323418426930443
20000528,0.0,-0.30323418426930443
20000529,0.0,-0.30323418426930443
20000530,0.0,-0.30323418426930443
20000531,0.0,-0.30323418426930443
20000601,0.0,-0.30323418426930443
20000602,0.0,-0.30323418426930443
20000603,0.0,-0.30323418426930443
20000604,0.0,-0.30323418426930443
20000605,0.0,-0.30323418426930443
20000606,0.0,-0.30323418426930443
20000607,0.01,-0.3008979027747301
20000608,0.0,-0.30323418426930443
20000609,0.0,-0.30323418426930443
20000610,0.0,-0.30323418426930443
20000611,0.0,-0.30323418426930443
20000612,0.0,-0.30323418426930443
20000613,0.0,-0.30323418426930443
20000614,0.0,-0.30323418426930443
20000615,0.0,-0.30323418426930443
20000616,0.0,-0.30323418426930443
20000617,0.0,-0.30323418426930443
20000618,0.0,-0.30323418426930443
20000619,0.0,-0.30323418426930443
20000620,0.0,-0.30323418426930443
20000621,0.0,-0.30323418426930443
20000622,0.0,-0.30323418426930443
20000623,0.0,-0.30323418426930443
20000624,0.0,-0.30323418426930443
20000625,0.0,-0.30323418426930443
20000626,0.0,-0.30323418426930443
20000627,0.0,-0.30323418426930443
20000628,0.0,-0.30323418426930443
20000629,0.0,-0.30323418426930443
20000630,0.0,-0.30323418426930443
20000701,0.0,-0.30323418426930443
20000702,0.0,-0.30323418426930443
20000703,0.0,-0.30323418426930443
20000704,0.0,-0.30323418426930443
20000705,0.0,-0.30323418426930443
20000706,0.0,-0.30323418426930443
20000707,0.0,-0.30323418426930443
20000708,0.0,-0.30323418426930443
20000709,0.0,-0.30323418426930443
20000710,0.0,-0.30323418426930443
20000711,0.0,-0.30323418426930443
20000712,0.0,-0.30323418426930443
20000713,0.0,-0.30323418426930443
20000714,0.0,-0.30323418426930443
20000715,0.0,-0.30323418426930443
20000716,0.0,-0.30323418426930443
20000717,0.0,-0.30323418426930443
20000718,0.0,-0.30323418426930443
20000719,0.0,-0.30323418426930443
20000720,0.0,-0.30323418426930443
20000721,0.0,-0.30323418426930443
20000722,0.0,-0.30323418426930443
20000723,0.0,-0.30323418426930443
20000724,0.0,-0.30323418426930443
20000725,0.0,-0.30323418426930443
20000726,0.0,-0.30323418426930443
20000727,0.0,-0.30323418426930443
20000728,0.0,-0.30323418426930443
20000729,0.0,-0.30323418426930443
20000730,0.0,-0.30323418426930443
20000731,0.0,-0.30323418426930443
20000801,0.0,-0.30323418426930443
20000802,0.0,-0.30323418426930443
20000803,0.0,-0.30323418426930443
20000804,0.0,-0.30323418426930443
20000805,0.0,-0.30323418426930443
20000806,0.0,-0.30323418426930443
20000807,0.0,-0.30323418426930443
20000808,0.0,-0.30323418426930443
20000809,0.0,-0.30323418426930443
20000810,0.0,-0.30323418426930443
20000811,0.0,-0.30323418426930443
20000812,0.0,-0.30323418426930443
20000813,0.0,-0.30323418426930443
20000814,0.0,-0.30323418426930443
20000815,0.0,-0.30323418426930443
20000816,0.0,-0.30323418426930443
20000817,0.0,-0.30323418426930443
20000818,0.0,-0.30323418426930443
20000819,0.0,-0.30323418426930443
20000820,0.0,-0.30323418426930443
20000821,0.0,-0.30323418426930443
20000822,0.0,-0.30323418426930443
20000823,0.0,-0.30323418426930443
20000824,0.1,-0.2798713693235609
20000825,0.0,-0.30323418426930443
20000826,0.0,-0.30323418426930443
20000827,0.0,-0.30323418426930443
20000828,0.0,-0.30323418426930443
20000829,0.0,-0.30323418426930443
20000830,0.0,-0.30323418426930443
20000831,0.0,-0.30323418426930443
20000901,0.0,-0.30323418426930443
20000902,0.0,-0.30323418426930443
20000903,0.0,-0.30323418426930443
20000904,0.0,-0.30323418426930443
20000905,0.0,-0.30323418426930443
20000906,0.0,-0.30323418426930443
20000907,0.0,-0.30323418426930443
20000908,0.0,-0.30323418426930443
20000909,0.0,-0.30323418426930443
20000910,0.0,-0.30323418426930443
20000911,0.0,-0.30323418426930443
20000912,0.0,-0.30323418426930443
20000913,0.0,-0.30323418426930443
20000914,0.03,-0.29622533978558135
20000915,0.02,-0.29856162128015573
20000916,0.0,-0.30323418426930443
20000917,0.0,-0.30323418426930443
20000918,0.0,-0.30323418426930443
20000919,0.0,-0.30323418426930443
20000920,0.0,-0.30323418426930443
20000921,0.0,-0.30323418426930443
20000922,0.0,-0.30323418426930443
20000923,0.0,-0.30323418426930443
20000924,0.0,-0.30323418426930443
20000925,0.0,-0.30323418426930443
20000926,0.0,-0.30323418426930443
20000927,0.0,-0.30323418426930443
20000928,0.0,-0.30323418426930443
20000929,0.0,-0.30323418426930443
20000930,0.0,-0.30323418426930443
20001001,0.0,-0.30323418426930443
20001002,0.01,-0.3008979027747301
20001003,0.0,-0.30323418426930443
20001004,0.0,-0.30323418426930443
20001005,0.0,-0.30323418426930443
20001006,0.0,-0.30323418426930443
20001007,0.0,-0.30323418426930443
20001008,0.03,-0.29622533978558135
20001009,0.0,-0.30323418426930443
20001010,0.03,-0.29622533978558135
20001011,1.03,-0.06259719032814584
20001012,0.01,-0.3008979027747301
20001013,0.03,-0.29622533978558135
20001014,0.02,-0.29856162128015573
20001015,1.43,0.03085406945482834
20001016,0.27,-0.24015458391579683
20001017,0.01,-0.3008979027747301
20001018,0.0,-0.30323418426930443
20001019,0.0,-0.30323418426930443
20001020,0.0,-0.30323418426930443
20001021,2.75,0.33924322673864327
20001022,4.88,0.8368711850829809
20001023,0.38,-0.21445548747547893
20001024,0.0,-0.30323418426930443
20001025,0.51,-0.1840838280460123
20001026,1.4,0.023845224971105267
20001027,0.07,-0.28688021380728396
20001028,0.0,-0.30323418426930443
20001029,0.0,-0.30323418426930443
20001030,0.0,-0.30323418426930443
20001031,0.0,-0.30323418426930443
20001101,0.0,-0.30323418426930443
20001102,0.03,-0.29622533978558135
20001103,0.0,-0.30323418426930443
20001104,0.0,-0.30323418426930443
20001105,0.09,-0.2822076508181352
20001106,0.1,-0.2798713693235609
20001107,0.0,-0.30323418426930443
20001108,0.0,-0.30323418426930443
20001109,0.09,-0.2822076508181352
20001110,0.0,-0.30323418426930443
20001111,0.0,-0.30323418426930443
20001112,0.0,-0.30323418426930443
20001113,0.0,-0.30323418426930443
20001114,0.0,-0.30323418426930443
20001115,0.0,-0.30323418426930443
20001116,0.0,-0.30323418426930443
20001117,0.0,-0.30323418426930443
20001118,0.0,-0.30323418426930443
20001119,0.0,-0.30323418426930443
20001120,0.0,-0.30323418426930443
20001121,0.0,-0.30323418426930443
20001122,0.06,-0.2892164953018583
20001123,0.07,-0.28688021380728396
20001124,0.08,-0.2845439323127096
20001125,0.04,-0.29388905829100703
20001126,0.11,-0.2775350878289865
20001127,0.0,-0.30323418426930443
20001128,0.0,-0.30323418426930443
20001129,0.05,-0.29155277679643266
20001130,11.12,2.2947108376973784
20001201,0.48,-0.19109267252973539
20001202,0.68,-0.14436704263824826
20001203,0.93,-0.08596000527388939
20001204,2.18,0.20607518154790502
20001205,0.72,-0.13502191665995086
20001206,1.73,0.10094251429205901
20001207,1.74,0.10327879578663336
20001208,0.06,-0.2892164953018583
20001209,0.03,-0.29622533978558135
20001210,0.0,-0.30323418426930443
20001211,0.0,-0.30323418426930443
20001212,0.0,-0.30323418426930443
20001213,0.0,-0.30323418426930443
20001214,0.0,-0.30323418426930443
20001215,0.0,-0.30323418426930443
20001216,0.0,-0.30323418426930443
20001217,1.65,0.08225226233546415
20001218,0.81,-0.11399538320878165
20001219,2.06,0.17803980361301275
20001220,0.02,-0.29856162128015573
20001221,0.05,-0.29155277679643266
20001222,0.25,-0.24482714690494556
20001223,0.91,-0.0906325682630381
20001224,0.71,-0.13735819815452524
20001225,0.21,-0.254172272883243
20001226,0.07,-0.28688021380728396
20001227,0.0,-0.30323418426930443
20001228,0.0,-0.30323418426930443
20001229,0.14,-0.27052624334526343
20001230,0.01,-0.3008979027747301
20001231,0.04,-0.29388905829100703
20010101,0.0,-0.30323418426930443
20010102,0.0,-0.30323418426930443
20010103,0.0,-0.30323418426930443
20010104,0.0,-0.30323418426930443
20010105,0.0,-0.30323418426930443
20010106,0.0,-0.30323418426930443
20010107,0.01,-0.3008979027747301
20010108,0.0,-0.30323418426930443
20010109,0.01,-0.3008979027747301
20010110,0.04,-0.29388905829100703
20010111,9.86,2.0003393693810096
20010112,2.78,0.3462520712223663
20010113,0.47,-0.19342895402430976
20010114,0.0,-0.30323418426930443
20010115,0.11,-0.2775350878289865
20010116,0.88,-0.09764141274676118
20010117,0.01,-0.3008979027747301
20010118,0.99,-0.07194231630644328
20010119,3.58,0.5331545907883147
20010120,1.55,0.05888944738972063
20010121,1.71,0.09626995130291029
20010122,5.76,1.042463956605524
20010123,3.29,0.4654024274456584
20010124,0.28,-0.23781830242122248
20010125,6.11,1.1242338089156267
20010126,8.03,1.5727998558739027
20010127,7.86,1.533083070466139
20010128,12.1,2.5236664241656652
20010129,7.48,1.4443043736723133
20010130,6.57,1.231702757666047
20010131,4.98,0.8602340000287245
20010201,0.16,-0.2658536803561148
20010202,0.0,-0.30323418426930443
20010203,0.0,-0.30323418426930443
20010204,0.0,-0.30323418426930443
20010205,1.07,-0.053252064349848416
20010206,0.39,-0.21211920598090458
20010207,0.05,-0.29155277679643266
20010208,0.81,-0.11399538320878165
20010209,0.85,-0.10465025723048425
20010210,0.06,-0.2892164953018583
20010211,1.66,0.0845885438300385
20010212,5.6,1.0050834526923345
20010213,14.9,3.177825242646485
20010214,3.3,0.46773870894023273
20010215,0.27,-0.24015458391579683
20010216,0.65,-0.15137588712197134
20010217,0.34,-0.22380061345377633
20010218,0.0,-0.30323418426930443
20010219,0.0,-0.30323418426930443
20010220,0.13,-0.27286252483983786
20010221,0.26,-0.2424908654103712
20010222,0.43,-0.2027740800026072
20010223,0.08,-0.2845439323127096
20010224,9.48,1.9115606725871843
20010225,12.81,2.6895424102804446
20010226,5.75,1.0401276751109498
20010227,3.85,0.5962341911418223
20010228,0.05,-0.29155277679643266
20010301,0.0,-0.30323418426930443
20010302,0.0,-0.30323418426930443
20010303,0.0,-0.30323418426930443
20010304,0.0,-0.30323418426930443
20010305,0.05,-0.29155277679643266
20010306,0.01,-0.3008979027747301
20010307,0.32,-0.22847317644292506
20010308,0.32,-0.22847317644292506
20010309,0.34,-0.22380061345377633
20010310,0.32,-0.22847317644292506
20010311,0.11,-0.2775350878289865
20010312,2.17,0.20373890005333062
20010313,1.24,-0.013535278942084396
20010314,0.44,-0.2004377985080328
20010315,0.16,-0.2658536803561148
20010316,0.1,-0.2798713693235609
20010317,0.16,-0.2658536803561148
20010318,0.93,-0.08596000527388939
20010319,2.03,0.17103095912928962
20010320,1.74,0.10327879578663336
20010321,0.88,-0.09764141274676118
20010322,0.04,-0.29388905829100703
20010323,0.01,-0.3008979027747301
20010324,0.0,-0.30323418426930443
20010325,0.0,-0.30323418426930443
20010326,0.03,-0.29622533978558135
20010327,0.0,-0.30323418426930443
20010328,0.04,-0.29388905829100703
20010329,0.22,-0.25183599138866863
20010330,0.27,-0.24015458391579683
20010331,2.86,0.36494232317896114
20010401,3.42,0.49577408687512503
20010402,5.07,0.8812605334798937
20010403,5.68,1.0237737046489293
20010404,0.69,-0.14203076114367394
20010405,7.78,1.5143928185095439
20010406,43.15,9.777820464819039
20010407,6.71,1.2644106985900878
20010408,0.27,-0.24015458391579683
20010409,0.1,-0.2798713693235609
20010410,0.06,-0.2892164953018583
20010411,0.8,-0.11633166470335601
20010412,0.2,-0.25650855437781733
20010413,0.21,-0.254172272883243
20010414,0.98,-0.07427859780101763
20010415,7.4,1.4256141217157186
20010416,0.9,-0.09296884975761247
20010417,0.36,-0.21912805046462766
20010418,0.6,-0.16305729459484314
20010419,0.08,-0.2845439323127096
20010420,0.01,-0.3008979027747301
20010421,0.0,-0.30323418426930443
20010422,0.26,-0.2424908654103712
20010423,2.95,0.38596885663013036
20010424,0.59,-0.1653935760894175
20010425,2.31,0.23644684097737162
20010426,14.71,3.133435894249572
20010427,3.59,0.535490872282889
20010428,0.0,-0.30323418426930443
20010429,8.26,1.6265343302491129
20010430,10.56,2.1638790740012146
20010501,5.18,0.9069596299202115
20010502,1.33,0.007491254509084819
20010503,1.41,0.026181506465679624
20010504,0.4,-0.20978292448633024
20010505,0.0,-0.30323418426930443
20010506,0.0,-0.30323418426930443
20010507,0.0,-0.30323418426930443
20010508,0.0,-0.30323418426930443
20010509,0.0,-0.30323418426930443
20010510,0.0,-0.30323418426930443
20010511,0.0,-0.30323418426930443
20010512,0.0,-0.30323418426930443
20010513,0.0,-0.30323418426930443
20010514,0.0,-0.30323418426930443
20010515,0.0,-0.30323418426930443
20010516,0.0,-0.30323418426930443
20010517,0.0,-0.30323418426930443
20010518,0.0,-0.30323418426930443
20010519,0.0,-0.30323418426930443
20010520,0.0,-0.30323418426930443
20010521,0.0,-0.30323418426930443
20010522,0.0,-0.30323418426930443
20010523,0.0,-0.30323418426930443
20010524,0.0,-0.30323418426930443
20010525,0.0,-0.30323418426930443
20010526,0.0,-0.30323418426930443
20010527,0.0,-0.30323418426930443
20010528,0.0,-0.30323418426930443
20010529,0.0,-0.30323418426930443
20010530,0.0,-0.30323418426930443
20010531,0.0,-0.30323418426930443
20010601,0.0,-0.30323418426930443
20010602,0.0,-0.30323418426930443
20010603,0.0,-0.30323418426930443
20010604,0.0,-0.30323418426930443
20010605,0.0,-0.30323418426930443
20010606,0.0,-0.30323418426930443
20010607,0.0,-0.30323418426930443
20010608,0.0,-0.30323418426930443
20010609,0.0,-0.30323418426930443
20010610,0.0,-0.30323418426930443
20010611,0.0,-0.30323418426930443
20010612,0.0,-0.30323418426930443
20010613,0.0,-0.30323418426930443
20010614,0.0,-0.30323418426930443
20010615,0.0,-0.30323418426930443
20010616,0.0,-0.30323418426930443
20010617,0.0,-0.30323418426930443
20010618,0.0,-0.30323418426930443
20010619,0.0,-0.30323418426930443
20010620,0.0,-0.30323418426930443
20010621,0.0,-0.30323418426930443
20010622,0.01,-0.3008979027747301
20010623,0.37,-0.2167917689700533
20010624,0.0,-0.30323418426930443
20010625,0.0,-0.30323418426930443
20010626,0.0,-0.30323418426930443
20010627,0.0,-0.30323418426930443
20010628,0.0,-0.30323418426930443
20010629,0.0,-0.30323418426930443
20010630,0.0,-0.30323418426930443
20010701,0.0,-0.30323418426930443
20010702,0.01,-0.3008979027747301
20010703,0.06,-0.2892164953018583
20010704,0.0,-0.30323418426930443
20010705,0.0,-0.30323418426930443
20010706,1.62,0.07524341785174113
20010707,1.6,0.07057085486259242
20010708,0.88,-0.09764141274676118
20010709,0.24,-0.2471634283995199
20010710,0.0,-0.30323418426930443
20010711,0.0,-0.30323418426930443
20010712,0.0,-0.30323418426930443
20010713,0.0,-0.30323418426930443
20010714,0.0,-0.30323418426930443
20010715,0.67,-0.14670332413282264
20010716,0.02,-0.29856162128015573
20010717,0.0,-0.30323418426930443
20010718,0.0,-0.30323418426930443
20010719,0.0,-0.30323418426930443
20010720,0.0,-0.30323418426930443
20010721,0.0,-0.30323418426930443
20010722,0.0,-0.30323418426930443
20010723,0.0,-0.30323418426930443
20010724,0.0,-0.30323418426930443
20010725,0.0,-0.30323418426930443
20010726,0.0,-0.30323418426930443
20010727,0.0,-0.30323418426930443
20010728,0.0,-0.30323418426930443
20010729,0.0,-0.30323418426930443
20010730,0.0,-0.30323418426930443
20010731,0.0,-0.30323418426930443
20010801,0.0,-0.30323418426930443
20010802,0.0,-0.30323418426930443
20010803,0.0,-0.30323418426930443
20010804,0.0,-0.30323418426930443
20010805,0.0,-0.30323418426930443
20010806,0.0,-0.30323418426930443
20010807,0.0,-0.30323418426930443
20010808,0.0,-0.30323418426930443
20010809,0.0,-0.30323418426930443
20010810,0.0,-0.30323418426930443
20010811,0.0,-0.30323418426930443
20010812,0.0,-0.30323418426930443
20010813,0.0,-0.30323418426930443
20010814,0.0,-0.30323418426930443
20010815,0.0,-0.30323418426930443
20010816,0.0,-0.30323418426930443
20010817,0.0,-0.30323418426930443
20010818,0.0,-0.30323418426930443
20010819,0.0,-0.30323418426930443
20010820,0.0,-0.30323418426930443
20010821,0.0,-0.30323418426930443
20010822,0.0,-0.30323418426930443
20010823,0.0,-0.30323418426930443
20010824,0.0,-0.30323418426930443
20010825,0.0,-0.30323418426930443
20010826,0.0,-0.30323418426930443
20010827,0.0,-0.30323418426930443
20010828,0.0,-0.30323418426930443
20010829,0.0,-0.30323418426930443
20010830,0.0,-0.30323418426930443
20010831,0.0,-0.30323418426930443
20010901,0.0,-0.30323418426930443
20010902,0.0,-0.30323418426930443
20010903,0.0,-0.30323418426930443
20010904,0.0,-0.30323418426930443
20010905,0.0,-0.30323418426930443
20010906,0.0,-0.30323418426930443
20010907,0.0,-0.30323418426930443
20010908,0.0,-0.30323418426930443
20010909,0.0,-0.30323418426930443
20010910,0.0,-0.30323418426930443
20010911,0.0,-0.30323418426930443
20010912,0.0,-0.30323418426930443
20010913,0.0,-0.30323418426930443
20010914,0.0,-0.30323418426930443
20010915,0.01,-0.3008979027747301
20010916,1.82,0.12196904774322823
20010917,5.51,0.9840569192411652
20010918,0.0,-0.30323418426930443
20010919,0.0,-0.30323418426930443
20010920,0.0,-0.30323418426930443
20010921,0.0,-0.30323418426930443
20010922,0.0,-0.30323418426930443
20010923,0.0,-0.30323418426930443
20010924,0.0,-0.30323418426930443
20010925,0.0,-0.30323418426930443
20010926,0.0,-0.30323418426930443
20010927,0.0,-0.30323418426930443
20010928,0.0,-0.30323418426930443
20010929,0.0,-0.30323418426930443
20010930,0.0,-0.30323418426930443
20011001,0.0,-0.30323418426930443
20011002,0.0,-0.30323418426930443
20011003,0.0,-0.30323418426930443
20011004,0.0,-0.30323418426930443
20011005,0.0,-0.30323418426930443
20011006,0.0,-0.30323418426930443
20011007,0.47,-0.19342895402430976
20011008,1.78,0.11262392176493079
20011009,1.08,-0.05091578285527406
20011010,2.66,0.3182166932874741
20011011,2.38,0.2528008114393921
20011012,0.19,-0.2588448358723917
20011013,0.0,-0.30323418426930443
20011014,0.0,-0.30323418426930443
20011015,0.0,-0.30323418426930443
20011016,0.01,-0.3008979027747301
20011017,0.0,-0.30323418426930443
20011018,0.0,-0.30323418426930443
20011019,0.0,-0.30323418426930443
20011020,0.0,-0.30323418426930443
20011021,0.0,-0.30323418426930443
20011022,0.0,-0.30323418426930443
20011023,0.01,-0.3008979027747301
20011024,0.07,-0.28688021380728396
20011025,0.0,-0.30323418426930443
20011026,0.0,-0.30323418426930443
20011027,0.0,-0.30323418426930443
20011028,0.0,-0.30323418426930443
20011029,0.0,-0.30323418426930443
20011030,0.0,-0.30323418426930443
20011031,0.0,-0.30323418426930443
20011101,0.05,-0.29155277679643266
20011102,0.76,-0.12567679068165344
20011103,0.28,-0.23781830242122248
20011104,0.0,-0.30323418426930443
20011105,0.36,-0.21912805046462766
20011106,0.0,-0.30323418426930443
20011107,0.56,-0.17240242057314054
20011108,0.06,-0.2892164953018583
20011109,0.0,-0.30323418426930443
20011110,0.0,-0.30323418426930443
20011111,0.07,-0.28688021380728396
20011112,0.0,-0.30323418426930443
20011113,0.0,-0.30323418426930443
20011114,0.0,-0.30323418426930443
20011115,0.0,-0.30323418426930443
20011116,0.02,-0.29856162128015573
20011117,0.06,-0.2892164953018583
20011118,0.08,-0.2845439323127096
20011119,0.0,-0.30323418426930443
20011120,0.0,-0.30323418426930443
20011121,0.0,-0.30323418426930443
20011122,0.11,-0.2775350878289865
20011123,2.09,0.18504864809673577
20011124,8.1,1.5891538263359233
20011125,0.9,-0.09296884975761247
20011126,1.76,0.10795135877578207
20011127,0.34,-0.22380061345377633
20011128,0.12,-0.2751988063344121
20011129,0.2,-0.25650855437781733
20011130,0.04,-0.29388905829100703
20011201,0.0,-0.30323418426930443
20011202,0.0,-0.30323418426930443
20011203,0.0,-0.30323418426930443
20011204,0.0,-0.30323418426930443
20011205,0.0,-0.30323418426930443
20011206,0.0,-0.30323418426930443
20011207,1.25,-0.01119899744751004
20011208,2.36,0.24812824845024337
20011209,3.85,0.5962341911418223
20011210,0.17,-0.2635173988615404
20011211,0.01,-0.3008979027747301
20011212,0.17,-0.2635173988615404
20011213,0.41,-0.2074466429917559
20011214,0.17,-0.2635173988615404
20011215,0.14,-0.27052624334526343
20011216,0.0,-0.30323418426930443
20011217,0.63,-0.15604845011112006
20011218,0.32,-0.22847317644292506
20011219,0.12,-0.2751988063344121
20011220,0.12,-0.2751988063344121
20011221,0.0,-0.30323418426930443
20011222,0.0,-0.30323418426930443
20011223,0.0,-0.30323418426930443
20011224,0.0,-0.30323418426930443
20011225,0.0,-0.30323418426930443
20011226,0.0,-0.30323418426930443
20011227,0.0,-0.30323418426930443
20011228,0.0,-0.30323418426930443
20011229,0.0,-0.30323418426930443
20011230,0.0,-0.30323418426930443
20011231,0.0,-0.30323418426930443
20020101,0.01,-0.3008979027747301
20020102,0.24,-0.2471634283995199
20020103,0.33,-0.2261368949483507
20020104,0.05,-0.29155277679643266
20020105,0.11,-0.2775350878289865
20020106,0.66,-0.149039605627397
20020107,0.0,-0.30323418426930443
20020108,0.0,-0.30323418426930443
20020109,1.76,0.10795135877578207
20020110,0.9,-0.09296884975761247
20020111,0.0,-0.30323418426930443
20020112,0.0,-0.30323418426930443
20020113,0.98,-0.07427859780101763
20020114,0.47,-0.19342895402430976
20020115,0.02,-0.29856162128015573
20020116,0.0,-0.30323418426930443
20020117,0.0,-0.30323418426930443
20020118,0.0,-0.30323418426930443
20020119,0.05,-0.29155277679643266
20020120,3.31,0.47007499043480716
20020121,0.17,-0.2635173988615404
20020122,1.0,-0.06960603481186892
20020123,0.43,-0.2027740800026072
20020124,2.07,0.18037608510758704
20020125,1.21,-0.020544123425807467
20020126,8.67,1.7223218715266615
20020127,8.23,1.61952548576539
20020128,4.94,0.8508888740504271
20020129,0.0,-0.30323418426930443
20020130,0.04,-0.29388905829100703
20020131,0.33,-0.2261368949483507
20020201,0.3,-0.23314573943207378
20020202,0.28,-0.23781830242122248
20020203,0.01,-0.3008979027747301
20020204,0.01,-0.3008979027747301
20020205,0.56,-0.17240242057314054
20020206,1.4,0.023845224971105267
20020207,1.84,0.12664161073237692
20020208,10.04,2.042392436283348
20020209,1.81,0.11963276624865386
20020210,4.53,0.7551013327728785
20020211,1.59,0.06823457336801805
20020212,1.9,0.14065929969982302
20020213,1.81,0.11963276624865386
20020214,1.05,-0.057924627338997135
20020215,0.2,-0.25650855437781733
20020216,4.86,0.8321986220938322
20020217,4.96,0.8555614370395758
20020218,5.92,1.0798444605187139
20020219,27.43,6.105185955348152
20020220,2.04,0.17336724062386402
20020221,22.89,5.044514156811395
20020222,5.78,1.047136519594673
20020223,4.84,0.8275260591046835
20020224,1.67,0.08692482532461286
20020225,0.83,-0.10932282021963297
20020226,0.55,-0.17473870206771489
20020227,0.87,-0.09997769424133554
20020228,3.56,0.528482027799166
20020301,2.46,0.27149106339598694
20020302,1.95,0.15234070717269482
20020303,0.7,-0.1396944796490996
20020304,0.19,-0.2588448358723917
20020305,3.25,0.456057301467361
20020306,4.58,0.7667827402457502
20020307,1.88,0.13598673671067432
20020308,13.24,2.790002514547142
20020309,16.15,3.469860429468279
20020310,8.1,1.5891538263359233
20020311,15.36,3.285294191396905
20020312,1.38,0.019172661981956555
20020313,0.22,-0.25183599138866863
20020314,0.43,-0.2027740800026072
20020315,1.82,0.12196904774322823
20020316,1.11,-0.04390693837155099
20020317,0.01,-0.3008979027747301
20020318,0.0,-0.30323418426930443
20020319,0.0,-0.30323418426930443
20020320,0.35,-0.221464331959202
20020321,0.24,-0.2471634283995199
20020322,0.41,-0.2074466429917559
20020323,1.04,-0.06026090883357149
20020324,0.72,-0.13502191665995086
20020325,0.0,-0.30323418426930443
20020326,0.05,-0.29155277679643266
20020327,0.01,-0.3008979027747301
20020328,0.0,-0.30323418426930443
20020329,0.01,-0.3008979027747301
20020330,0.0,-0.30323418426930443
20020331,0.01,-0.3008979027747301
20020401,0.0,-0.30323418426930443
20020402,0.22,-0.25183599138866863
20020403,0.09,-0.2822076508181352
20020404,0.0,-0.30323418426930443
20020405,0.0,-0.30323418426930443
20020406,0.07,-0.28688021380728396
20020407,0.12,-0.2751988063344121
20020408,1.69,0.09159738831376157
20020409,0.57,-0.17006613907856621
20020410,0.42,-0.20511036149718154
20020411,0.15,-0.2681899618506891
20020412,0.77,-0.12334050918707909
20020413,0.49,-0.18875639103516104
20020414,0.19,-0.2588448358723917
20020415,0.08,-0.2845439323127096
20020416,0.2,-0.25650855437781733
20020417,0.0,-0.30323418426930443
20020418,0.0,-0.30323418426930443
20020419,0.0,-0.30323418426930443
20020420,0.0,-0.30323418426930443
20020421,0.02,-0.29856162128015573
20020422,1.61,0.07290713635716677
20020423,6.28,1.1639505943233908
20020424,0.35,-0.221464331959202
20020425,1.13,-0.03923437538240233
20020426,0.01,-0.3008979027747301
20020427,0.0,-0.30323418426930443
20020428,0.0,-0.30323418426930443
20020429,0.0,-0.30323418426930443
20020430,0.0,-0.30323418426930443
20020501,0.0,-0.30323418426930443
20020502,0.0,-0.30323418426930443
20020503,0.0,-0.30323418426930443
20020504,0.0,-0.30323418426930443
20020505,0.0,-0.30323418426930443
20020506,0.0,-0.30323418426930443
20020507,0.0,-0.30323418426930443
20020508,0.0,-0.30323418426930443
20020509,0.0,-0.30323418426930443
20020510,0.0,-0.30323418426930443
20020511,0.0,-0.30323418426930443
20020512,0.0,-0.30323418426930443
20020513,0.0,-0.30323418426930443
20020514,0.0,-0.30323418426930443
20020515,0.0,-0.30323418426930443
20020516,0.0,-0.30323418426930443
20020517,0.0,-0.30323418426930443
20020518,0.0,-0.30323418426930443
20020519,0.0,-0.30323418426930443
20020520,0.0,-0.30323418426930443
20020521,0.15,-0.2681899618506891
20020522,0.0,-0.30323418426930443
20020523,0.0,-0.30323418426930443
20020524,0.0,-0.30323418426930443
20020525,0.0,-0.30323418426930443
20020526,0.1,-0.2798713693235609
20020527,0.14,-0.27052624334526343
20020528,0.04,-0.29388905829100703
20020529,0.19,-0.2588448358723917
20020530,0.02,-0.29856162128015573
20020531,0.01,-0.3008979027747301
20020601,0.0,-0.30323418426930443
20020602,0.0,-0.30323418426930443
20020603,0.0,-0.30323418426930443
20020604,0.0,-0.30323418426930443
20020605,0.0,-0.30323418426930443
20020606,0.0,-0.30323418426930443
20020607,0.0,-0.30323418426930443
20020608,0.0,-0.30323418426930443
20020609,0.0,-0.30323418426930443
20020610,0.0,-0.30323418426930443
20020611,0.0,-0.30323418426930443
20020612,0.0,-0.30323418426930443
20020613,0.0,-0.30323418426930443
20020614,0.0,-0.30323418426930443
20020615,0.0,-0.30323418426930443
20020616,0.0,-0.30323418426930443
20020617,0.0,-0.30323418426930443
20020618,0.0,-0.30323418426930443
20020619,0.0,-0.30323418426930443
20020620,0.0,-0.30323418426930443
20020621,0.0,-0.30323418426930443
20020622,0.0,-0.30323418426930443
20020623,0.0,-0.30323418426930443
20020624,0.0,-0.30323418426930443
20020625,0.0,-0.30323418426930443
20020626,0.0,-0.30323418426930443
20020627,0.0,-0.30323418426930443
20020628,0.0,-0.30323418426930443
20020629,0.0,-0.30323418426930443
20020630,0.0,-0.30323418426930443
20020701,0.0,-0.30323418426930443
20020702,0.0,-0.30323418426930443
20020703,0.0,-0.30323418426930443
20020704,0.0,-0.30323418426930443
20020705,0.0,-0.30323418426930443
20020706,0.0,-0.30323418426930443
20020707,0.0,-0.30323418426930443
20020708,0.0,-0.30323418426930443
20020709,0.0,-0.30323418426930443
20020710,0.0,-0.30323418426930443
20020711,0.0,-0.30323418426930443
20020712,0.0,-0.30323418426930443
20020713,0.0,-0.30323418426930443
20020714,0.0,-0.30323418426930443
20020715,0.0,-0.30323418426930443
20020716,0.0,-0.30323418426930443
20020717,0.0,-0.30323418426930443
20020718,0.0,-0.30323418426930443
20020719,0.0,-0.30323418426930443
20020720,0.0,-0.30323418426930443
20020721,0.0,-0.30323418426930443
20020722,0.0,-0.30323418426930443
20020723,0.0,-0.30323418426930443
20020724,0.0,-0.30323418426930443
20020725,0.0,-0.30323418426930443
20020726,0.0,-0.30323418426930443
20020727,0.0,-0.30323418426930443
20020728,0.0,-0.30323418426930443
20020729,0.0,-0.30323418426930443
20020730,0.0,-0.30323418426930443
20020731,0.0,-0.30323418426930443
20020801,0.0,-0.30323418426930443
20020802,0.0,-0.30323418426930443
20020803,0.0,-0.30323418426930443
20020804,0.0,-0.30323418426930443
20020805,0.0,-0.30323418426930443
20020806,0.0,-0.30323418426930443
20020807,0.0,-0.30323418426930443
20020808,0.0,-0.30323418426930443
20020809,0.0,-0.30323418426930443
20020810,0.0,-0.30323418426930443
20020811,0.0,-0.30323418426930443
20020812,0.0,-0.30323418426930443
20020813,0.0,-0.30323418426930443
20020814,0.0,-0.30323418426930443
20020815,0.0,-0.30323418426930443
20020816,0.0,-0.30323418426930443
20020817,0.0,-0.30323418426930443
20020818,0.0,-0.30323418426930443
20020819,0.0,-0.30323418426930443
20020820,0.27,-0.24015458391579683
20020821,0.05,-0.29155277679643266
20020822,0.0,-0.30323418426930443
20020823,0.01,-0.3008979027747301
20020824,0.0,-0.30323418426930443
20020825,0.0,-0.30323418426930443
20020826,0.03,-0.29622533978558135
20020827,0.02,-0.29856162128015573
20020828,0.03,-0.29622533978558135
20020829,0.0,-0.30323418426930443
20020830,0.0,-0.30323418426930443
20020831,0.0,-0.30323418426930443
20020901,0.0,-0.30323418426930443
20020902,0.0,-0.30323418426930443
20020903,0.0,-0.30323418426930443
20020904,0.0,-0.30323418426930443
20020905,0.0,-0.30323418426930443
20020906,0.0,-0.30323418426930443
20020907,0.0,-0.30323418426930443
20020908,0.0,-0.30323418426930443
20020909,0.0,-0.30323418426930443
20020910,0.0,-0.30323418426930443
20020911,0.0,-0.30323418426930443
20020912,0.0,-0.30323418426930443
20020913,0.0,-0.30323418426930443
20020914,0.0,-0.30323418426930443
20020915,0.0,-0.30323418426930443
20020916,0.0,-0.30323418426930443
20020917,0.0,-0.30323418426930443
20020918,0.0,-0.30323418426930443
20020919,0.0,-0.30323418426930443
20020920,0.0,-0.30323418426930443
20020921,0.0,-0.30323418426930443
20020922,0.0,-0.30323418426930443
20020923,0.0,-0.30323418426930443
20020924,0.0,-0.30323418426930443
20020925,0.0,-0.30323418426930443
20020926,0.05,-0.29155277679643266
20020927,0.0,-0.30323418426930443
20020928,0.0,-0.30323418426930443
20020929,0.0,-0.30323418426930443
20020930,0.0,-0.30323418426930443
20021001,0.0,-0.30323418426930443
20021002,0.0,-0.30323418426930443
20021003,0.0,-0.30323418426930443
20021004,0.0,-0.30323418426930443
20021005,0.04,-0.29388905829100703
20021006,0.02,-0.29856162128015573
20021007,0.0,-0.30323418426930443
20021008,0.0,-0.30323418426930443
20021009,0.41,-0.2074466429917559
20021010,1.76,0.10795135877578207
20021011,0.12,-0.2751988063344121
20021012,0.0,-0.30323418426930443
20021013,0.0,-0.30323418426930443
20021014,0.0,-0.30323418426930443
20021015,0.0,-0.30323418426930443
20021016,0.0,-0.30323418426930443
20021017,0.0,-0.30323418426930443
20021018,0.0,-0.30323418426930443
20021019,0.0,-0.30323418426930443
20021020,0.0,-0.30323418426930443
20021021,0.01,-0.3008979027747301
20021022,0.06,-0.2892164953018583
20021023,0.26,-0.2424908654103712
20021024,0.01,-0.3008979027747301
20021025,0.11,-0.2775350878289865
20021026,0.03,-0.29622533978558135
20021027,0.08,-0.2845439323127096
20021028,0.54,-0.17707498356228926
20021029,0.02,-0.29856162128015573
20021030,0.46,-0.1957652355188841
20021031,1.5,0.04720803991684884
20021101,5.34,0.9443401338334012
20021102,0.06,-0.2892164953018583
20021103,0.0,-0.30323418426930443
20021104,0.0,-0.30323418426930443
20021105,0.0,-0.30323418426930443
20021106,0.0,-0.30323418426930443
20021107,0.18,-0.2611811173669661
20021108,0.09,-0.2822076508181352
20021109,0.23,-0.24949970989409428
20021110,0.0,-0.30323418426930443
20021111,0.2,-0.25650855437781733
20021112,0.31,-0.2308094579374994
20021113,0.0,-0.30323418426930443
20021114,0.0,-0.30323418426930443
20021115,0.0,-0.30323418426930443
20021116,0.02,-0.29856162128015573
20021117,1.48,0.04253547692770013
20021118,0.44,-0.2004377985080328
20021119,0.18,-0.2611811173669661
20021120,0.08,-0.2845439323127096
20021121,0.25,-0.24482714690494556
20021122,0.18,-0.2611811173669661
20021123,0.23,-0.24949970989409428
20021124,0.66,-0.149039605627397
20021125,0.54,-0.17707498356228926
20021126,2.61,0.30653528581460227
20021127,2.09,0.18504864809673577
20021128,2.09,0.18504864809673577
20021129,1.67,0.08692482532461286
20021130,1.54,0.05655316589514627
20021201,7.56,1.462994625628908
20021202,7.98,1.5611184484010312
20021203,1.43,0.03085406945482834
20021204,2.57,0.2971901598363048
20021205,1.25,-0.01119899744751004
20021206,2.58,0.29952644133087925
20021207,0.24,-0.2471634283995199
20021208,0.16,-0.2658536803561148
20021209,0.43,-0.2027740800026072
20021210,0.56,-0.17240242057314054
20021211,0.16,-0.2658536803561148
20021212,0.0,-0.30323418426930443
20021213,0.0,-0.30323418426930443
20021214,0.0,-0.30323418426930443
20021215,0.0,-0.30323418426930443
20021216,0.0,-0.30323418426930443
20021217,0.0,-0.30323418426930443
20021218,0.0,-0.30323418426930443
20021219,0.01,-0.3008979027747301
20021220,0.0,-0.30323418426930443
20021221,0.0,-0.30323418426930443
20021222,0.21,-0.254172272883243
20021223,0.67,-0.14670332413282264
20021224,0.02,-0.29856162128015573
20021225,0.01,-0.3008979027747301
20021226,0.15,-0.2681899618506891
20021227,0.16,-0.2658536803561148
20021228,0.0,-0.30323418426930443
20021229,0.0,-0.30323418426930443
20021230,0.02,-0.29856162128015573
20021231,1.15,-0.034561812393253614
20030101,1.2,-0.022880404920381826
20030102,0.08,-0.2845439323127096
20030103,0.0,-0.30323418426930443
20030104,0.5,-0.1864201095405867
20030105,0.37,-0.2167917689700533
20030106,10.56,2.1638790740012146
20030107,1.78,0.11262392176493079
20030108,0.01,-0.3008979027747301
20030109,0.0,-0.30323418426930443
20030110,0.15,-0.2681899618506891
20030111,0.22,-0.25183599138866863
20030112,0.26,-0.2424908654103712
20030113,0.02,-0.29856162128015573
20030114,0.01,-0.3008979027747301
20030115,0.09,-0.2822076508181352
20030116,0.26,-0.2424908654103712
20030117,0.69,-0.14203076114367394
20030118,0.01,-0.3008979027747301
20030119,0.09,-0.2822076508181352
20030120,0.15,-0.2681899618506891
20030121,1.48,0.04253547692770013
20030122,0.55,-0.17473870206771489
20030123,0.6,-0.16305729459484314
20030124,0.18,-0.2611811173669661
20030125,0.0,-0.30323418426930443
20030126,0.13,-0.27286252483983786
20030127,0.52,-0.18174754655143796
20030128,0.06,-0.2892164953018583
20030129,0.02,-0.29856162128015573
20030130,0.79,-0.11866794619793038
20030131,2.51,0.28317247086885866
20030201,1.39,0.02150894347653091
20030202,4.15,0.6663226359790531
20030203,4.95,0.8532251555450014
20030204,4.99,0.8625702815232988
20030205,0.57,-0.17006613907856621
20030206,0.41,-0.2074466429917559
20030207,0.5,-0.1864201095405867
20030208,0.44,-0.2004377985080328
20030209,0.16,-0.2658536803561148
20030210,4.65,0.7831367107077708
20030211,2.47,0.2738273448905613
20030212,0.98,-0.07427859780101763
20030213,11.11,2.292374556202804
20030214,3.88,0.6032430356255454
20030215,0.94,-0.08362372377931507
20030216,0.83,-0.10932282021963297
20030217,0.75,-0.1280130721762278
20030218,0.91,-0.0906325682630381
20030219,0.4,-0.20978292448633024
20030220,0.2,-0.25650855437781733
20030221,0.31,-0.2308094579374994
20030222,0.28,-0.23781830242122248
20030223,0.09,-0.2822076508181352
20030224,0.04,-0.29388905829100703
20030225,0.95,-0.0812874422847407
20030226,0.33,-0.2261368949483507
20030227,0.15,-0.2681899618506891
20030228,0.05,-0.29155277679643266
20030301,0.17,-0.2635173988615404
20030302,2.06,0.17803980361301275
20030303,1.71,0.09626995130291029
20030304,0.3,-0.23314573943207378
20030305,0.59,-0.1653935760894175
20030306,0.79,-0.11866794619793038
20030307,0.21,-0.254172272883243
20030308,0.07,-0.28688021380728396
20030309,0.16,-0.2658536803561148
20030310,0.07,-0.28688021380728396
20030311,0.03,-0.29622533978558135
20030312,0.0,-0.30323418426930443
20030313,0.0,-0.30323418426930443
20030314,0.0,-0.30323418426930443
20030315,0.0,-0.30323418426930443
20030316,0.01,-0.3008979027747301
20030317,0.88,-0.09764141274676118
20030318,1.75,0.10561507728120773
20030319,0.05,-0.29155277679643266
20030320,0.03,-0.29622533978558135
20030321,0.0,-0.30323418426930443
20030322,0.0,-0.30323418426930443
20030323,0.0,-0.30323418426930443
20030324,0.0,-0.30323418426930443
20030325,0.0,-0.30323418426930443
20030326,0.0,-0.30323418426930443
20030327,0.0,-0.30323418426930443
20030328,0.0,-0.30323418426930443
20030329,0.0,-0.30323418426930443
20030330,0.0,-0.30323418426930443
20030331,0.0,-0.30323418426930443
20030401,0.0,-0.30323418426930443
20030402,0.01,-0.3008979027747301
20030403,0.01,-0.3008979027747301
20030404,0.0,-0.30323418426930443
20030405,0.13,-0.27286252483983786
20030406,0.01,-0.3008979027747301
20030407,0.0,-0.30323418426930443
20030408,0.0,-0.30323418426930443
20030409,0.0,-0.30323418426930443
20030410,0.0,-0.30323418426930443
20030411,10.89,2.2409763633221687
20030412,3.39,0.488765242391402
20030413,16.17,3.474532992457428
20030414,17.52,3.7899309942249655
20030415,2.45,0.2691547819014126
20030416,2.65,0.31588041179289966
20030417,0.79,-0.11866794619793038
20030418,0.0,-0.30323418426930443
20030419,0.66,-0.149039605627397
20030420,0.85,-0.10465025723048425
20030421,0.04,-0.29388905829100703
20030422,0.01,-0.3008979027747301
20030423,0.0,-0.30323418426930443
20030424,0.0,-0.30323418426930443
20030425,0.0,-0.30323418426930443
20030426,0.0,-0.30323418426930443
20030427,0.0,-0.30323418426930443
20030428,0.0,-0.30323418426930443
20030429,0.0,-0.30323418426930443
20030430,0.0,-0.30323418426930443
20030501,0.0,-0.30323418426930443
20030502,0.0,-0.30323418426930443
20030503,0.0,-0.30323418426930443
20030504,0.0,-0.30323418426930443
20030505,0.0,-0.30323418426930443
20030506,0.0,-0.30323418426930443
20030507,0.0,-0.30323418426930443
20030508,0.0,-0.30323418426930443
20030509,0.0,-0.30323418426930443
20030510,0.0,-0.30323418426930443
20030511,0.0,-0.30323418426930443
20030512,0.0,-0.30323418426930443
20030513,0.0,-0.30323418426930443
20030514,0.0,-0.30323418426930443
20030515,0.0,-0.30323418426930443
20030516,0.0,-0.30323418426930443
20030517,0.0,-0.30323418426930443
20030518,0.0,-0.30323418426930443
20030519,0.0,-0.30323418426930443
20030520,0.23,-0.24949970989409428
20030521,0.0,-0.30323418426930443
20030522,0.0,-0.30323418426930443
20030523,0.0,-0.30323418426930443
20030524,0.0,-0.30323418426930443
20030525,0.0,-0.30323418426930443
20030526,0.0,-0.30323418426930443
20030527,0.0,-0.30323418426930443
20030528,0.0,-0.30323418426930443
20030529,0.0,-0.30323418426930443
20030530,0.0,-0.30323418426930443
20030531,0.0,-0.30323418426930443
20030601,0.0,-0.30323418426930443
20030602,0.0,-0.30323418426930443
20030603,0.0,-0.30323418426930443
20030604,0.0,-0.30323418426930443
20030605,0.0,-0.30323418426930443
20030606,0.0,-0.30323418426930443
20030607,0.0,-0.30323418426930443
20030608,0.0,-0.30323418426930443
20030609,0.0,-0.30323418426930443
20030610,0.0,-0.30323418426930443
20030611,0.0,-0.30323418426930443
20030612,0.0,-0.30323418426930443
20030613,0.0,-0.30323418426930443
20030614,0.0,-0.30323418426930443
20030615,0.0,-0.30323418426930443
20030616,0.0,-0.30323418426930443
20030617,0.0,-0.30323418426930443
20030618,0.0,-0.30323418426930443
20030619,0.0,-0.30323418426930443
20030620,0.0,-0.30323418426930443
20030621,0.0,-0.30323418426930443
20030622,0.0,-0.30323418426930443
20030623,0.0,-0.30323418426930443
20030624,0.0,-0.30323418426930443
20030625,0.0,-0.30323418426930443
20030626,0.0,-0.30323418426930443
20030627,0.0,-0.30323418426930443
20030628,0.0,-0.30323418426930443
20030629,0.0,-0.30323418426930443
20030630,0.0,-0.30323418426930443
20030701,0.0,-0.30323418426930443
20030702,0.0,-0.30323418426930443
20030703,0.0,-0.30323418426930443
20030704,0.0,-0.30323418426930443
20030705,0.0,-0.30323418426930443
20030706,0.0,-0.30323418426930443
20030707,0.0,-0.30323418426930443
20030708,0.0,-0.30323418426930443
20030709,0.0,-0.30323418426930443
20030710,0.0,-0.30323418426930443
20030711,0.0,-0.30323418426930443
20030712,0.0,-0.30323418426930443
20030713,0.0,-0.30323418426930443
20030714,0.0,-0.30323418426930443
20030715,0.0,-0.30323418426930443
20030716,0.0,-0.30323418426930443
20030717,0.0,-0.30323418426930443
20030718,0.0,-0.30323418426930443
20030719,0.0,-0.30323418426930443
20030720,0.0,-0.30323418426930443
20030721,0.0,-0.30323418426930443
20030722,0.0,-0.30323418426930443
20030723,0.0,-0.30323418426930443
20030724,0.0,-0.30323418426930443
20030725,0.0,-0.30323418426930443
20030726,0.0,-0.30323418426930443
20030727,0.0,-0.30323418426930443
20030728,0.0,-0.30323418426930443
20030729,0.0,-0.30323418426930443
20030730,0.0,-0.30323418426930443
20030731,0.0,-0.30323418426930443
20030801,0.0,-0.30323418426930443
20030802,0.0,-0.30323418426930443
20030803,0.0,-0.30323418426930443
20030804,0.0,-0.30323418426930443
20030805,0.0,-0.30323418426930443
20030806,0.0,-0.30323418426930443
20030807,0.0,-0.30323418426930443
20030808,0.0,-0.30323418426930443
20030809,0.0,-0.30323418426930443
20030810,0.0,-0.30323418426930443
20030811,0.0,-0.30323418426930443
20030812,0.0,-0.30323418426930443
20030813,0.0,-0.30323418426930443
20030814,0.0,-0.30323418426930443
20030815,0.0,-0.30323418426930443
20030816,0.0,-0.30323418426930443
20030817,0.0,-0.30323418426930443
20030818,0.0,-0.30323418426930443
20030819,0.0,-0.30323418426930443
20030820,0.0,-0.30323418426930443
20030821,0.0,-0.30323418426930443
20030822,0.0,-0.30323418426930443
20030823,0.0,-0.30323418426930443
20030824,0.0,-0.30323418426930443
20030825,0.0,-0.30323418426930443
20030826,0.0,-0.30323418426930443
20030827,0.0,-0.30323418426930443
20030828,0.0,-0.30323418426930443
20030829,0.0,-0.30323418426930443
20030830,0.0,-0.30323418426930443
20030831,0.0,-0.30323418426930443
20030901,0.0,-0.30323418426930443
20030902,0.0,-0.30323418426930443
20030903,0.0,-0.30323418426930443
20030904,0.0,-0.30323418426930443
20030905,0.0,-0.30323418426930443
20030906,0.0,-0.30323418426930443
20030907,0.0,-0.30323418426930443
20030908,0.0,-0.30323418426930443
20030909,0.0,-0.30323418426930443
20030910,0.0,-0.30323418426930443
20030911,0.0,-0.30323418426930443
20030912,0.0,-0.30323418426930443
20030913,0.0,-0.30323418426930443
20030914,0.0,-0.30323418426930443
20030915,0.01,-0.3008979027747301
20030916,10.39,2.1241622885934506
20030917,2.0,0.1640221146455666
20030918,0.0,-0.30323418426930443
20030919,0.0,-0.30323418426930443
20030920,0.0,-0.30323418426930443
20030921,0.0,-0.30323418426930443
20030922,0.0,-0.30323418426930443
20030923,0.0,-0.30323418426930443
20030924,0.0,-0.30323418426930443
20030925,0.0,-0.30323418426930443
20030926,0.0,-0.30323418426930443
20030927,0.54,-0.17707498356228926
20030928,0.14,-0.27052624334526343
20030929,0.0,-0.30323418426930443
20030930,0.0,-0.30323418426930443
20031001,0.0,-0.30323418426930443
20031002,0.0,-0.30323418426930443
20031003,0.0,-0.30323418426930443
20031004,0.0,-0.30323418426930443
20031005,0.0,-0.30323418426930443
20031006,0.0,-0.30323418426930443
20031007,0.0,-0.30323418426930443
20031008,0.0,-0.30323418426930443
20031009,0.0,-0.30323418426930443
20031010,0.0,-0.30323418426930443
20031011,0.0,-0.30323418426930443
20031012,0.0,-0.30323418426930443
20031013,0.01,-0.3008979027747301
20031014,0.0,-0.30323418426930443
20031015,0.0,-0.30323418426930443
20031016,0.0,-0.30323418426930443
20031017,0.0,-0.30323418426930443
20031018,0.0,-0.30323418426930443
20031019,0.0,-0.30323418426930443
20031020,0.05,-0.29155277679643266
20031021,0.0,-0.30323418426930443
20031022,0.19,-0.2588448358723917
20031023,0.13,-0.27286252483983786
20031024,0.06,-0.2892164953018583
20031025,0.0,-0.30323418426930443
20031026,0.0,-0.30323418426930443
20031027,0.09,-0.2822076508181352
20031028,1.23,-0.015871560436658754
20031029,4.46,0.738747362310858
20031030,1.9,0.14065929969982302
20031031,0.64,-0.1537121686165457
20031101,0.72,-0.13502191665995086
20031102,0.33,-0.2261368949483507
20031103,0.25,-0.24482714690494556
20031104,0.03,-0.29622533978558135
20031105,0.0,-0.30323418426930443
20031106,0.0,-0.30323418426930443
20031107,0.0,-0.30323418426930443
20031108,0.06,-0.2892164953018583
20031109,0.38,-0.21445548747547893
20031110,0.05,-0.29155277679643266
20031111,0.01,-0.3008979027747301
20031112,0.01,-0.3008979027747301
20031113,0.01,-0.3008979027747301
20031114,0.0,-0.30323418426930443
20031115,0.0,-0.30323418426930443
20031116,0.04,-0.29388905829100703
20031117,0.5,-0.1864201095405867
20031118,1.41,0.026181506465679624
20031119,2.62,0.30887156730917664
20031120,2.66,0.3182166932874741
20031121,3.59,0.535490872282889
20031122,0.51,-0.1840838280460123
20031123,0.09,-0.2822076508181352
20031124,0.09,-0.2822076508181352
20031125,0.09,-0.2822076508181352
20031126,0.11,-0.2775350878289865
20031127,0.0,-0.30323418426930443
20031128,0.0,-0.30323418426930443
20031129,0.01,-0.3008979027747301
20031130,0.41,-0.2074466429917559
20031201,0.3,-0.23314573943207378
20031202,0.0,-0.30323418426930443
20031203,0.0,-0.30323418426930443
20031204,0.0,-0.30323418426930443
20031205,0.0,-0.30323418426930443
20031206,0.0,-0.30323418426930443
20031207,0.38,-0.21445548747547893
20031208,0.0,-0.30323418426930443
20031209,0.0,-0.30323418426930443
20031210,0.0,-0.30323418426930443
20031211,0.0,-0.30323418426930443
20031212,0.0,-0.30323418426930443
20031213,0.0,-0.30323418426930443
20031214,0.03,-0.29622533978558135
20031215,0.03,-0.29622533978558135
20031216,0.47,-0.19342895402430976
20031217,0.01,-0.3008979027747301
20031218,0.0,-0.30323418426930443
20031219,0.03,-0.29622533978558135
20031220,0.03,-0.29622533978558135
20031221,0.0,-0.30323418426930443
20031222,0.71,-0.13735819815452524
20031223,1.6,0.07057085486259242
20031224,1.89,0.13832301820524867
20031225,0.54,-0.17707498356228926
20031226,0.02,-0.29856162128015573
20031227,0.28,-0.23781830242122248
20031228,0.44,-0.2004377985080328
20031229,0.51,-0.1840838280460123
20031230,0.48,-0.19109267252973539
20031231,0.49,-0.18875639103516104
20040101,1.22,-0.01820784193123311
20040102,3.23,0.4513847384782123
20040103,3.13,0.4280219235324687
20040104,4.53,0.7551013327728785
20040105,8.16,1.6031715153033694
20040106,1.13,-0.03923437538240233
20040107,2.17,0.20373890005333062
20040108,1.38,0.019172661981956555
20040109,0.6,-0.16305729459484314
20040110,0.68,-0.14436704263824826
20040111,4.67,0.7878092736969194
20040112,17.5,3.7852584312358175
20040113,23.45,5.175345920507558
20040114,5.89,1.0728356160349908
20040115,5.26,0.9256498818768063
20040116,8.45,1.6709236786460255
20040117,8.31,1.6382157377219848
20040118,9.6,1.9395960505220764
20040119,2.17,0.20373890005333062
20040120,3.04,0.40699539008129954
20040121,0.09,-0.2822076508181352
20040122,0.09,-0.2822076508181352
20040123,0.03,-0.29622533978558135
20040124,0.12,-0.2751988063344121
20040125,0.3,-0.23314573943207378
20040126,0.0,-0.30323418426930443
20040127,0.0,-0.30323418426930443
20040128,0.01,-0.3008979027747301
20040129,0.08,-0.2845439323127096
20040130,0.07,-0.28688021380728396
20040131,0.03,-0.29622533978558135
20040201,0.0,-0.30323418426930443
20040202,0.02,-0.29856162128015573
20040203,0.19,-0.2588448358723917
20040204,0.0,-0.30323418426930443
20040205,0.0,-0.30323418426930443
20040206,0.0,-0.30323418426930443
20040207,0.02,-0.29856162128015573
20040208,0.73,-0.13268563516537651
20040209,0.38,-0.21445548747547893
20040210,0.38,-0.21445548747547893
20040211,7.8,1.5190653814986925
20040212,2.1,0.18738492959131017
20040213,1.59,0.06823457336801805
20040214,0.0,-0.30323418426930443
20040215,0.11,-0.2775350878289865
20040216,1.17,-0.0298892494041049
20040217,0.92,-0.08829628676846375
20040218,0.16,-0.2658536803561148
20040219,0.41,-0.2074466429917559
20040220,20.48,4.481470316618974
20040221,15.17,3.2409048429999925
20040222,9.17,1.8391359462553794
20040223,2.0,0.1640221146455666
20040224,0.54,-0.17707498356228926
20040225,0.14,-0.27052624334526343
20040226,0.1,-0.2798713693235609
20040227,0.01,-0.3008979027747301
20040228,0.0,-0.30323418426930443
20040229,0.0,-0.30323418426930443
20040301,0.01,-0.3008979027747301
20040302,1.25,-0.01119899744751004
20040303,2.0,0.1640221146455666
20040304,0.3,-0.23314573943207378
20040305,0.01,-0.3008979027747301
20040306,0.89,-0.09530513125218683
20040307,0.68,-0.14436704263824826
20040308,5.58,1.0004108897031858
20040309,3.72,0.5658625317123558
20040310,1.17,-0.0298892494041049
20040311,0.79,-0.11866794619793038
20040312,0.6,-0.16305729459484314
20040313,0.55,-0.17473870206771489
20040314,1.09,-0.0485795013606997
20040315,0.26,-0.2424908654103712
20040316,0.4,-0.20978292448633024
20040317,0.14,-0.27052624334526343
20040318,0.18,-0.2611811173669661
20040319,0.31,-0.2308094579374994
20040320,0.49,-0.18875639103516104
20040321,1.0,-0.06960603481186892
20040322,1.49,0.044871758422274484
20040323,1.75,0.10561507728120773
20040324,0.55,-0.17473870206771489
20040325,0.19,-0.2588448358723917
20040326,0.63,-0.15604845011112006
20040327,1.57,0.06356201037886934
20040328,1.02,-0.0649334718227202
20040329,2.41,0.2598096559231152
20040330,7.22,1.3835610548133799
20040331,3.18,0.43970333100534054
20040401,0.1,-0.2798713693235609
20040402,0.32,-0.22847317644292506
20040403,0.18,-0.2611811173669661
20040404,0.05,-0.29155277679643266
20040405,0.23,-0.24949970989409428
20040406,17.83,3.8623557205567707
20040407,3.01,0.3999865455975764
20040408,2.73,0.3345706637494945
20040409,2.33,0.24111940396652035
20040410,1.24,-0.013535278942084396
20040411,0.01,-0.3008979027747301
20040412,0.0,-0.30323418426930443
20040413,0.0,-0.30323418426930443
20040414,0.0,-0.30323418426930443
20040415,0.0,-0.30323418426930443
20040416,0.0,-0.30323418426930443
20040417,0.0,-0.30323418426930443
20040418,0.0,-0.30323418426930443
20040419,0.0,-0.30323418426930443
20040420,0.0,-0.30323418426930443
20040421,0.0,-0.30323418426930443
20040422,0.0,-0.30323418426930443
20040423,0.0,-0.30323418426930443
20040424,0.0,-0.30323418426930443
20040425,0.0,-0.30323418426930443
20040426,0.0,-0.30323418426930443
20040427,0.0,-0.30323418426930443
20040428,0.0,-0.30323418426930443
20040429,0.0,-0.30323418426930443
20040430,0.0,-0.30323418426930443
20040501,0.0,-0.30323418426930443
20040502,0.0,-0.30323418426930443
20040503,0.0,-0.30323418426930443
20040504,0.0,-0.30323418426930443
20040505,0.0,-0.30323418426930443
20040506,0.0,-0.30323418426930443
20040507,0.0,-0.30323418426930443
20040508,0.0,-0.30323418426930443
20040509,0.0,-0.30323418426930443
20040510,0.0,-0.30323418426930443
20040511,0.0,-0.30323418426930443
20040512,0.0,-0.30323418426930443
20040513,0.0,-0.30323418426930443
20040514,0.0,-0.30323418426930443
20040515,0.0,-0.30323418426930443
20040516,0.0,-0.30323418426930443
20040517,0.0,-0.30323418426930443
20040518,0.05,-0.29155277679643266
20040519,0.53,-0.1794112650568636
20040520,0.0,-0.30323418426930443
20040521,0.0,-0.30323418426930443
20040522,0.0,-0.30323418426930443
20040523,0.0,-0.30323418426930443
20040524,0.0,-0.30323418426930443
20040525,0.0,-0.30323418426930443
20040526,0.0,-0.30323418426930443
20040527,0.0,-0.30323418426930443
20040528,0.0,-0.30323418426930443
20040529,0.0,-0.30323418426930443
20040530,0.0,-0.30323418426930443
20040531,0.0,-0.30323418426930443
20040601,0.0,-0.30323418426930443
20040602,0.0,-0.30323418426930443
20040603,0.0,-0.30323418426930443
20040604,0.0,-0.30323418426930443
20040605,0.0,-0.30323418426930443
20040606,0.05,-0.29155277679643266
20040607,0.92,-0.08829628676846375
20040608,0.0,-0.30323418426930443
20040609,0.0,-0.30323418426930443
20040610,0.0,-0.30323418426930443
20040611,0.0,-0.30323418426930443
20040612,0.82,-0.11165910171420733
20040613,0.0,-0.30323418426930443
20040614,0.0,-0.30323418426930443
20040615,0.0,-0.30323418426930443
20040616,0.0,-0.30323418426930443
20040617,0.0,-0.30323418426930443
20040618,0.0,-0.30323418426930443
20040619,0.0,-0.30323418426930443
20040620,0.0,-0.30323418426930443
20040621,0.0,-0.30323418426930443
20040622,0.0,-0.30323418426930443
20040623,0.0,-0.30323418426930443
20040624,0.0,-0.30323418426930443
20040625,0.0,-0.30323418426930443
20040626,0.0,-0.30323418426930443
20040627,0.0,-0.30323418426930443
20040628,0.0,-0.30323418426930443
20040629,0.0,-0.30323418426930443
20040630,0.0,-0.30323418426930443
20040701,0.03,-0.29622533978558135
20040702,0.19,-0.2588448358723917
20040703,0.0,-0.30323418426930443
20040704,0.0,-0.30323418426930443
20040705,0.0,-0.30323418426930443
20040706,0.0,-0.30323418426930443
20040707,0.01,-0.3008979027747301
20040708,0.01,-0.3008979027747301
20040709,0.02,-0.29856162128015573
20040710,0.0,-0.30323418426930443
20040711,0.0,-0.30323418426930443
20040712,0.0,-0.30323418426930443
20040713,0.0,-0.30323418426930443
20040714,0.0,-0.30323418426930443
20040715,0.0,-0.30323418426930443
20040716,0.0,-0.30323418426930443
20040717,0.0,-0.30323418426930443
20040718,0.0,-0.30323418426930443
20040719,0.0,-0.30323418426930443
20040720,0.0,-0.30323418426930443
20040721,0.0,-0.30323418426930443
20040722,0.0,-0.30323418426930443
20040723,0.0,-0.30323418426930443
20040724,0.0,-0.30323418426930443
20040725,0.0,-0.30323418426930443
20040726,0.0,-0.30323418426930443
20040727,0.0,-0.30323418426930443
20040728,0.0,-0.30323418426930443
20040729,0.0,-0.30323418426930443
20040730,0.0,-0.30323418426930443
20040731,0.0,-0.30323418426930443
20040801,0.0,-0.30323418426930443
20040802,0.0,-0.30323418426930443
20040803,0.0,-0.30323418426930443
20040804,0.0,-0.30323418426930443
20040805,0.0,-0.30323418426930443
20040806,0.0,-0.30323418426930443
20040807,0.0,-0.30323418426930443
20040808,0.0,-0.30323418426930443
20040809,0.0,-0.30323418426930443
20040810,0.0,-0.30323418426930443
20040811,0.0,-0.30323418426930443
20040812,0.0,-0.30323418426930443
20040813,0.0,-0.30323418426930443
20040814,0.0,-0.30323418426930443
20040815,0.0,-0.30323418426930443
20040816,0.0,-0.30323418426930443
20040817,0.0,-0.30323418426930443
20040818,0.0,-0.30323418426930443
20040819,0.0,-0.30323418426930443
20040820,0.0,-0.30323418426930443
20040821,0.0,-0.30323418426930443
20040822,0.0,-0.30323418426930443
20040823,0.0,-0.30323418426930443
20040824,0.0,-0.30323418426930443
20040825,0.0,-0.30323418426930443
20040826,0.0,-0.30323418426930443
20040827,0.0,-0.30323418426930443
20040828,0.0,-0.30323418426930443
20040829,0.0,-0.30323418426930443
20040830,0.0,-0.30323418426930443
20040831,0.0,-0.30323418426930443
20040901,0.0,-0.30323418426930443
20040902,0.0,-0.30323418426930443
20040903,0.0,-0.30323418426930443
20040904,0.0,-0.30323418426930443
20040905,0.0,-0.30323418426930443
20040906,0.0,-0.30323418426930443
20040907,0.0,-0.30323418426930443
20040908,0.0,-0.30323418426930443
20040909,0.0,-0.30323418426930443
20040910,0.0,-0.30323418426930443
20040911,0.0,-0.30323418426930443
20040912,0.0,-0.30323418426930443
20040913,0.0,-0.30323418426930443
20040914,0.0,-0.30323418426930443
20040915,0.0,-0.30323418426930443
20040916,0.0,-0.30323418426930443
20040917,0.0,-0.30323418426930443
20040918,0.0,-0.30323418426930443
20040919,0.0,-0.30323418426930443
20040920,0.0,-0.30323418426930443
20040921,0.0,-0.30323418426930443
20040922,0.0,-0.30323418426930443
20040923,1.37,0.016836380487382247
20040924,0.0,-0.30323418426930443
20040925,0.0,-0.30323418426930443
20040926,0.0,-0.30323418426930443
20040927,0.0,-0.30323418426930443
20040928,0.0,-0.30323418426930443
20040929,0.0,-0.30323418426930443
20040930,0.0,-0.30323418426930443
20041001,0.0,-0.30323418426930443
20041002,0.0,-0.30323418426930443
20041003,0.0,-0.30323418426930443
20041004,0.0,-0.30323418426930443
20041005,0.0,-0.30323418426930443
20041006,0.0,-0.30323418426930443
20041007,0.0,-0.30323418426930443
20041008,0.0,-0.30323418426930443
20041009,0.0,-0.30323418426930443
20041010,0.01,-0.3008979027747301
20041011,0.0,-0.30323418426930443
20041012,0.0,-0.30323418426930443
20041013,0.05,-0.29155277679643266
20041014,0.03,-0.29622533978558135
20041015,0.46,-0.1957652355188841
20041016,1.52,0.05188060290599755
20041017,1.51,0.049544321411423196
20041018,5.11,0.8906056594581911
20041019,9.23,1.8531536352228255
20041020,12.98,2.7292591956882086
20041021,0.47,-0.19342895402430976
20041022,8.94,1.785401471880169
20041023,0.26,-0.2424908654103712
20041024,0.03,-0.29622533978558135
20041025,0.63,-0.15604845011112006
20041026,0.09,-0.2822076508181352
20041027,0.0,-0.30323418426930443
20041028,0.0,-0.30323418426930443
20041029,0.0,-0.30323418426930443
20041030,0.01,-0.3008979027747301
20041031,0.0,-0.30323418426930443
20041101,0.05,-0.29155277679643266
20041102,1.22,-0.01820784193123311
20041103,0.07,-0.28688021380728396
20041104,0.02,-0.29856162128015573
20041105,0.44,-0.2004377985080328
20041106,0.7,-0.1396944796490996
20041107,2.18,0.20607518154790502
20041108,0.33,-0.2261368949483507
20041109,1.18,-0.02755296790953054
20041110,1.26,-0.008862715952935682
20041111,7.48,1.4443043736723133
20041112,5.43,0.9653666672845703
20041113,5.79,1.0494728010892471
20041114,4.13,0.6616500729899042
20041115,1.2,-0.022880404920381826
20041116,3.45,0.5027829313588481
20041117,8.01,1.568127292884754
20041118,7.26,1.3929061807916774
20041119,6.26,1.159278031334242
20041120,9.48,1.9115606725871843
20041121,7.43,1.4326229661994414
20041122,0.0,-0.30323418426930443
20041123,0.0,-0.30323418426930443
20041124,0.01,-0.3008979027747301
20041125,3.16,0.43503076801619184
20041126,4.75,0.8064995256535142
20041127,4.83,0.8251897776101091
20041128,1.5,0.04720803991684884
20041129,0.32,-0.22847317644292506
20041130,1.97,0.15701327016184352
20041201,4.29,0.699030576903094
20041202,1.19,-0.025216686414956183
20041203,1.47,0.04019919543312577
20041204,1.7,0.09393366980833594
20041205,0.41,-0.2074466429917559
20041206,0.03,-0.29622533978558135
20041207,0.04,-0.29388905829100703
20041208,0.12,-0.2751988063344121
20041209,0.03,-0.29622533978558135
20041210,0.08,-0.2845439323127096
20041211,0.13,-0.27286252483983786
20041212,0.32,-0.22847317644292506
20041213,0.64,-0.1537121686165457
20041214,0.0,-0.30323418426930443
20041215,0.0,-0.30323418426930443
20041216,0.35,-0.221464331959202
20041217,0.28,-0.23781830242122248
20041218,0.03,-0.29622533978558135
20041219,0.07,-0.28688021380728396
20041220,0.07,-0.28688021380728396
20041221,0.0,-0.30323418426930443
20041222,0.0,-0.30323418426930443
20041223,0.0,-0.30323418426930443
20041224,0.0,-0.30323418426930443
20041225,0.0,-0.30323418426930443
20041226,0.0,-0.30323418426930443
20041227,1.58,0.0658982918734437
20041228,0.34,-0.22380061345377633
20041229,0.01,-0.3008979027747301
20041230,1.34,0.009827536003659177
20041231,5.6,1.0050834526923345
20050101,4.66,0.7854729922023451
20050102,2.35,0.24579196695566904
20050103,1.14,-0.03689809388782797
20050104,0.37,-0.2167917689700533
20050105,11.08,2.285365711719081
20050106,6.09,1.1195612459264779
20050107,2.08,0.18271236660216145
20050108,0.05,-0.29155277679643266
20050109,2.68,0.3228892562766228
20050110,1.03,-0.06259719032814584
20050111,5.42,0.9630303857899961
20050112,6.5,1.2153487872040265
20050113,7.22,1.3835610548133799
20050114,1.67,0.08692482532461286
20050115,2.83,0.3579334786952381
20050116,3.41,0.4934378053805507
20050117,7.6,1.4723397516072054
20050118,1.19,-0.025216686414956183
20050119,6.01,1.100870993969883
20050120,3.0,0.39765026410300214
20050121,0.32,-0.22847317644292506
20050122,0.0,-0.30323418426930443
20050123,0.0,-0.30323418426930443
20050124,0.0,-0.30323418426930443
20050125,0.7,-0.1396944796490996
20050126,0.16,-0.2658536803561148
20050127,0.09,-0.2822076508181352
20050128,0.48,-0.19109267252973539
20050129,0.41,-0.2074466429917559
20050130,0.47,-0.19342895402430976
20050131,9.98,2.028374747315902
20050201,3.06,0.4116679530704483
20050202,6.58,1.2340390391606213
20050203,0.69,-0.14203076114367394
20050204,0.09,-0.2822076508181352
20050205,0.0,-0.30323418426930443
20050206,1.0,-0.06960603481186892
20050207,8.21,1.6148529227762414
20050208,2.41,0.2598096559231152
20050209,14.32,3.0423209159611724
20050210,2.57,0.2971901598363048
20050211,1.06,-0.05558834584442277
20050212,2.02,0.16869467763471532
20050213,1.08,-0.05091578285527406
20050214,1.6,0.07057085486259242
20050215,2.47,0.2738273448905613
20050216,2.84,0.3602697601898124
20050217,14.03,2.9745687526185156
20050218,22.28,4.90200098564236
20050219,1.75,0.10561507728120773
20050220,0.05,-0.29155277679643266
20050221,0.66,-0.149039605627397
20050222,0.41,-0.2074466429917559
20050223,0.62,-0.1583847316056944
20050224,0.7,-0.1396944796490996
20050225,0.83,-0.10932282021963297
20050226,0.63,-0.15604845011112006
20050227,1.76,0.10795135877578207
20050228,0.93,-0.08596000527388939
20050301,3.49,0.5121280573371456
20050302,0.04,-0.29388905829100703
20050303,0.71,-0.13735819815452524
20050304,0.66,-0.149039605627397
20050305,1.19,-0.025216686414956183
20050306,3.94,0.6172607245929915
20050307,0.0,-0.30323418426930443
20050308,0.0,-0.30323418426930443
20050309,0.08,-0.2845439323127096
20050310,0.24,-0.2471634283995199
20050311,0.14,-0.27052624334526343
20050312,0.8,-0.11633166470335601
20050313,5.05,0.8765879704907449
20050314,1.64,0.07991598084088979
20050315,4.69,0.7924818366860682
20050316,4.35,0.71304826587054
20050317,13.34,2.8133653294928855
20050318,8.54,1.6919502120971948
20050319,0.87,-0.09997769424133554
20050320,3.47,0.5074554943479969
20050321,4.01,0.633614695055012
20050322,0.5,-0.1864201095405867
20050323,1.83,0.12430532923780258
20050324,10.53,2.1568702295174913
20050325,12.92,2.7152415067207625
20050326,1.01,-0.06726975331729457
20050327,0.09,-0.2822076508181352
20050328,0.01,-0.3008979027747301
20050329,0.4,-0.20978292448633024
20050330,0.91,-0.0906325682630381
20050331,0.16,-0.2658536803561148
20050401,5.09,0.8859330964690423
20050402,13.22,2.7853299515579932
20050403,9.92,2.014357058348456
20050404,3.74,0.5705350947015044
20050405,25.76,5.715026945754235
20050406,2.63,0.31120784880375096
20050407,0.25,-0.24482714690494556
20050408,0.37,-0.2167917689700533
20050409,0.0,-0.30323418426930443
20050410,0.06,-0.2892164953018583
20050411,0.1,-0.2798713693235609
20050412,0.0,-0.30323418426930443
20050413,0.0,-0.30323418426930443
20050414,0.0,-0.30323418426930443
20050415,0.34,-0.22380061345377633
20050416,0.03,-0.29622533978558135
20050417,0.0,-0.30323418426930443
20050418,0.01,-0.3008979027747301
20050419,0.03,-0.29622533978558135
20050420,0.0,-0.30323418426930443
20050421,0.06,-0.2892164953018583
20050422,0.45,-0.19810151701345846
20050423,0.41,-0.2074466429917559
20050424,0.0,-0.30323418426930443
20050425,0.0,-0.30323418426930443
20050426,0.0,-0.30323418426930443
20050427,0.04,-0.29388905829100703
20050428,12.37,2.5867460245191727
20050429,0.32,-0.22847317644292506
20050430,0.0,-0.30323418426930443
20050501,0.0,-0.30323418426930443
20050502,0.0,-0.30323418426930443
20050503,0.58,-0.16772985758399184
20050504,0.0,-0.30323418426930443
20050505,0.47,-0.19342895402430976
20050506,0.0,-0.30323418426930443
20050507,0.0,-0.30323418426930443
20050508,0.0,-0.30323418426930443
20050509,0.0,-0.30323418426930443
20050510,0.0,-0.30323418426930443
20050511,0.0,-0.30323418426930443
20050512,0.0,-0.30323418426930443
20050513,0.12,-0.2751988063344121
20050514,0.62,-0.1583847316056944
20050515,0.0,-0.30323418426930443
20050516,0.24,-0.2471634283995199
20050517,0.47,-0.19342895402430976
20050518,0.01,-0.3008979027747301
20050519,0.0,-0.30323418426930443
20050520,0.0,-0.30323418426930443
20050521,0.0,-0.30323418426930443
20050522,0.0,-0.30323418426930443
20050523,0.0,-0.30323418426930443
20050524,0.0,-0.30323418426930443
20050525,0.0,-0.30323418426930443
20050526,0.0,-0.30323418426930443
20050527,0.0,-0.30323418426930443
20050528,0.0,-0.30323418426930443
20050529,0.0,-0.30323418426930443
20050530,0.0,-0.30323418426930443
20050531,0.0,-0.30323418426930443
20050601,0.0,-0.30323418426930443
20050602,0.0,-0.30323418426930443
20050603,0.0,-0.30323418426930443
20050604,0.0,-0.30323418426930443
20050605,0.0,-0.30323418426930443
20050606,0.0,-0.30323418426930443
20050607,0.0,-0.30323418426930443
20050608,0.0,-0.30323418426930443
20050609,0.0,-0.30323418426930443
20050610,0.0,-0.30323418426930443
20050611,0.0,-0.30323418426930443
20050612,0.0,-0.30323418426930443
20050613,0.0,-0.30323418426930443
20050614,0.0,-0.30323418426930443
20050615,0.0,-0.30323418426930443
20050616,0.0,-0.30323418426930443
20050617,0.0,-0.30323418426930443
20050618,0.0,-0.30323418426930443
20050619,0.0,-0.30323418426930443
20050620,0.0,-0.30323418426930443
20050621,0.0,-0.30323418426930443
20050622,0.0,-0.30323418426930443
20050623,0.0,-0.30323418426930443
20050624,0.0,-0.30323418426930443
20050625,0.0,-0.30323418426930443
20050626,0.0,-0.30323418426930443
20050627,0.0,-0.30323418426930443
20050628,0.0,-0.30323418426930443
20050629,0.0,-0.30323418426930443
20050630,0.0,-0.30323418426930443
20050701,0.0,-0.30323418426930443
20050702,0.0,-0.30323418426930443
20050703,0.0,-0.30323418426930443
20050704,0.0,-0.30323418426930443
20050705,0.0,-0.30323418426930443
20050706,0.0,-0.30323418426930443
20050707,0.0,-0.30323418426930443
20050708,0.0,-0.30323418426930443
20050709,0.0,-0.30323418426930443
20050710,0.0,-0.30323418426930443
20050711,0.0,-0.30323418426930443
20050712,0.0,-0.30323418426930443
20050713,0.0,-0.30323418426930443
20050714,0.0,-0.30323418426930443
20050715,0.0,-0.30323418426930443
20050716,0.0,-0.30323418426930443
20050717,0.0,-0.30323418426930443
20050718,0.0,-0.30323418426930443
20050719,0.0,-0.30323418426930443
20050720,0.0,-0.30323418426930443
20050721,0.0,-0.30323418426930443
20050722,0.0,-0.30323418426930443
20050723,0.0,-0.30323418426930443
20050724,0.0,-0.30323418426930443
20050725,0.0,-0.30323418426930443
20050726,0.0,-0.30323418426930443
20050727,0.0,-0.30323418426930443
20050728,0.0,-0.30323418426930443
20050729,0.0,-0.30323418426930443
20050730,0.0,-0.30323418426930443
20050731,0.0,-0.30323418426930443
20050801,0.0,-0.30323418426930443
20050802,0.0,-0.30323418426930443
20050803,0.0,-0.30323418426930443
20050804,0.0,-0.30323418426930443
20050805,0.0,-0.30323418426930443
20050806,0.0,-0.30323418426930443
20050807,0.0,-0.30323418426930443
20050808,0.0,-0.30323418426930443
20050809,0.0,-0.30323418426930443
20050810,0.0,-0.30323418426930443
20050811,0.0,-0.30323418426930443
20050812,0.0,-0.30323418426930443
20050813,0.0,-0.30323418426930443
20050814,0.0,-0.30323418426930443
20050815,0.0,-0.30323418426930443
20050816,0.0,-0.30323418426930443
20050817,0.0,-0.30323418426930443
20050818,0.0,-0.30323418426930443
20050819,0.0,-0.30323418426930443
20050820,0.0,-0.30323418426930443
20050821,0.0,-0.30323418426930443
20050822,0.0,-0.30323418426930443
20050823,0.0,-0.30323418426930443
20050824,0.0,-0.30323418426930443
20050825,0.0,-0.30323418426930443
20050826,0.0,-0.30323418426930443
20050827,0.0,-0.30323418426930443
20050828,0.01,-0.3008979027747301
20050829,0.0,-0.30323418426930443
20050830,0.0,-0.30323418426930443
20050831,0.0,-0.30323418426930443
20050901,0.0,-0.30323418426930443
20050902,0.0,-0.30323418426930443
20050903,0.0,-0.30323418426930443
20050904,0.0,-0.30323418426930443
20050905,0.0,-0.30323418426930443
20050906,0.0,-0.30323418426930443
20050907,0.0,-0.30323418426930443
20050908,0.0,-0.30323418426930443
20050909,0.0,-0.30323418426930443
20050910,0.0,-0.30323418426930443
20050911,0.0,-0.30323418426930443
20050912,0.0,-0.30323418426930443
20050913,0.0,-0.30323418426930443
20050914,0.0,-0.30323418426930443
20050915,0.0,-0.30323418426930443
20050916,0.0,-0.30323418426930443
20050917,0.0,-0.30323418426930443
20050918,0.0,-0.30323418426930443
20050919,0.0,-0.30323418426930443
20050920,0.0,-0.30323418426930443
20050921,0.0,-0.30323418426930443
20050922,0.0,-0.30323418426930443
20050923,0.0,-0.30323418426930443
20050924,0.0,-0.30323418426930443
20050925,0.0,-0.30323418426930443
20050926,0.0,-0.30323418426930443
20050927,0.0,-0.30323418426930443
20050928,0.0,-0.30323418426930443
20050929,0.0,-0.30323418426930443
20050930,0.0,-0.30323418426930443
20051001,0.0,-0.30323418426930443
20051002,0.0,-0.30323418426930443
20051003,0.0,-0.30323418426930443
20051004,0.0,-0.30323418426930443
20051005,0.0,-0.30323418426930443
20051006,0.0,-0.30323418426930443
20051007,0.0,-0.30323418426930443
20051008,0.0,-0.30323418426930443
20051009,0.01,-0.3008979027747301
20051010,0.01,-0.3008979027747301
20051011,0.0,-0.30323418426930443
20051012,0.0,-0.30323418426930443
20051013,1.39,0.02150894347653091
20051014,2.21,0.21308402603162804
20051015,3.32,0.4724112719293814
20051016,2.63,0.31120784880375096
20051017,1.05,-0.057924627338997135
20051018,0.0,-0.30323418426930443
20051019,0.0,-0.30323418426930443
20051020,0.0,-0.30323418426930443
20051021,0.0,-0.30323418426930443
20051022,0.0,-0.30323418426930443
20051023,0.21,-0.254172272883243
20051024,0.07,-0.28688021380728396
20051025,0.0,-0.30323418426930443
20051026,0.02,-0.29856162128015573
20051027,0.19,-0.2588448358723917
20051028,4.48,0.7434199253000068
20051029,4.6,0.7714553032348989
20051030,1.04,-0.06026090883357149
20051031,2.87,0.3672786046735355
20051101,0.02,-0.29856162128015573
20051102,0.0,-0.30323418426930443
20051103,0.0,-0.30323418426930443
20051104,0.0,-0.30323418426930443
20051105,0.0,-0.30323418426930443
20051106,0.0,-0.30323418426930443
20051107,0.0,-0.30323418426930443
20051108,0.0,-0.30323418426930443
20051109,0.24,-0.2471634283995199
20051110,0.13,-0.27286252483983786
20051111,0.31,-0.2308094579374994
20051112,0.0,-0.30323418426930443
20051113,0.0,-0.30323418426930443
20051114,0.0,-0.30323418426930443
20051115,0.0,-0.30323418426930443
20051116,0.0,-0.30323418426930443
20051117,0.0,-0.30323418426930443
20051118,0.98,-0.07427859780101763
20051119,1.46,0.03786291393855141
20051120,0.79,-0.11866794619793038
20051121,11.23,2.3204099341376967
20051122,6.77,1.278428387557534
20051123,6.1,1.121897527421052
20051124,3.26,0.45839358296193533
20051125,1.34,0.009827536003659177
20051126,2.05,0.17570352211843834
20051127,10.91,2.245648926311317
20051128,1.76,0.10795135877578207
20051129,2.72,0.33223438225492025
20051130,3.16,0.43503076801619184
20051201,5.39,0.9560215413062729
20051202,0.28,-0.23781830242122248
20051203,2.98,0.3929777011138534
20051204,2.57,0.2971901598363048
20051205,0.08,-0.2845439323127096
20051206,0.21,-0.254172272883243
20051207,0.0,-0.30323418426930443
20051208,1.62,0.07524341785174113
20051209,1.11,-0.04390693837155099
20051210,0.06,-0.2892164953018583
20051211,0.04,-0.29388905829100703
20051212,0.01,-0.3008979027747301
20051213,0.2,-0.25650855437781733
20051214,0.11,-0.2775350878289865
20051215,0.3,-0.23314573943207378
20051216,0.0,-0.30323418426930443
20051217,0.0,-0.30323418426930443
20051218,0.51,-0.1840838280460123
20051219,0.09,-0.2822076508181352
20051220,0.0,-0.30323418426930443
20051221,0.0,-0.30323418426930443
20051222,0.0,-0.30323418426930443
20051223,0.34,-0.22380061345377633
20051224,0.13,-0.27286252483983786
20051225,0.25,-0.24482714690494556
20051226,0.22,-0.25183599138866863
20051227,0.56,-0.17240242057314054
20051228,0.56,-0.17240242057314054
20051229,0.95,-0.0812874422847407
20051230,0.22,-0.25183599138866863
20051231,0.59,-0.1653935760894175
20060101,4.41,0.7270659548379862
20060102,13.25,2.792338796041716
20060103,11.62,2.411524912426096
20060104,27.48,6.116867362821023
20060105,34.11,7.665821993723822
20060106,14.62,3.1124093607984027
20060107,11.28,2.332091341610568
20060108,0.3,-0.23314573943207378
20060109,7.07,1.3485168323947647
20060110,6.15,1.133578934893924
20060111,10.91,2.245648926311317
20060112,8.74,1.738675841988682
20060113,10.48,2.14518882204462
20060114,8.41,1.6615785526677282
20060115,4.44,0.7340747993217094
20060116,5.51,0.9840569192411652
20060117,5.48,0.9770480747574423
20060118,4.77,0.8111720886426629
20060119,3.91,0.6102518801092685
20060120,0.99,-0.07194231630644328
20060121,7.97,1.5587821669064565
20060122,13.94,2.9535422191673466
20060123,3.61,0.5401634352720378
20060124,1.0,-0.06960603481186892
20060125,4.67,0.7878092736969194
20060126,18.09,3.9230990394157037
20060127,37.82,8.532582428210908
20060128,10.36,2.1171534441097273
20060129,1.95,0.15234070717269482
20060130,4.35,0.71304826587054
20060131,7.25,1.3905698992971032
20060201,4.23,0.685012887935648
20060202,6.06,1.1125524014427548
20060203,8.55,1.6942864935917694
20060204,12.67,2.6568344693564034
20060205,15.7,3.364727762212433
20060206,4.65,0.7831367107077708
20060207,2.91,0.37662373065183297
20060208,1.07,-0.053252064349848416
20060209,5.15,0.8999507854364885
20060210,2.44,0.26681850040683824
20060211,1.49,0.044871758422274484
20060212,2.9,0.37428744915725853
20060213,2.39,0.25513709293396647
20060214,1.07,-0.053252064349848416
20060215,0.83,-0.10932282021963297
20060216,1.75,0.10561507728120773
20060217,1.05,-0.057924627338997135
20060218,1.47,0.04019919543312577
20060219,5.65,1.0167648601652064
20060220,7.6,1.4723397516072054
20060221,6.5,1.2153487872040265
20060222,1.99,0.16168583315099225
20060223,11.9,2.4769407942741783
20060224,34.05,7.651804304756375
20060225,13.62,2.878781211340967
20060226,5.93,1.082180742013288
20060227,9.62,1.944268613511225
20060228,4.16,0.6686589174736274
20060301,1.58,0.0658982918734437
20060302,0.33,-0.2261368949483507
20060303,0.5,-0.1864201095405867
20060304,0.06,-0.2892164953018583
20060305,0.05,-0.29155277679643266
20060306,0.13,-0.27286252483983786
20060307,0.43,-0.2027740800026072
20060308,1.14,-0.03689809388782797
20060309,0.37,-0.2167917689700533
20060310,0.86,-0.10231397573590989
20060311,2.59,0.3018627228254535
20060312,3.88,0.6032430356255454
20060313,1.12,-0.041570656876976635
20060314,3.53,0.5214731833154429
20060315,1.09,-0.0485795013606997
20060316,0.91,-0.0906325682630381
20060317,13.0,2.7339317586773575
20060318,8.21,1.6148529227762414
20060319,1.81,0.11963276624865386
20060320,7.65,1.4840211590800774
20060321,26.99,6.00238956958688
20060322,1.42,0.028517787960253983
20060323,1.46,0.03786291393855141
20060324,1.69,0.09159738831376157
20060325,2.85,0.3626060416843868
20060326,2.11,0.18972121108588447
20060327,0.22,-0.25183599138866863
20060328,0.36,-0.21912805046462766
20060329,0.12,-0.2751988063344121
20060330,0.55,-0.17473870206771489
20060331,0.02,-0.29856162128015573
20060401,0.06,-0.2892164953018583
20060402,0.0,-0.30323418426930443
20060403,0.0,-0.30323418426930443
20060404,0.0,-0.30323418426930443
20060405,0.0,-0.30323418426930443
20060406,1.42,0.028517787960253983
20060407,0.35,-0.221464331959202
20060408,0.04,-0.29388905829100703
20060409,0.0,-0.30323418426930443
20060410,3.71,0.5635262502177814
20060411,0.73,-0.13268563516537651
20060412,0.07,-0.28688021380728396
20060413,1.89,0.13832301820524867
20060414,1.61,0.07290713635716677
20060415,0.24,-0.2471634283995199
20060416,8.64,1.7153130270429386
20060417,1.96,0.15467698866726917
20060418,5.41,0.9606941042954218
20060419,4.38,0.7200571103542631
20060420,7.23,1.3858973363079545
20060421,1.67,0.08692482532461286
20060422,0.01,-0.3008979027747301
20060423,0.0,-0.30323418426930443
20060424,0.28,-0.23781830242122248
20060425,0.54,-0.17707498356228926
20060426,5.23,0.9186410373930834
20060427,0.0,-0.30323418426930443
20060428,0.01,-0.3008979027747301
20060429,3.61,0.5401634352720378
20060430,11.8,2.453577979328435
20060501,0.12,-0.2751988063344121
20060502,0.05,-0.29155277679643266
20060503,0.0,-0.30323418426930443
20060504,0.0,-0.30323418426930443
20060505,0.0,-0.30323418426930443
20060506,0.0,-0.30323418426930443
20060507,0.0,-0.30323418426930443
20060508,0.0,-0.30323418426930443
20060509,0.0,-0.30323418426930443
20060510,0.0,-0.30323418426930443
20060511,0.0,-0.30323418426930443
20060512,0.0,-0.30323418426930443
20060513,0.68,-0.14436704263824826
20060514,1.12,-0.041570656876976635
20060515,0.12,-0.2751988063344121
20060516,0.01,-0.3008979027747301
20060517,0.0,-0.30323418426930443
20060518,0.0,-0.30323418426930443
20060519,0.04,-0.29388905829100703
20060520,0.08,-0.2845439323127096
20060521,0.0,-0.30323418426930443
20060522,0.0,-0.30323418426930443
20060523,0.0,-0.30323418426930443
20060524,0.0,-0.30323418426930443
20060525,0.0,-0.30323418426930443
20060526,0.0,-0.30323418426930443
20060527,0.0,-0.30323418426930443
20060528,0.0,-0.30323418426930443
20060529,0.0,-0.30323418426930443
20060530,0.0,-0.30323418426930443
20060531,0.0,-0.30323418426930443
20060601,0.0,-0.30323418426930443
20060602,0.0,-0.30323418426930443
20060603,0.0,-0.30323418426930443
20060604,0.0,-0.30323418426930443
20060605,0.0,-0.30323418426930443
20060606,0.0,-0.30323418426930443
20060607,0.0,-0.30323418426930443
20060608,0.0,-0.30323418426930443
20060609,0.0,-0.30323418426930443
20060610,0.0,-0.30323418426930443
20060611,0.0,-0.30323418426930443
20060612,0.0,-0.30323418426930443
20060613,0.0,-0.30323418426930443
20060614,0.0,-0.30323418426930443
20060615,0.01,-0.3008979027747301
20060616,0.0,-0.30323418426930443
20060617,0.0,-0.30323418426930443
20060618,0.0,-0.30323418426930443
20060619,0.0,-0.30323418426930443
20060620,0.0,-0.30323418426930443
20060621,0.0,-0.30323418426930443
20060622,0.0,-0.30323418426930443
20060623,0.0,-0.30323418426930443
20060624,0.0,-0.30323418426930443
20060625,0.0,-0.30323418426930443
20060626,0.0,-0.30323418426930443
20060627,0.0,-0.30323418426930443
20060628,0.0,-0.30323418426930443
20060629,0.0,-0.30323418426930443
20060630,0.0,-0.30323418426930443
20060701,0.0,-0.30323418426930443
20060702,0.0,-0.30323418426930443
20060703,0.0,-0.30323418426930443
20060704,0.0,-0.30323418426930443
20060705,0.0,-0.30323418426930443
20060706,0.0,-0.30323418426930443
20060707,0.0,-0.30323418426930443
20060708,0.0,-0.30323418426930443
20060709,0.0,-0.30323418426930443
20060710,0.0,-0.30323418426930443
20060711,0.0,-0.30323418426930443
20060712,0.0,-0.30323418426930443
20060713,0.0,-0.30323418426930443
20060714,0.0,-0.30323418426930443
20060715,0.0,-0.30323418426930443
20060716,0.0,-0.30323418426930443
20060717,0.0,-0.30323418426930443
20060718,0.0,-0.30323418426930443
20060719,0.0,-0.30323418426930443
20060720,0.0,-0.30323418426930443
20060721,0.0,-0.30323418426930443
20060722,0.0,-0.30323418426930443
20060723,0.0,-0.30323418426930443
20060724,0.0,-0.30323418426930443
20060725,0.0,-0.30323418426930443
20060726,0.0,-0.30323418426930443
20060727,0.0,-0.30323418426930443
20060728,0.0,-0.30323418426930443
20060729,0.0,-0.30323418426930443
20060730,0.0,-0.30323418426930443
20060731,0.0,-0.30323418426930443
20060801,0.03,-0.29622533978558135
20060802,0.0,-0.30323418426930443
20060803,0.0,-0.30323418426930443
20060804,0.0,-0.30323418426930443
20060805,0.0,-0.30323418426930443
20060806,0.0,-0.30323418426930443
20060807,0.0,-0.30323418426930443
20060808,0.0,-0.30323418426930443
20060809,0.0,-0.30323418426930443
20060810,0.0,-0.30323418426930443
20060811,0.0,-0.30323418426930443
20060812,0.0,-0.30323418426930443
20060813,0.0,-0.30323418426930443
20060814,0.0,-0.30323418426930443
20060815,2.49,0.2784999078797101
20060816,0.0,-0.30323418426930443
20060817,0.0,-0.30323418426930443
20060818,0.0,-0.30323418426930443
20060819,0.0,-0.30323418426930443
20060820,0.0,-0.30323418426930443
20060821,0.0,-0.30323418426930443
20060822,0.0,-0.30323418426930443
20060823,0.0,-0.30323418426930443
20060824,0.0,-0.30323418426930443
20060825,0.0,-0.30323418426930443
20060826,0.0,-0.30323418426930443
20060827,0.0,-0.30323418426930443
20060828,0.0,-0.30323418426930443
20060829,0.0,-0.30323418426930443
20060830,0.0,-0.30323418426930443
20060831,0.0,-0.30323418426930443
20060901,0.0,-0.30323418426930443
20060902,0.08,-0.2845439323127096
20060903,0.0,-0.30323418426930443
20060904,0.0,-0.30323418426930443
20060905,0.0,-0.30323418426930443
20060906,0.0,-0.30323418426930443
20060907,0.25,-0.24482714690494556
20060908,0.0,-0.30323418426930443
20060909,0.0,-0.30323418426930443
20060910,0.0,-0.30323418426930443
20060911,0.0,-0.30323418426930443
20060912,0.0,-0.30323418426930443
20060913,0.0,-0.30323418426930443
20060914,0.0,-0.30323418426930443
20060915,0.0,-0.30323418426930443
20060916,0.0,-0.30323418426930443
20060917,0.0,-0.30323418426930443
20060918,0.0,-0.30323418426930443
20060919,0.0,-0.30323418426930443
20060920,0.0,-0.30323418426930443
20060921,0.0,-0.30323418426930443
20060922,0.0,-0.30323418426930443
20060923,0.0,-0.30323418426930443
20060924,0.0,-0.30323418426930443
20060925,0.0,-0.30323418426930443
20060926,0.0,-0.30323418426930443
20060927,0.0,-0.30323418426930443
20060928,0.04,-0.29388905829100703
20060929,0.09,-0.2822076508181352
20060930,0.05,-0.29155277679643266
20061001,0.02,-0.29856162128015573
20061002,0.0,-0.30323418426930443
20061003,0.0,-0.30323418426930443
20061004,0.0,-0.30323418426930443
20061005,0.0,-0.30323418426930443
20061006,1.19,-0.025216686414956183
20061007,1.32,0.005154973014510462
20061008,1.62,0.07524341785174113
20061009,2.62,0.30887156730917664
20061010,3.42,0.49577408687512503
20061011,2.0,0.1640221146455666
20061012,1.0,-0.06960603481186892
20061013,8.43,1.666251115656877
20061014,1.57,0.06356201037886934
20061015,3.93,0.6149244430984172
20061016,8.71,1.7316669975049592
20061017,6.36,1.1826408462799856
20061018,0.48,-0.19109267252973539
20061019,0.26,-0.2424908654103712
20061020,1.36,0.014500098992807891
20061021,0.39,-0.21211920598090458
20061022,0.07,-0.28688021380728396
20061023,0.0,-0.30323418426930443
20061024,0.15,-0.2681899618506891
20061025,0.57,-0.17006613907856621
20061026,0.4,-0.20978292448633024
20061027,0.37,-0.2167917689700533
20061028,1.26,-0.008862715952935682
20061029,1.96,0.15467698866726917
20061030,0.0,-0.30323418426930443
20061031,1.45,0.03552663244397705
20061101,9.8,1.9863216804135637
20061102,0.1,-0.2798713693235609
20061103,0.0,-0.30323418426930443
20061104,0.01,-0.3008979027747301
20061105,0.0,-0.30323418426930443
20061106,0.0,-0.30323418426930443
20061107,0.0,-0.30323418426930443
20061108,0.65,-0.15137588712197134
20061109,0.09,-0.2822076508181352
20061110,0.03,-0.29622533978558135
20061111,0.22,-0.25183599138866863
20061112,5.21,0.9139684744039346
20061113,0.0,-0.30323418426930443
20061114,0.0,-0.30323418426930443
20061115,0.0,-0.30323418426930443
20061116,0.01,-0.3008979027747301
20061117,0.02,-0.29856162128015573
20061118,2.66,0.3182166932874741
20061119,0.93,-0.08596000527388939
20061120,0.57,-0.17006613907856621
20061121,0.89,-0.09530513125218683
20061122,3.87,0.600906754130971
20061123,2.4,0.2574733744285408
20061124,0.07,-0.28688021380728396
20061125,1.41,0.026181506465679624
20061126,5.69,1.0261099861435037
20061127,0.46,-0.1957652355188841
20061128,0.0,-0.30323418426930443
20061129,0.06,-0.2892164953018583
20061130,0.04,-0.29388905829100703
20061201,0.06,-0.2892164953018583
20061202,0.24,-0.2471634283995199
20061203,0.0,-0.30323418426930443
20061204,0.0,-0.30323418426930443
20061205,0.11,-0.2775350878289865
20061206,0.18,-0.2611811173669661
20061207,0.88,-0.09764141274676118
20061208,0.51,-0.1840838280460123
20061209,0.0,-0.30323418426930443
20061210,0.01,-0.3008979027747301
20061211,0.16,-0.2658536803561148
20061212,0.01,-0.3008979027747301
20061213,0.0,-0.30323418426930443
20061214,0.0,-0.30323418426930443
20061215,0.0,-0.30323418426930443
20061216,0.01,-0.3008979027747301
20061217,0.14,-0.27052624334526343
20061218,0.48,-0.19109267252973539
20061219,0.2,-0.25650855437781733
20061220,2.96,0.3883051381247047
20061221,8.43,1.666251115656877
20061222,10.74,2.205932140903553
20061223,13.14,2.766639699601398
20061224,16.69,3.5960196301752947
20061225,0.22,-0.25183599138866863
20061226,1.91,0.1429955811943974
20061227,0.68,-0.14436704263824826
20061228,11.23,2.3204099341376967
20061229,17.37,3.7548867718063503
20061230,0.01,-0.3008979027747301
20061231,0.0,-0.30323418426930443
20070101,0.02,-0.29856162128015573
20070102,0.01,-0.3008979027747301
20070103,0.0,-0.30323418426930443
20070104,0.1,-0.2798713693235609
20070105,0.02,-0.29856162128015573
20070106,0.02,-0.29856162128015573
20070107,0.0,-0.30323418426930443
20070108,0.0,-0.30323418426930443
20070109,0.0,-0.30323418426930443
20070110,0.01,-0.3008979027747301
20070111,4.1,0.6546412285061811
20070112,0.37,-0.2167917689700533
20070113,2.56,0.2948538783417305
20070114,3.94,0.6172607245929915
20070115,0.03,-0.29622533978558135
20070116,0.0,-0.30323418426930443
20070117,0.0,-0.30323418426930443
20070118,0.0,-0.30323418426930443
20070119,0.04,-0.29388905829100703
20070120,0.04,-0.29388905829100703
20070121,0.96,-0.07895116079016634
20070122,2.92,0.3789600121464073
20070123,1.21,-0.020544123425807467
20070124,0.91,-0.0906325682630381
20070125,7.5,1.448976936661462
20070126,6.27,1.161614312828816
20070127,2.63,0.31120784880375096
20070128,1.82,0.12196904774322823
20070129,2.15,0.19906633706418192
20070130,3.59,0.535490872282889
20070131,1.56,0.061225728884294985
20070201,0.3,-0.23314573943207378
20070202,0.05,-0.29155277679643266
20070203,0.04,-0.29388905829100703
20070204,0.0,-0.30323418426930443
20070205,0.02,-0.29856162128015573
20070206,0.68,-0.14436704263824826
20070207,2.97,0.3906414196192791
20070208,3.17,0.43736704951076616
20070209,0.66,-0.149039605627397
20070210,0.02,-0.29856162128015573
20070211,0.0,-0.30323418426930443
20070212,0.0,-0.30323418426930443
20070213,0.0,-0.30323418426930443
20070214,0.0,-0.30323418426930443
20070215,0.0,-0.30323418426930443
20070216,0.0,-0.30323418426930443
20070217,5.55,0.9934020452194626
20070218,2.6,0.30419900432002794
20070219,0.53,-0.1794112650568636
20070220,0.0,-0.30323418426930443
20070221,0.18,-0.2611811173669661
20070222,0.34,-0.22380061345377633
20070223,0.14,-0.27052624334526343
20070224,3.83,0.5915616281526737
20070225,2.36,0.24812824845024337
20070226,3.12,0.4256856420378944
20070227,2.13,0.1943937740750332
20070228,0.39,-0.21211920598090458
20070301,0.15,-0.2681899618506891
20070302,0.17,-0.2635173988615404
20070303,1.19,-0.025216686414956183
20070304,0.24,-0.2471634283995199
20070305,0.66,-0.149039605627397
20070306,0.29,-0.23548202092664813
20070307,0.02,-0.29856162128015573
20070308,0.44,-0.2004377985080328
20070309,0.04,-0.29388905829100703
20070310,0.0,-0.30323418426930443
20070311,0.04,-0.29388905829100703
20070312,0.1,-0.2798713693235609
20070313,0.03,-0.29622533978558135
20070314,0.64,-0.1537121686165457
20070315,1.16,-0.03222553089867925
20070316,0.86,-0.10231397573590989
20070317,2.91,0.37662373065183297
20070318,1.56,0.061225728884294985
20070319,0.94,-0.08362372377931507
20070320,1.12,-0.041570656876976635
20070321,1.47,0.04019919543312577
20070322,1.48,0.04253547692770013
20070323,2.55,0.2925175968471561
20070324,0.67,-0.14670332413282264
20070325,1.71,0.09626995130291029
20070326,0.33,-0.2261368949483507
20070327,1.86,0.13131417372152565
20070328,2.72,0.33223438225492025
20070329,2.56,0.2948538783417305
20070330,0.6,-0.16305729459484314
20070331,0.7,-0.1396944796490996
20070401,0.23,-0.24949970989409428
20070402,0.01,-0.3008979027747301
20070403,0.11,-0.2775350878289865
20070404,0.33,-0.2261368949483507
20070405,0.66,-0.149039605627397
20070406,0.28,-0.23781830242122248
20070407,0.4,-0.20978292448633024
20070408,0.18,-0.2611811173669661
20070409,0.09,-0.2822076508181352
20070410,0.03,-0.29622533978558135
20070411,3.49,0.5121280573371456
20070412,0.17,-0.2635173988615404
20070413,6.44,1.2013310982365804
20070414,6.07,1.1148886829373292
20070415,15.23,3.2549225319674386
20070416,2.16,0.20140261855875632
20070417,2.63,0.31120784880375096
20070418,4.56,0.7621101772566015
20070419,1.72,0.09860623279748465
20070420,1.01,-0.06726975331729457
20070421,0.56,-0.17240242057314054
20070422,0.12,-0.2751988063344121
20070423,0.28,-0.23781830242122248
20070424,0.22,-0.25183599138866863
20070425,0.36,-0.21912805046462766
20070426,0.05,-0.29155277679643266
20070427,0.0,-0.30323418426930443
20070428,0.0,-0.30323418426930443
20070429,0.0,-0.30323418426930443
20070430,0.0,-0.30323418426930443
20070501,0.0,-0.30323418426930443
20070502,0.0,-0.30323418426930443
20070503,0.0,-0.30323418426930443
20070504,0.0,-0.30323418426930443
20070505,0.0,-0.30323418426930443
20070506,0.0,-0.30323418426930443
20070507,0.0,-0.30323418426930443
20070508,0.0,-0.30323418426930443
20070509,0.0,-0.30323418426930443
20070510,0.0,-0.30323418426930443
20070511,0.0,-0.30323418426930443
20070512,0.01,-0.3008979027747301
20070513,0.01,-0.3008979027747301
20070514,0.0,-0.30323418426930443
20070515,0.0,-0.30323418426930443
20070516,0.0,-0.30323418426930443
20070517,0.0,-0.30323418426930443
20070518,0.0,-0.30323418426930443
20070519,0.0,-0.30323418426930443
20070520,0.0,-0.30323418426930443
20070521,0.0,-0.30323418426930443
20070522,0.0,-0.30323418426930443
20070523,0.0,-0.30323418426930443
20070524,0.0,-0.30323418426930443
20070525,0.0,-0.30323418426930443
20070526,0.0,-0.30323418426930443
20070527,0.0,-0.30323418426930443
20070528,0.0,-0.30323418426930443
20070529,0.0,-0.30323418426930443
20070530,0.0,-0.30323418426930443
20070531,0.0,-0.30323418426930443
20070601,0.0,-0.30323418426930443
20070602,0.0,-0.30323418426930443
20070603,0.04,-0.29388905829100703
20070604,0.01,-0.3008979027747301
20070605,0.0,-0.30323418426930443
20070606,0.0,-0.30323418426930443
20070607,0.0,-0.30323418426930443
20070608,0.0,-0.30323418426930443
20070609,0.0,-0.30323418426930443
20070610,0.0,-0.30323418426930443
20070611,0.0,-0.30323418426930443
20070612,0.0,-0.30323418426930443
20070613,0.0,-0.30323418426930443
20070614,0.0,-0.30323418426930443
20070615,0.0,-0.30323418426930443
20070616,0.0,-0.30323418426930443
20070617,0.0,-0.30323418426930443
20070618,0.0,-0.30323418426930443
20070619,0.0,-0.30323418426930443
20070620,0.0,-0.30323418426930443
20070621,0.0,-0.30323418426930443
20070622,0.0,-0.30323418426930443
20070623,0.0,-0.30323418426930443
20070624,0.0,-0.30323418426930443
20070625,0.0,-0.30323418426930443
20070626,0.0,-0.30323418426930443
20070627,0.0,-0.30323418426930443
20070628,0.0,-0.30323418426930443
20070629,0.0,-0.30323418426930443
20070630,0.0,-0.30323418426930443
20070701,0.0,-0.30323418426930443
20070702,0.0,-0.30323418426930443
20070703,0.0,-0.30323418426930443
20070704,0.0,-0.30323418426930443
20070705,0.0,-0.30323418426930443
20070706,0.0,-0.30323418426930443
20070707,0.0,-0.30323418426930443
20070708,0.0,-0.30323418426930443
20070709,0.0,-0.30323418426930443
20070710,0.0,-0.30323418426930443
20070711,0.0,-0.30323418426930443
20070712,0.0,-0.30323418426930443
20070713,0.0,-0.30323418426930443
20070714,0.0,-0.30323418426930443
20070715,0.0,-0.30323418426930443
20070716,0.0,-0.30323418426930443
20070717,0.0,-0.30323418426930443
20070718,0.0,-0.30323418426930443
20070719,0.0,-0.30323418426930443
20070720,0.0,-0.30323418426930443
20070721,0.0,-0.30323418426930443
20070722,0.0,-0.30323418426930443
20070723,0.0,-0.30323418426930443
20070724,0.0,-0.30323418426930443
20070725,0.0,-0.30323418426930443
20070726,0.0,-0.30323418426930443
20070727,0.0,-0.30323418426930443
20070728,0.0,-0.30323418426930443
20070729,0.0,-0.30323418426930443
20070730,0.0,-0.30323418426930443
20070731,0.0,-0.30323418426930443
20070801,0.0,-0.30323418426930443
20070802,0.0,-0.30323418426930443
20070803,0.0,-0.30323418426930443
20070804,0.0,-0.30323418426930443
20070805,0.0,-0.30323418426930443
20070806,0.0,-0.30323418426930443
20070807,0.0,-0.30323418426930443
20070808,0.0,-0.30323418426930443
20070809,0.0,-0.30323418426930443
20070810,0.0,-0.30323418426930443
20070811,0.0,-0.30323418426930443
20070812,0.0,-0.30323418426930443
20070813,0.0,-0.30323418426930443
20070814,0.0,-0.30323418426930443
20070815,0.0,-0.30323418426930443
20070816,0.0,-0.30323418426930443
20070817,0.0,-0.30323418426930443
20070818,0.0,-0.30323418426930443
20070819,0.0,-0.30323418426930443
20070820,0.0,-0.30323418426930443
20070821,0.0,-0.30323418426930443
20070822,0.0,-0.30323418426930443
20070823,0.0,-0.30323418426930443
20070824,0.0,-0.30323418426930443
20070825,0.0,-0.30323418426930443
20070826,0.0,-0.30323418426930443
20070827,0.0,-0.30323418426930443
20070828,0.0,-0.30323418426930443
20070829,0.0,-0.30323418426930443
20070830,0.0,-0.30323418426930443
20070831,0.0,-0.30323418426930443
20070901,0.0,-0.30323418426930443
20070902,0.0,-0.30323418426930443
20070903,0.0,-0.30323418426930443
20070904,0.0,-0.30323418426930443
20070905,0.0,-0.30323418426930443
20070906,0.0,-0.30323418426930443
20070907,0.0,-0.30323418426930443
20070908,0.0,-0.30323418426930443
20070909,0.0,-0.30323418426930443
20070910,0.0,-0.30323418426930443
20070911,0.0,-0.30323418426930443
20070912,0.0,-0.30323418426930443
20070913,0.0,-0.30323418426930443
20070914,0.0,-0.30323418426930443
20070915,0.0,-0.30323418426930443
20070916,0.0,-0.30323418426930443
20070917,0.0,-0.30323418426930443
20070918,0.0,-0.30323418426930443
20070919,0.01,-0.3008979027747301
20070920,0.0,-0.30323418426930443
20070921,2.22,0.21542030752620245
20070922,0.55,-0.17473870206771489
20070923,0.0,-0.30323418426930443
20070924,0.0,-0.30323418426930443
20070925,0.0,-0.30323418426930443
20070926,0.0,-0.30323418426930443
20070927,0.0,-0.30323418426930443
20070928,0.0,-0.30323418426930443
20070929,0.0,-0.30323418426930443
20070930,0.0,-0.30323418426930443
20071001,0.0,-0.30323418426930443
20071002,0.0,-0.30323418426930443
20071003,0.0,-0.30323418426930443
20071004,0.0,-0.30323418426930443
20071005,0.0,-0.30323418426930443
20071006,0.0,-0.30323418426930443
20071007,0.0,-0.30323418426930443
20071008,0.0,-0.30323418426930443
20071009,0.0,-0.30323418426930443
20071010,0.0,-0.30323418426930443
20071011,0.0,-0.30323418426930443
20071012,0.09,-0.2822076508181352
20071013,0.51,-0.1840838280460123
20071014,0.58,-0.16772985758399184
20071015,0.39,-0.21211920598090458
20071016,2.75,0.33924322673864327
20071017,3.48,0.5097917758425712
20071018,0.57,-0.17006613907856621
20071019,0.65,-0.15137588712197134
20071020,0.28,-0.23781830242122248
20071021,2.49,0.2784999078797101
20071022,0.68,-0.14436704263824826
20071023,0.0,-0.30323418426930443
20071024,0.0,-0.30323418426930443
20071025,0.06,-0.2892164953018583
20071026,0.0,-0.30323418426930443
20071027,0.0,-0.30323418426930443
20071028,1.71,0.09626995130291029
20071029,5.11,0.8906056594581911
20071030,6.43,1.198994816742006
20071031,1.93,0.1476681441835461
20071101,1.87,0.1336504552161
20071102,8.65,1.7176493085375129
20071103,0.0,-0.30323418426930443
20071104,0.0,-0.30323418426930443
20071105,3.21,0.44671217548906356
20071106,14.69,3.1287633312604233
20071107,0.0,-0.30323418426930443
20071108,0.0,-0.30323418426930443
20071109,0.0,-0.30323418426930443
20071110,0.0,-0.30323418426930443
20071111,0.01,-0.3008979027747301
20071112,0.14,-0.27052624334526343
20071113,2.64,0.31354413029832534
20071114,0.63,-0.15604845011112006
20071115,0.02,-0.29856162128015573
20071116,0.07,-0.28688021380728396
20071117,5.7,1.0284462676380781
20071118,0.51,-0.1840838280460123
20071119,4.39,0.7223933918488374
20071120,15.34,3.2806216284077565
20071121,0.03,-0.29622533978558135
20071122,0.0,-0.30323418426930443
20071123,0.0,-0.30323418426930443
20071124,0.0,-0.30323418426930443
20071125,0.0,-0.30323418426930443
20071126,0.0,-0.30323418426930443
20071127,0.0,-0.30323418426930443
20071128,0.0,-0.30323418426930443
20071129,0.0,-0.30323418426930443
20071130,0.0,-0.30323418426930443
20071201,0.0,-0.30323418426930443
20071202,0.21,-0.254172272883243
20071203,0.0,-0.30323418426930443
20071204,0.0,-0.30323418426930443
20071205,0.0,-0.30323418426930443
20071206,0.01,-0.3008979027747301
20071207,0.0,-0.30323418426930443
20071208,0.16,-0.2658536803561148
20071209,0.09,-0.2822076508181352
20071210,0.01,-0.3008979027747301
20071211,0.0,-0.30323418426930443
20071212,0.03,-0.29622533978558135
20071213,0.71,-0.13735819815452524
20071214,7.85,1.5307467889715642
20071215,2.96,0.3883051381247047
20071216,0.0,-0.30323418426930443
20071217,0.0,-0.30323418426930443
20071218,0.01,-0.3008979027747301
20071219,0.37,-0.2167917689700533
20071220,0.9,-0.09296884975761247
20071221,1.33,0.007491254509084819
20071222,2.78,0.3462520712223663
20071223,4.61,0.7737915847294734
20071224,3.85,0.5962341911418223
20071225,0.0,-0.30323418426930443
20071226,0.0,-0.30323418426930443
20071227,0.0,-0.30323418426930443
20071228,0.07,-0.28688021380728396
20071229,1.93,0.1476681441835461
20071230,0.35,-0.221464331959202
20071231,0.0,-0.30323418426930443
20080101,0.0,-0.30323418426930443
20080102,0.0,-0.30323418426930443
20080103,1.79,0.11496020325950515
20080104,0.95,-0.0812874422847407
20080105,6.01,1.100870993969883
20080106,0.94,-0.08362372377931507
20080107,0.01,-0.3008979027747301
20080108,0.0,-0.30323418426930443
20080109,0.0,-0.30323418426930443
20080110,0.0,-0.30323418426930443
20080111,0.37,-0.2167917689700533
20080112,3.2,0.4443758939944893
20080113,1.02,-0.0649334718227202
20080114,0.0,-0.30323418426930443
20080115,2.12,0.1920574925804589
20080116,1.33,0.007491254509084819
20080117,2.35,0.24579196695566904
20080118,8.86,1.7667112199235742
20080119,4.01,0.633614695055012
20080120,6.08,1.1172249644319034
20080121,8.9,1.7760563459018717
20080122,0.16,-0.2658536803561148
20080123,0.65,-0.15137588712197134
20080124,0.43,-0.2027740800026072
20080125,1.78,0.11262392176493079
20080126,2.62,0.30887156730917664
20080127,0.9,-0.09296884975761247
20080128,0.67,-0.14670332413282264
20080129,0.55,-0.17473870206771489
20080130,0.1,-0.2798713693235609
20080131,0.01,-0.3008979027747301
20080201,0.0,-0.30323418426930443
20080202,0.03,-0.29622533978558135
20080203,0.0,-0.30323418426930443
20080204,0.47,-0.19342895402430976
20080205,0.1,-0.2798713693235609
20080206,2.04,0.17336724062386402
20080207,16.13,3.4651878664791305
20080208,21.91,4.815558570343107
20080209,28.22,6.289752193419526
20080210,12.42,2.598427431992045
20080211,21.49,4.717434747570984
20080212,22.68,4.995452245425334
20080213,8.75,1.7410121234832563
20080214,4.23,0.685012887935648
20080215,1.7,0.09393366980833594
20080216,1.49,0.044871758422274484
20080217,1.74,0.10327879578663336
20080218,0.27,-0.24015458391579683
20080219,0.24,-0.2471634283995199
20080220,3.63,0.5448359982611864
20080221,2.93,0.38129629364098166
20080222,13.5,2.850745833406075
20080223,10.87,2.2363038003330193
20080224,4.42,0.7294022363325605
20080225,5.38,0.9536852598116986
20080226,2.8,0.350924634211515
20080227,2.4,0.2574733744285408
20080228,2.82,0.3555971972006637
20080229,3.2,0.4443758939944893
20080301,5.4,0.9583578228008475
20080302,6.26,1.159278031334242
20080303,1.99,0.16168583315099225
20080304,1.72,0.09860623279748465
20080305,1.84,0.12664161073237692
20080306,2.08,0.18271236660216145
20080307,4.16,0.6686589174736274
20080308,3.51,0.5168006203262941
20080309,12.42,2.598427431992045
20080310,8.4,1.659242271173154
20080311,9.78,1.9816491174244149
20080312,3.68,0.5565174057340583
20080313,20.45,4.474461472135252
20080314,3.51,0.5168006203262941
20080315,2.2,0.21074774453705375
20080316,3.01,0.3999865455975764
20080317,2.32,0.23878312247194594
20080318,4.66,0.7854729922023451
20080319,2.29,0.23177427798822292
20080320,1.3,0.00048241002536174716
20080321,5.25,0.9233136003822321
20080322,0.21,-0.254172272883243
20080323,0.84,-0.10698653872505862
20080324,0.04,-0.29388905829100703
20080325,0.06,-0.2892164953018583
20080326,2.25,0.22242915200992547
20080327,1.27,-0.006526434458361325
20080328,0.17,-0.2635173988615404
20080329,2.64,0.31354413029832534
20080330,2.91,0.37662373065183297
20080331,2.79,0.34858835271694066
20080401,1.66,0.0845885438300385
20080402,1.7,0.09393366980833594
20080403,0.09,-0.2822076508181352
20080404,0.2,-0.25650855437781733
20080405,1.12,-0.041570656876976635
20080406,2.35,0.24579196695566904
20080407,0.95,-0.0812874422847407
20080408,0.43,-0.2027740800026072
20080409,0.04,-0.29388905829100703
20080410,4.21,0.6803403249464991
20080411,1.21,-0.020544123425807467
20080412,4.11,0.6569775100007557
20080413,4.36,0.7153845473651145
20080414,1.11,-0.04390693837155099
20080415,1.12,-0.041570656876976635
20080416,0.01,-0.3008979027747301
20080417,0.0,-0.30323418426930443
20080418,0.0,-0.30323418426930443
20080419,0.0,-0.30323418426930443
20080420,0.0,-0.30323418426930443
20080421,0.0,-0.30323418426930443
20080422,0.0,-0.30323418426930443
20080423,0.0,-0.30323418426930443
20080424,0.0,-0.30323418426930443
20080425,0.0,-0.30323418426930443
20080426,0.0,-0.30323418426930443
20080427,0.0,-0.30323418426930443
20080428,0.0,-0.30323418426930443
20080429,0.0,-0.30323418426930443
20080430,0.0,-0.30323418426930443
20080501,0.0,-0.30323418426930443
20080502,0.14,-0.27052624334526343
20080503,0.0,-0.30323418426930443
20080504,0.0,-0.30323418426930443
20080505,0.0,-0.30323418426930443
20080506,0.0,-0.30323418426930443
20080507,0.03,-0.29622533978558135
20080508,0.12,-0.2751988063344121
20080509,0.0,-0.30323418426930443
20080510,0.0,-0.30323418426930443
20080511,0.0,-0.30323418426930443
20080512,0.0,-0.30323418426930443
20080513,0.0,-0.30323418426930443
20080514,0.0,-0.30323418426930443
20080515,0.0,-0.30323418426930443
20080516,0.0,-0.30323418426930443
20080517,0.0,-0.30323418426930443
20080518,0.01,-0.3008979027747301
20080519,0.0,-0.30323418426930443
20080520,0.04,-0.29388905829100703
20080521,0.03,-0.29622533978558135
20080522,0.26,-0.2424908654103712
20080523,0.05,-0.29155277679643266
20080524,0.0,-0.30323418426930443
20080525,0.0,-0.30323418426930443
20080526,0.0,-0.30323418426930443
20080527,0.07,-0.28688021380728396
20080528,0.05,-0.29155277679643266
20080529,0.04,-0.29388905829100703
20080530,0.0,-0.30323418426930443
20080531,0.0,-0.30323418426930443
20080601,0.0,-0.30323418426930443
20080602,0.01,-0.3008979027747301
20080603,0.0,-0.30323418426930443
20080604,0.0,-0.30323418426930443
20080605,0.0,-0.30323418426930443
20080606,0.0,-0.30323418426930443
20080607,0.0,-0.30323418426930443
20080608,0.0,-0.30323418426930443
20080609,0.0,-0.30323418426930443
20080610,0.0,-0.30323418426930443
20080611,0.0,-0.30323418426930443
20080612,0.0,-0.30323418426930443
20080613,0.0,-0.30323418426930443
20080614,0.0,-0.30323418426930443
20080615,0.0,-0.30323418426930443
20080616,0.05,-0.29155277679643266
20080617,0.77,-0.12334050918707909
20080618,0.01,-0.3008979027747301
20080619,0.0,-0.30323418426930443
20080620,0.0,-0.30323418426930443
20080621,0.0,-0.30323418426930443
20080622,0.0,-0.30323418426930443
20080623,0.0,-0.30323418426930443
20080624,0.0,-0.30323418426930443
20080625,0.0,-0.30323418426930443
20080626,0.0,-0.30323418426930443
20080627,0.0,-0.30323418426930443
20080628,0.0,-0.30323418426930443
20080629,0.0,-0.30323418426930443
20080630,0.0,-0.30323418426930443
20080701,0.0,-0.30323418426930443
20080702,0.0,-0.30323418426930443
20080703,0.0,-0.30323418426930443
20080704,0.0,-0.30323418426930443
20080705,1.51,0.049544321411423196
20080706,0.0,-0.30323418426930443
20080707,0.0,-0.30323418426930443
20080708,0.0,-0.30323418426930443
20080709,0.0,-0.30323418426930443
20080710,0.0,-0.30323418426930443
20080711,0.0,-0.30323418426930443
20080712,0.0,-0.30323418426930443
20080713,0.0,-0.30323418426930443
20080714,0.0,-0.30323418426930443
20080715,0.0,-0.30323418426930443
20080716,0.0,-0.30323418426930443
20080717,0.0,-0.30323418426930443
20080718,0.0,-0.30323418426930443
20080719,0.0,-0.30323418426930443
20080720,0.0,-0.30323418426930443
20080721,0.0,-0.30323418426930443
20080722,0.0,-0.30323418426930443
20080723,0.0,-0.30323418426930443
20080724,0.0,-0.30323418426930443
20080725,0.0,-0.30323418426930443
20080726,0.0,-0.30323418426930443
20080727,0.0,-0.30323418426930443
20080728,0.0,-0.30323418426930443
20080729,0.0,-0.30323418426930443
20080730,0.0,-0.30323418426930443
20080731,0.0,-0.30323418426930443
20080801,0.0,-0.30323418426930443
20080802,0.0,-0.30323418426930443
20080803,0.0,-0.30323418426930443
20080804,0.0,-0.30323418426930443
20080805,0.0,-0.30323418426930443
20080806,0.0,-0.30323418426930443
20080807,0.0,-0.30323418426930443
20080808,0.0,-0.30323418426930443
20080809,0.0,-0.30323418426930443
20080810,0.0,-0.30323418426930443
20080811,0.0,-0.30323418426930443
20080812,0.0,-0.30323418426930443
20080813,0.0,-0.30323418426930443
20080814,0.0,-0.30323418426930443
20080815,0.0,-0.30323418426930443
20080816,0.0,-0.30323418426930443
20080817,0.0,-0.30323418426930443
20080818,0.0,-0.30323418426930443
20080819,0.0,-0.30323418426930443
20080820,0.0,-0.30323418426930443
20080821,0.0,-0.30323418426930443
20080822,0.0,-0.30323418426930443
20080823,0.0,-0.30323418426930443
20080824,0.0,-0.30323418426930443
20080825,0.0,-0.30323418426930443
20080826,0.0,-0.30323418426930443
20080827,0.0,-0.30323418426930443
20080828,0.0,-0.30323418426930443
20080829,0.0,-0.30323418426930443
20080830,0.0,-0.30323418426930443
20080831,0.0,-0.30323418426930443
20080901,0.0,-0.30323418426930443
20080902,0.0,-0.30323418426930443
20080903,0.0,-0.30323418426930443
20080904,0.0,-0.30323418426930443
20080905,0.0,-0.30323418426930443
20080906,0.0,-0.30323418426930443
20080907,0.0,-0.30323418426930443
20080908,0.0,-0.30323418426930443
20080909,0.0,-0.30323418426930443
20080910,0.0,-0.30323418426930443
20080911,0.0,-0.30323418426930443
20080912,0.0,-0.30323418426930443
20080913,0.0,-0.30323418426930443
20080914,0.0,-0.30323418426930443
20080915,0.0,-0.30323418426930443
20080916,0.0,-0.30323418426930443
20080917,0.0,-0.30323418426930443
20080918,0.0,-0.30323418426930443
20080919,0.0,-0.30323418426930443
20080920,0.0,-0.30323418426930443
20080921,0.0,-0.30323418426930443
20080922,0.0,-0.30323418426930443
20080923,0.0,-0.30323418426930443
20080924,0.0,-0.30323418426930443
20080925,0.0,-0.30323418426930443
20080926,0.0,-0.30323418426930443
20080927,0.0,-0.30323418426930443
20080928,0.0,-0.30323418426930443
20080929,0.0,-0.30323418426930443
20080930,0.0,-0.30323418426930443
20081001,0.0,-0.30323418426930443
20081002,0.0,-0.30323418426930443
20081003,0.01,-0.3008979027747301
20081004,0.0,-0.30323418426930443
20081005,0.01,-0.3008979027747301
20081006,0.0,-0.30323418426930443
20081007,0.0,-0.30323418426930443
20081008,0.0,-0.30323418426930443
20081009,0.0,-0.30323418426930443
20081010,0.0,-0.30323418426930443
20081011,0.0,-0.30323418426930443
20081012,0.0,-0.30323418426930443
20081013,0.0,-0.30323418426930443
20081014,0.0,-0.30323418426930443
20081015,0.0,-0.30323418426930443
20081016,0.0,-0.30323418426930443
20081017,0.0,-0.30323418426930443
20081018,0.0,-0.30323418426930443
20081019,0.0,-0.30323418426930443
20081020,0.0,-0.30323418426930443
20081021,0.0,-0.30323418426930443
20081022,0.0,-0.30323418426930443
20081023,1.24,-0.013535278942084396
20081024,4.8,0.8181809331263861
20081025,3.69,0.5588536872286326
20081026,1.01,-0.06726975331729457
20081027,1.07,-0.053252064349848416
20081028,7.72,1.5003751295420977
20081029,4.04,0.6406235395387351
20081030,0.12,-0.2751988063344121
20081031,0.0,-0.30323418426930443
20081101,0.01,-0.3008979027747301
20081102,0.0,-0.30323418426930443
20081103,0.0,-0.30323418426930443
20081104,0.0,-0.30323418426930443
20081105,0.43,-0.2027740800026072
20081106,2.31,0.23644684097737162
20081107,15.67,3.35771891772871
20081108,7.56,1.462994625628908
20081109,2.9,0.37428744915725853
20081110,0.26,-0.2424908654103712
20081111,0.02,-0.29856162128015573
20081112,0.0,-0.30323418426930443
20081113,0.0,-0.30323418426930443
20081114,0.0,-0.30323418426930443
20081115,0.04,-0.29388905829100703
20081116,0.17,-0.2635173988615404
20081117,0.01,-0.3008979027747301
20081118,0.0,-0.30323418426930443
20081119,2.53,0.28784503385800736
20081120,2.06,0.17803980361301275
20081121,0.18,-0.2611811173669661
20081122,2.27,0.2271017149990742
20081123,3.76,0.5752076576906531
20081124,2.58,0.29952644133087925
20081125,7.46,1.4396318106831645
20081126,4.45,0.7364110808162837
20081127,11.32,2.3414364675888657
20081128,23.64,5.219735268904472
20081129,10.7,2.1965870149252553
20081130,2.32,0.23878312247194594
20081201,2.11,0.18972121108588447
20081202,1.5,0.04720803991684884
20081203,0.33,-0.2261368949483507
20081204,1.56,0.061225728884294985
20081205,2.55,0.2925175968471561
20081206,2.23,0.21775658902077677
20081207,5.91,1.0775081790241394
20081208,0.33,-0.2261368949483507
20081209,5.81,1.0541453640783958
20081210,3.76,0.5752076576906531
20081211,2.92,0.3789600121464073
20081212,3.35,0.47942011641310456
20081213,1.36,0.014500098992807891
20081214,2.57,0.2971901598363048
20081215,1.63,0.07757969934631544
20081216,0.41,-0.2074466429917559
20081217,0.0,-0.30323418426930443
20081218,0.0,-0.30323418426930443
20081219,0.06,-0.2892164953018583
20081220,0.07,-0.28688021380728396
20081221,0.15,-0.2681899618506891
20081222,0.05,-0.29155277679643266
20081223,0.06,-0.2892164953018583
20081224,0.0,-0.30323418426930443
20081225,0.0,-0.30323418426930443
20081226,0.0,-0.30323418426930443
20081227,0.0,-0.30323418426930443
20081228,0.0,-0.30323418426930443
20081229,0.0,-0.30323418426930443
20081230,0.0,-0.30323418426930443
20081231,0.0,-0.30323418426930443
20090101,0.0,-0.30323418426930443
20090102,0.0,-0.30323418426930443
20090103,0.0,-0.30323418426930443
20090104,0.0,-0.30323418426930443
20090105,0.0,-0.30323418426930443
20090106,0.02,-0.29856162128015573
20090107,0.27,-0.24015458391579683
20090108,0.81,-0.11399538320878165
20090109,1.18,-0.02755296790953054
20090110,0.0,-0.30323418426930443
20090111,0.0,-0.30323418426930443
20090112,0.0,-0.30323418426930443
20090113,0.05,-0.29155277679643266
20090114,0.07,-0.28688021380728396
20090115,0.13,-0.27286252483983786
20090116,7.29,1.3999150252754005
20090117,2.56,0.2948538783417305
20090118,0.44,-0.2004377985080328
20090119,2.4,0.2574733744285408
20090120,1.24,-0.013535278942084396
20090121,4.82,0.8228534961155348
20090122,3.53,0.5214731833154429
20090123,0.55,-0.17473870206771489
20090124,4.97,0.8578977185341501
20090125,4.69,0.7924818366860682
20090126,3.43,0.4981103683696994
20090127,2.42,0.2621459374176895
20090128,1.89,0.13832301820524867
20090129,0.81,-0.11399538320878165
20090130,0.36,-0.21912805046462766
20090131,3.7,0.561189968723207
20090201,8.09,1.5868175448413488
20090202,6.22,1.1499329053559444
20090203,6.34,1.1779682832908367
20090204,5.4,0.9583578228008475
20090205,10.44,2.1358436960663223
20090206,2.43,0.2644822189122639
20090207,1.73,0.10094251429205901
20090208,4.3,0.7013668583976682
20090209,2.79,0.34858835271694066
20090210,17.52,3.7899309942249655
20090211,8.29,1.6335431747328357
20090212,20.27,4.432408405232913
20090213,8.12,1.5938263893250717
20090214,10.17,2.072764095712815
20090215,9.39,1.8905341391360153
20090216,18.14,3.9347804468885763
20090217,12.48,2.612445120959491
20090218,12.01,2.502639890714496
20090219,8.58,1.7012953380754923
20090220,10.26,2.093790629163984
20090221,10.96,2.2573303337841892
20090222,5.92,1.0798444605187139
20090223,15.34,3.2806216284077565
20090224,1.55,0.05888944738972063
20090225,0.97,-0.07661487929559199
20090226,2.23,0.21775658902077677
20090227,7.24,1.3882336178025287
20090228,2.04,0.17336724062386402
20090301,2.51,0.28317247086885866
20090302,5.06,0.8789242519853192
20090303,11.28,2.332091341610568
20090304,8.55,1.6942864935917694
20090305,3.03,0.40465910858672516
20090306,0.26,-0.2424908654103712
20090307,0.89,-0.09530513125218683
20090308,0.19,-0.2588448358723917
20090309,3.6,0.5378271537774635
20090310,5.22,0.9163047558985089
20090311,1.24,-0.013535278942084396
20090312,0.14,-0.27052624334526343
20090313,0.1,-0.2798713693235609
20090314,0.65,-0.15137588712197134
20090315,0.12,-0.2751988063344121
20090316,0.0,-0.30323418426930443
20090317,0.01,-0.3008979027747301
20090318,0.01,-0.3008979027747301
20090319,0.0,-0.30323418426930443
20090320,0.0,-0.30323418426930443
20090321,0.0,-0.30323418426930443
20090322,0.08,-0.2845439323127096
20090323,0.0,-0.30323418426930443
20090324,0.0,-0.30323418426930443
20090325,0.0,-0.30323418426930443
20090326,0.0,-0.30323418426930443
20090327,0.0,-0.30323418426930443
20090328,0.01,-0.3008979027747301
20090329,0.0,-0.30323418426930443
20090330,0.0,-0.30323418426930443
20090331,0.31,-0.2308094579374994
20090401,0.0,-0.30323418426930443
20090402,0.25,-0.24482714690494556
20090403,0.02,-0.29856162128015573
20090404,0.0,-0.30323418426930443
20090405,0.0,-0.30323418426930443
20090406,0.0,-0.30323418426930443
20090407,0.0,-0.30323418426930443
20090408,0.0,-0.30323418426930443
20090409,0.0,-0.30323418426930443
20090410,0.0,-0.30323418426930443
20090411,0.0,-0.30323418426930443
20090412,0.0,-0.30323418426930443
20090413,0.0,-0.30323418426930443
20090414,0.0,-0.30323418426930443
20090415,0.0,-0.30323418426930443
20090416,0.0,-0.30323418426930443
20090417,0.0,-0.30323418426930443
20090418,0.0,-0.30323418426930443
20090419,0.0,-0.30323418426930443
20090420,0.0,-0.30323418426930443
20090421,0.0,-0.30323418426930443
20090422,3.02,0.40232282709215084
20090423,4.95,0.8532251555450014
20090424,0.05,-0.29155277679643266
20090425,0.15,-0.2681899618506891
20090426,0.0,-0.30323418426930443
20090427,0.0,-0.30323418426930443
20090428,0.0,-0.30323418426930443
20090429,0.0,-0.30323418426930443
20090430,0.0,-0.30323418426930443
20090501,0.01,-0.3008979027747301
20090502,0.0,-0.30323418426930443
20090503,0.0,-0.30323418426930443
20090504,0.0,-0.30323418426930443
20090505,0.0,-0.30323418426930443
20090506,0.0,-0.30323418426930443
20090507,0.2,-0.25650855437781733
20090508,0.0,-0.30323418426930443
20090509,0.0,-0.30323418426930443
20090510,0.4,-0.20978292448633024
20090511,0.0,-0.30323418426930443
20090512,0.1,-0.2798713693235609
20090513,14.22,3.018958101015429
20090514,3.76,0.5752076576906531
20090515,1.91,0.1429955811943974
20090516,0.01,-0.3008979027747301
20090517,0.0,-0.30323418426930443
20090518,0.0,-0.30323418426930443
20090519,0.0,-0.30323418426930443
20090520,0.0,-0.30323418426930443
20090521,0.0,-0.30323418426930443
20090522,0.0,-0.30323418426930443
20090523,0.0,-0.30323418426930443
20090524,0.0,-0.30323418426930443
20090525,0.0,-0.30323418426930443
20090526,0.0,-0.30323418426930443
20090527,0.0,-0.30323418426930443
20090528,0.0,-0.30323418426930443
20090529,0.0,-0.30323418426930443
20090530,0.0,-0.30323418426930443
20090531,0.0,-0.30323418426930443
20090601,0.0,-0.30323418426930443
20090602,0.0,-0.30323418426930443
20090603,0.0,-0.30323418426930443
20090604,0.0,-0.30323418426930443
20090605,0.0,-0.30323418426930443
20090606,0.0,-0.30323418426930443
20090607,0.0,-0.30323418426930443
20090608,0.0,-0.30323418426930443
20090609,0.03,-0.29622533978558135
20090610,0.0,-0.30323418426930443
20090611,0.0,-0.30323418426930443
20090612,0.0,-0.30323418426930443
20090613,0.0,-0.30323418426930443
20090614,0.0,-0.30323418426930443
20090615,0.0,-0.30323418426930443
20090616,0.03,-0.29622533978558135
20090617,0.14,-0.27052624334526343
20090618,1.53,0.054216884400571916
20090619,0.42,-0.20511036149718154
20090620,0.16,-0.2658536803561148
20090621,0.05,-0.29155277679643266
20090622,0.03,-0.29622533978558135
20090623,0.04,-0.29388905829100703
20090624,0.0,-0.30323418426930443
20090625,0.0,-0.30323418426930443
20090626,0.0,-0.30323418426930443
20090627,0.0,-0.30323418426930443
20090628,0.0,-0.30323418426930443
20090629,0.0,-0.30323418426930443
20090630,0.0,-0.30323418426930443
20090701,0.0,-0.30323418426930443
20090702,0.0,-0.30323418426930443
20090703,0.0,-0.30323418426930443
20090704,0.0,-0.30323418426930443
20090705,0.0,-0.30323418426930443
20090706,0.0,-0.30323418426930443
20090707,0.0,-0.30323418426930443
20090708,0.0,-0.30323418426930443
20090709,0.0,-0.30323418426930443
20090710,0.0,-0.30323418426930443
20090711,0.0,-0.30323418426930443
20090712,0.0,-0.30323418426930443
20090713,0.0,-0.30323418426930443
20090714,0.0,-0.30323418426930443
20090715,0.0,-0.30323418426930443
20090716,0.0,-0.30323418426930443
20090717,0.0,-0.30323418426930443
20090718,0.0,-0.30323418426930443
20090719,0.0,-0.30323418426930443
20090720,0.0,-0.30323418426930443
20090721,0.0,-0.30323418426930443
20090722,0.0,-0.30323418426930443
20090723,0.0,-0.30323418426930443
20090724,0.0,-0.30323418426930443
20090725,0.0,-0.30323418426930443
20090726,0.0,-0.30323418426930443
20090727,0.0,-0.30323418426930443
20090728,0.0,-0.30323418426930443
20090729,0.0,-0.30323418426930443
20090730,0.0,-0.30323418426930443
20090731,0.0,-0.30323418426930443
20090801,0.0,-0.30323418426930443
20090802,0.0,-0.30323418426930443
20090803,0.0,-0.30323418426930443
20090804,0.0,-0.30323418426930443
20090805,0.0,-0.30323418426930443
20090806,0.0,-0.30323418426930443
20090807,0.0,-0.30323418426930443
20090808,0.0,-0.30323418426930443
20090809,0.11,-0.2775350878289865
20090810,0.0,-0.30323418426930443
20090811,0.0,-0.30323418426930443
20090812,0.0,-0.30323418426930443
20090813,0.0,-0.30323418426930443
20090814,0.0,-0.30323418426930443
20090815,0.0,-0.30323418426930443
20090816,0.0,-0.30323418426930443
20090817,0.05,-0.29155277679643266
20090818,0.01,-0.3008979027747301
20090819,0.0,-0.30323418426930443
20090820,0.0,-0.30323418426930443
20090821,0.0,-0.30323418426930443
20090822,0.0,-0.30323418426930443
20090823,0.0,-0.30323418426930443
20090824,0.0,-0.30323418426930443
20090825,0.0,-0.30323418426930443
20090826,0.0,-0.30323418426930443
20090827,0.0,-0.30323418426930443
20090828,0.0,-0.30323418426930443
20090829,0.0,-0.30323418426930443
20090830,0.0,-0.30323418426930443
20090831,0.0,-0.30323418426930443
20090901,0.0,-0.30323418426930443
20090902,0.0,-0.30323418426930443
20090903,0.0,-0.30323418426930443
20090904,0.0,-0.30323418426930443
20090905,0.0,-0.30323418426930443
20090906,0.0,-0.30323418426930443
20090907,0.0,-0.30323418426930443
20090908,0.0,-0.30323418426930443
20090909,0.0,-0.30323418426930443
20090910,0.0,-0.30323418426930443
20090911,0.0,-0.30323418426930443
20090912,0.0,-0.30323418426930443
20090913,0.0,-0.30323418426930443
20090914,0.0,-0.30323418426930443
20090915,0.0,-0.30323418426930443
20090916,0.0,-0.30323418426930443
20090917,0.0,-0.30323418426930443
20090918,0.0,-0.30323418426930443
20090919,0.0,-0.30323418426930443
20090920,0.0,-0.30323418426930443
20090921,0.0,-0.30323418426930443
20090922,0.0,-0.30323418426930443
20090923,0.63,-0.15604845011112006
20090924,0.81,-0.11399538320878165
20090925,0.01,-0.3008979027747301
20090926,0.0,-0.30323418426930443
20090927,0.0,-0.30323418426930443
20090928,0.02,-0.29856162128015573
20090929,1.28,-0.004190152963786968
20090930,4.46,0.738747362310858
20091001,2.51,0.28317247086885866
20091002,9.5,1.916233235576333
20091003,1.86,0.13131417372152565
20091004,0.0,-0.30323418426930443
20091005,0.0,-0.30323418426930443
20091006,0.0,-0.30323418426930443
20091007,0.0,-0.30323418426930443
20091008,0.0,-0.30323418426930443
20091009,0.0,-0.30323418426930443
20091010,0.06,-0.2892164953018583
20091011,0.0,-0.30323418426930443
20091012,0.0,-0.30323418426930443
20091013,0.0,-0.30323418426930443
20091014,0.02,-0.29856162128015573
20091015,0.64,-0.1537121686165457
20091016,1.32,0.005154973014510462
20091017,0.01,-0.3008979027747301
20091018,0.52,-0.18174754655143796
20091019,2.32,0.23878312247194594
20091020,0.0,-0.30323418426930443
20091021,0.08,-0.2845439323127096
20091022,0.18,-0.2611811173669661
20091023,0.07,-0.28688021380728396
20091024,0.09,-0.2822076508181352
20091025,0.12,-0.2751988063344121
20091026,0.03,-0.29622533978558135
20091027,0.02,-0.29856162128015573
20091028,0.08,-0.2845439323127096
20091029,0.0,-0.30323418426930443
20091030,0.0,-0.30323418426930443
20091031,0.18,-0.2611811173669661
20091101,0.2,-0.25650855437781733
20091102,0.01,-0.3008979027747301
20091103,0.08,-0.2845439323127096
20091104,0.04,-0.29388905829100703
20091105,0.0,-0.30323418426930443
20091106,0.0,-0.30323418426930443
20091107,0.0,-0.30323418426930443
20091108,0.0,-0.30323418426930443
20091109,0.12,-0.2751988063344121
20091110,0.0,-0.30323418426930443
20091111,0.0,-0.30323418426930443
20091112,0.0,-0.30323418426930443
20091113,0.0,-0.30323418426930443
20091114,0.0,-0.30323418426930443
20091115,0.16,-0.2658536803561148
20091116,0.38,-0.21445548747547893
20091117,8.21,1.6148529227762414
20091118,4.01,0.633614695055012
20091119,0.0,-0.30323418426930443
20091120,0.0,-0.30323418426930443
20091121,0.0,-0.30323418426930443
20091122,0.0,-0.30323418426930443
20091123,0.0,-0.30323418426930443
20091124,0.19,-0.2588448358723917
20091125,1.41,0.026181506465679624
20091126,1.14,-0.03689809388782797
20091127,0.02,-0.29856162128015573
20091128,3.02,0.40232282709215084
20091129,0.24,-0.2471634283995199
20091130,1.3,0.00048241002536174716
20091201,0.13,-0.27286252483983786
20091202,0.0,-0.30323418426930443
20091203,0.0,-0.30323418426930443
20091204,0.44,-0.2004377985080328
20091205,0.68,-0.14436704263824826
20091206,0.36,-0.21912805046462766
20091207,0.83,-0.10932282021963297
20091208,0.13,-0.27286252483983786
20091209,0.01,-0.3008979027747301
20091210,0.0,-0.30323418426930443
20091211,0.0,-0.30323418426930443
20091212,0.33,-0.2261368949483507
20091213,1.82,0.12196904774322823
20091214,1.04,-0.06026090883357149
20091215,1.06,-0.05558834584442277
20091216,0.0,-0.30323418426930443
20091217,0.3,-0.23314573943207378
20091218,0.22,-0.25183599138866863
20091219,0.01,-0.3008979027747301
20091220,0.84,-0.10698653872505862
20091221,3.26,0.45839358296193533
20091222,5.46,0.9723755117682935
20091223,5.43,0.9653666672845703
20091224,1.25,-0.01119899744751004
20091225,2.54,0.2901813153525818
20091226,0.42,-0.20511036149718154
20091227,4.91,0.843880029566704
20091228,3.77,0.5775439391852275
20091229,4.82,0.8228534961155348
20091230,4.95,0.8532251555450014
20091231,13.45,2.839064425933203
20100101,8.01,1.568127292884754
20100102,19.74,4.308585486020472
20100103,4.44,0.7340747993217094
20100104,5.98,1.09386214948616
20100105,3.43,0.4981103683696994
20100106,0.76,-0.12567679068165344
20100107,0.29,-0.23548202092664813
20100108,3.45,0.5027829313588481
20100109,5.45,0.9700392302737192
20100110,2.29,0.23177427798822292
20100111,6.19,1.1429240608722215
20100112,3.55,0.5261457463045917
20100113,9.18,1.8414722277499536
20100114,18.45,4.00720517322038
20100115,11.88,2.47226823128503
20100116,2.18,0.20607518154790502
20100117,3.46,0.5051192128534224
20100118,20.06,4.383346493846851
20100119,6.54,1.2246939131823238
20100120,12.66,2.6544981878618295
20100121,6.7,1.2620744170955136
20100122,5.47,0.9747117932628678
20100123,1.87,0.1336504552161
20100124,3.61,0.5401634352720378
20100125,5.34,0.9443401338334012
20100126,13.27,2.797011359030865
20100127,0.25,-0.24482714690494556
20100128,0.31,-0.2308094579374994
20100129,0.56,-0.17240242057314054
20100130,1.24,-0.013535278942084396
20100131,0.2,-0.25650855437781733
20100201,0.0,-0.30323418426930443
20100202,0.01,-0.3008979027747301
20100203,0.0,-0.30323418426930443
20100204,0.0,-0.30323418426930443
20100205,2.47,0.2738273448905613
20100206,1.81,0.11963276624865386
20100207,1.54,0.05655316589514627
20100208,0.8,-0.11633166470335601
20100209,0.74,-0.13034935367080216
20100210,0.0,-0.30323418426930443
20100211,0.05,-0.29155277679643266
20100212,1.52,0.05188060290599755
20100213,1.29,-0.0018538714692126102
20100214,3.2,0.4443758939944893
20100215,0.1,-0.2798713693235609
20100216,0.0,-0.30323418426930443
20100217,0.0,-0.30323418426930443
20100218,0.09,-0.2822076508181352
20100219,0.0,-0.30323418426930443
20100220,0.9,-0.09296884975761247
20100221,1.1,-0.04624321986612535
20100222,1.03,-0.06259719032814584
20100223,2.05,0.17570352211843834
20100224,3.67,0.5541811242394838
20100225,2.11,0.18972121108588447
20100226,0.42,-0.20511036149718154
20100227,3.08,0.416340516059597
20100228,4.88,0.8368711850829809
20100301,1.21,-0.020544123425807467
20100302,0.08,-0.2845439323127096
20100303,0.0,-0.30323418426930443
20100304,0.01,-0.3008979027747301
20100305,0.0,-0.30323418426930443
20100306,0.0,-0.30323418426930443
20100307,0.0,-0.30323418426930443
20100308,0.0,-0.30323418426930443
20100309,0.3,-0.23314573943207378
20100310,9.97,2.026038465821328
20100311,2.47,0.2738273448905613
20100312,0.05,-0.29155277679643266
20100313,0.19,-0.2588448358723917
20100314,0.85,-0.10465025723048425
20100315,3.67,0.5541811242394838
20100316,0.39,-0.21211920598090458
20100317,0.03,-0.29622533978558135
20100318,0.15,-0.2681899618506891
20100319,0.17,-0.2635173988615404
20100320,0.07,-0.28688021380728396
20100321,0.14,-0.27052624334526343
20100322,1.74,0.10327879578663336
20100323,0.97,-0.07661487929559199
20100324,0.47,-0.19342895402430976
20100325,3.39,0.488765242391402
20100326,2.53,0.28784503385800736
20100327,2.45,0.2691547819014126
20100328,2.16,0.20140261855875632
20100329,2.57,0.2971901598363048
20100330,2.12,0.1920574925804589
20100331,3.05,0.40933167157587386
20100401,5.96,1.0891895864970111
20100402,4.4,0.724729673343412
20100403,1.77,0.11028764027035644
20100404,0.83,-0.10932282021963297
20100405,7.49,1.4466406551668876
20100406,4.63,0.778464147718622
20100407,0.03,-0.29622533978558135
20100408,3.56,0.528482027799166
20100409,0.66,-0.149039605627397
20100410,0.04,-0.29388905829100703
20100411,0.0,-0.30323418426930443
20100412,1.22,-0.01820784193123311
20100413,0.0,-0.30323418426930443
20100414,0.0,-0.30323418426930443
20100415,0.0,-0.30323418426930443
20100416,0.01,-0.3008979027747301
20100417,0.01,-0.3008979027747301
20100418,0.83,-0.10932282021963297
20100419,0.0,-0.30323418426930443
20100420,0.0,-0.30323418426930443
20100421,0.07,-0.28688021380728396
20100422,0.0,-0.30323418426930443
20100423,0.0,-0.30323418426930443
20100424,1.66,0.0845885438300385
20100425,9.31,1.8718438871794203
20100426,0.25,-0.24482714690494556
20100427,0.02,-0.29856162128015573
20100428,0.7,-0.1396944796490996
20100429,0.03,-0.29622533978558135
20100430,0.01,-0.3008979027747301
20100501,2.89,0.37195116766268427
20100502,1.31,0.0028186915199361045
20100503,0.0,-0.30323418426930443
20100504,0.0,-0.30323418426930443
20100505,0.0,-0.30323418426930443
20100506,0.0,-0.30323418426930443
20100507,0.0,-0.30323418426930443
20100508,0.05,-0.29155277679643266
20100509,0.03,-0.29622533978558135
20100510,0.0,-0.30323418426930443
20100511,0.0,-0.30323418426930443
20100512,0.0,-0.30323418426930443
20100513,0.0,-0.30323418426930443
20100514,0.16,-0.2658536803561148
20100515,10.92,2.2479852078058915
20100516,0.0,-0.30323418426930443
20100517,0.0,-0.30323418426930443
20100518,0.0,-0.30323418426930443
20100519,0.0,-0.30323418426930443
20100520,0.0,-0.30323418426930443
20100521,0.0,-0.30323418426930443
20100522,0.0,-0.30323418426930443
20100523,0.0,-0.30323418426930443
20100524,0.0,-0.30323418426930443
20100525,0.0,-0.30323418426930443
20100526,0.0,-0.30323418426930443
20100527,0.0,-0.30323418426930443
20100528,0.0,-0.30323418426930443
20100529,0.0,-0.30323418426930443
20100530,0.0,-0.30323418426930443
20100531,0.0,-0.30323418426930443
20100601,0.0,-0.30323418426930443
20100602,0.0,-0.30323418426930443
20100603,0.0,-0.30323418426930443
20100604,0.0,-0.30323418426930443
20100605,0.0,-0.30323418426930443
20100606,0.0,-0.30323418426930443
20100607,0.0,-0.30323418426930443
20100608,0.0,-0.30323418426930443
20100609,0.0,-0.30323418426930443
20100610,0.0,-0.30323418426930443
20100611,0.0,-0.30323418426930443
20100612,0.0,-0.30323418426930443
20100613,0.0,-0.30323418426930443
20100614,0.0,-0.30323418426930443
20100615,0.0,-0.30323418426930443
20100616,0.0,-0.30323418426930443
20100617,0.0,-0.30323418426930443
20100618,0.0,-0.30323418426930443
20100619,0.0,-0.30323418426930443
20100620,0.0,-0.30323418426930443
20100621,0.0,-0.30323418426930443
20100622,0.0,-0.30323418426930443
20100623,0.0,-0.30323418426930443
20100624,0.0,-0.30323418426930443
20100625,0.0,-0.30323418426930443
20100626,0.0,-0.30323418426930443
20100627,0.0,-0.30323418426930443
20100628,0.0,-0.30323418426930443
20100629,0.0,-0.30323418426930443
20100630,0.0,-0.30323418426930443
20100701,0.0,-0.30323418426930443
20100702,0.0,-0.30323418426930443
20100703,0.0,-0.30323418426930443
20100704,0.0,-0.30323418426930443
20100705,0.0,-0.30323418426930443
20100706,0.0,-0.30323418426930443
20100707,0.0,-0.30323418426930443
20100708,0.0,-0.30323418426930443
20100709,0.0,-0.30323418426930443
20100710,0.0,-0.30323418426930443
20100711,0.0,-0.30323418426930443
20100712,0.0,-0.30323418426930443
20100713,0.0,-0.30323418426930443
20100714,0.0,-0.30323418426930443
20100715,0.0,-0.30323418426930443
20100716,0.0,-0.30323418426930443
20100717,0.0,-0.30323418426930443
20100718,0.0,-0.30323418426930443
20100719,0.0,-0.30323418426930443
20100720,0.0,-0.30323418426930443
20100721,0.0,-0.30323418426930443
20100722,0.0,-0.30323418426930443
20100723,0.0,-0.30323418426930443
20100724,0.0,-0.30323418426930443
20100725,0.0,-0.30323418426930443
20100726,0.0,-0.30323418426930443
20100727,0.0,-0.30323418426930443
20100728,0.0,-0.30323418426930443
20100729,0.0,-0.30323418426930443
20100730,0.0,-0.30323418426930443
20100731,0.0,-0.30323418426930443
20100801,0.0,-0.30323418426930443
20100802,0.0,-0.30323418426930443
20100803,0.0,-0.30323418426930443
20100804,0.0,-0.30323418426930443
20100805,0.0,-0.30323418426930443
20100806,0.0,-0.30323418426930443
20100807,0.0,-0.30323418426930443
20100808,0.0,-0.30323418426930443
20100809,0.0,-0.30323418426930443
20100810,0.0,-0.30323418426930443
20100811,0.0,-0.30323418426930443
20100812,0.0,-0.30323418426930443
20100813,0.0,-0.30323418426930443
20100814,0.0,-0.30323418426930443
20100815,0.0,-0.30323418426930443
20100816,0.0,-0.30323418426930443
20100817,0.0,-0.30323418426930443
20100818,0.0,-0.30323418426930443
20100819,0.0,-0.30323418426930443
20100820,0.0,-0.30323418426930443
20100821,0.0,-0.30323418426930443
20100822,0.0,-0.30323418426930443
20100823,0.0,-0.30323418426930443
20100824,0.0,-0.30323418426930443
20100825,0.0,-0.30323418426930443
20100826,0.0,-0.30323418426930443
20100827,0.0,-0.30323418426930443
20100828,0.0,-0.30323418426930443
20100829,0.0,-0.30323418426930443
20100830,0.0,-0.30323418426930443
20100831,0.0,-0.30323418426930443
20100901,0.0,-0.30323418426930443
20100902,0.0,-0.30323418426930443
20100903,0.0,-0.30323418426930443
20100904,0.0,-0.30323418426930443
20100905,0.0,-0.30323418426930443
20100906,0.0,-0.30323418426930443
20100907,0.0,-0.30323418426930443
20100908,0.0,-0.30323418426930443
20100909,0.0,-0.30323418426930443
20100910,0.0,-0.30323418426930443
20100911,0.0,-0.30323418426930443
20100912,0.0,-0.30323418426930443
20100913,0.0,-0.30323418426930443
20100914,0.0,-0.30323418426930443
20100915,0.0,-0.30323418426930443
20100916,0.0,-0.30323418426930443
20100917,0.0,-0.30323418426930443
20100918,0.0,-0.30323418426930443
20100919,0.0,-0.30323418426930443
20100920,0.0,-0.30323418426930443
20100921,0.0,-0.30323418426930443
20100922,0.0,-0.30323418426930443
20100923,0.0,-0.30323418426930443
20100924,0.0,-0.30323418426930443
20100925,0.0,-0.30323418426930443
20100926,0.0,-0.30323418426930443
20100927,0.0,-0.30323418426930443
20100928,0.83,-0.10932282021963297
20100929,0.66,-0.149039605627397
20100930,15.04,3.2105331835705258
20101001,3.24,0.4537210199727867
20101002,0.72,-0.13502191665995086
20101003,0.0,-0.30323418426930443
20101004,0.0,-0.30323418426930443
20101005,0.0,-0.30323418426930443
20101006,0.0,-0.30323418426930443
20101007,0.0,-0.30323418426930443
20101008,0.0,-0.30323418426930443
20101009,0.0,-0.30323418426930443
20101010,0.0,-0.30323418426930443
20101011,0.0,-0.30323418426930443
20101012,0.0,-0.30323418426930443
20101013,0.0,-0.30323418426930443
20101014,0.0,-0.30323418426930443
20101015,0.0,-0.30323418426930443
20101016,0.0,-0.30323418426930443
20101017,0.0,-0.30323418426930443
20101018,0.0,-0.30323418426930443
20101019,0.0,-0.30323418426930443
20101020,0.0,-0.30323418426930443
20101021,0.0,-0.30323418426930443
20101022,0.0,-0.30323418426930443
20101023,0.0,-0.30323418426930443
20101024,0.0,-0.30323418426930443
20101025,0.0,-0.30323418426930443
20101026,0.0,-0.30323418426930443
20101027,0.0,-0.30323418426930443
20101028,0.0,-0.30323418426930443
20101029,0.01,-0.3008979027747301
20101030,0.0,-0.30323418426930443
20101031,0.0,-0.30323418426930443
20101101,0.0,-0.30323418426930443
20101102,0.06,-0.2892164953018583
20101103,0.0,-0.30323418426930443
20101104,0.0,-0.30323418426930443
20101105,0.0,-0.30323418426930443
20101106,0.0,-0.30323418426930443
20101107,0.0,-0.30323418426930443
20101108,0.01,-0.3008979027747301
20101109,0.0,-0.30323418426930443
20101110,0.0,-0.30323418426930443
20101111,0.0,-0.30323418426930443
20101112,0.19,-0.2588448358723917
20101113,2.81,0.35326091570608936
20101114,6.25,1.1569417498396675
20101115,5.91,1.0775081790241394
20101116,6.33,1.1756320017962625
20101117,10.73,2.2035958594089786
20101118,5.83,1.0588179270675446
20101119,0.37,-0.2167917689700533
20101120,0.04,-0.29388905829100703
20101121,0.05,-0.29155277679643266
20101122,0.45,-0.19810151701345846
20101123,5.1,0.8882693779636166
20101124,5.37,0.9513489783171243
20101125,10.03,2.0400561547887737
20101126,4.49,0.7457562067945811
20101127,1.34,0.009827536003659177
20101128,1.96,0.15467698866726917
20101129,2.74,0.33690694524406894
20101130,0.29,-0.23548202092664813
20101201,0.42,-0.20511036149718154
20101202,0.27,-0.24015458391579683
20101203,0.0,-0.30323418426930443
20101204,0.0,-0.30323418426930443
20101205,0.94,-0.08362372377931507
20101206,3.62,0.5424997167666121
20101207,0.05,-0.29155277679643266
20101208,0.02,-0.29856162128015573
20101209,0.0,-0.30323418426930443
20101210,0.01,-0.3008979027747301
20101211,0.53,-0.1794112650568636
20101212,0.73,-0.13268563516537651
20101213,4.35,0.71304826587054
20101214,9.43,1.8998792651143124
20101215,0.16,-0.2658536803561148
20101216,0.0,-0.30323418426930443
20101217,0.0,-0.30323418426930443
20101218,0.0,-0.30323418426930443
20101219,0.0,-0.30323418426930443
20101220,0.0,-0.30323418426930443
20101221,0.0,-0.30323418426930443
20101222,0.0,-0.30323418426930443
20101223,0.0,-0.30323418426930443
20101224,0.0,-0.30323418426930443
20101225,0.0,-0.30323418426930443
20101226,0.17,-0.2635173988615404
20101227,1.94,0.15000442567812045
20101228,0.96,-0.07895116079016634
20101229,2.65,0.31588041179289966
20101230,4.6,0.7714553032348989
20101231,7.99,1.5634547298956054
20110101,3.16,0.43503076801619184
20110102,3.06,0.4116679530704483
20110103,12.84,2.6965512547641675
20110104,2.35,0.24579196695566904
20110105,10.21,2.0821092216911126
20110106,26.2,5.8178233315155055
20110107,4.4,0.724729673343412
20110108,17.06,3.682462045474545
20110109,7.22,1.3835610548133799
20110110,3.12,0.4256856420378944
20110111,0.31,-0.2308094579374994
20110112,2.5,0.28083618937428434
20110113,2.12,0.1920574925804589
20110114,0.41,-0.2074466429917559
20110115,0.81,-0.11399538320878165
20110116,1.02,-0.0649334718227202
20110117,1.51,0.049544321411423196
20110118,11.54,2.3928346604695014
20110119,15.82,3.3927631401473257
20110120,10.19,2.0774366587019633
20110121,20.76,4.546886198467057
20110122,5.1,0.8882693779636166
20110123,0.05,-0.29155277679643266
20110124,1.4,0.023845224971105267
20110125,7.67,1.488693722069226
20110126,9.99,2.0307110288104764
20110127,18.68,4.060939647595592
20110128,8.46,1.6732599601406002
20110129,7.4,1.4256141217157186
20110130,2.52,0.2855087523634331
20110131,0.29,-0.23548202092664813
20110201,1.48,0.04253547692770013
20110202,2.5,0.28083618937428434
20110203,1.27,-0.006526434458361325
20110204,20.64,4.518850820532165
20110205,8.38,1.6545697081840054
20110206,8.55,1.6942864935917694
20110207,7.54,1.4583220626397595
20110208,1.89,0.13832301820524867
20110209,1.19,-0.025216686414956183
20110210,1.09,-0.0485795013606997
20110211,2.42,0.2621459374176895
20110212,0.66,-0.149039605627397
20110213,1.11,-0.04390693837155099
20110214,4.42,0.7294022363325605
20110215,0.74,-0.13034935367080216
20110216,1.26,-0.008862715952935682
20110217,1.56,0.061225728884294985
20110218,3.64,0.5471722797557609
20110219,0.06,-0.2892164953018583
20110220,1.79,0.11496020325950515
20110221,9.75,1.9746402729406918
20110222,10.57,2.166215355495789
20110223,13.16,2.771312262590547
20110224,15.0,3.2011880575922285
20110225,2.98,0.3929777011138534
20110226,2.52,0.2855087523634331
20110227,0.34,-0.22380061345377633
20110228,0.03,-0.29622533978558135
20110301,0.07,-0.28688021380728396
20110302,0.74,-0.13034935367080216
20110303,0.01,-0.3008979027747301
20110304,3.42,0.49577408687512503
20110305,9.63,1.9466048950057997
20110306,5.29,0.9326587263605295
20110307,3.07,0.41400423456502256
20110308,10.53,2.1568702295174913
20110309,4.95,0.8532251555450014
20110310,3.8,0.5845527836689505
20110311,0.42,-0.20511036149718154
20110312,19.37,4.222143070721222
20110313,26.61,5.913610872793055
20110314,2.02,0.16869467763471532
20110315,3.73,0.56819881320693
20110316,10.86,2.2339675188384454
20110317,14.44,3.0703562938960642
20110318,1.83,0.12430532923780258
20110319,0.25,-0.24482714690494556
20110320,1.5,0.04720803991684884
20110321,12.29,2.568055772562578
20110322,2.21,0.21308402603162804
20110323,4.91,0.843880029566704
20110324,4.15,0.6663226359790531
20110325,16.34,3.5142497778651918
20110326,8.94,1.785401471880169
20110327,2.54,0.2901813153525818
20110328,0.82,-0.11165910171420733
20110329,2.66,0.3182166932874741
20110330,0.8,-0.11633166470335601
20110331,0.36,-0.21912805046462766
20110401,5.64,1.0144285786706317
20110402,6.48,1.2106762242148779
20110403,20.19,4.413718153276319
20110404,4.86,0.8321986220938322
20110405,1.84,0.12664161073237692
20110406,0.35,-0.221464331959202
20110407,1.29,-0.0018538714692126102
20110408,0.22,-0.25183599138866863
20110409,0.2,-0.25650855437781733
20110410,0.0,-0.30323418426930443
20110411,0.81,-0.11399538320878165
20110412,1.6,0.07057085486259242
20110413,3.57,0.5308183092937403
20110414,11.5,2.383489534491204
20110415,15.07,3.217542028054249
20110416,6.51,1.2176850686986007
20110417,15.47,3.3109932878372232
20110418,6.43,1.198994816742006
20110419,6.41,1.1943222537528573
20110420,34.15,7.6751671197021185
20110421,8.43,1.666251115656877
20110422,3.26,0.45839358296193533
20110423,1.88,0.13598673671067432
20110424,3.38,0.4864289608968276
20110425,4.33,0.7083757028813914
20110426,2.8,0.350924634211515
20110427,0.41,-0.2074466429917559
20110428,5.01,0.8672428445124475
20110429,3.31,0.47007499043480716
20110430,1.32,0.005154973014510462
20110501,19.72,4.303912923031324
20110502,5.13,0.8952782224473398
20110503,1.39,0.02150894347653091
20110504,0.02,-0.29856162128015573
20110505,0.83,-0.10932282021963297
20110506,0.32,-0.22847317644292506
20110507,0.0,-0.30323418426930443
20110508,0.0,-0.30323418426930443
20110509,0.0,-0.30323418426930443
20110510,0.0,-0.30323418426930443
20110511,0.03,-0.29622533978558135
20110512,0.22,-0.25183599138866863
20110513,0.48,-0.19109267252973539
20110514,0.0,-0.30323418426930443
20110515,0.01,-0.3008979027747301
20110516,0.16,-0.2658536803561148
20110517,0.06,-0.2892164953018583
20110518,0.45,-0.19810151701345846
20110519,0.06,-0.2892164953018583
20110520,0.0,-0.30323418426930443
20110521,0.0,-0.30323418426930443
20110522,0.0,-0.30323418426930443
20110523,0.0,-0.30323418426930443
20110524,0.0,-0.30323418426930443
20110525,0.0,-0.30323418426930443
20110526,0.0,-0.30323418426930443
20110527,0.0,-0.30323418426930443
20110528,0.0,-0.30323418426930443
20110529,0.0,-0.30323418426930443
20110530,0.0,-0.30323418426930443
20110531,0.0,-0.30323418426930443
20110601,0.0,-0.30323418426930443
20110602,0.0,-0.30323418426930443
20110603,0.0,-0.30323418426930443
20110604,0.0,-0.30323418426930443
20110605,0.0,-0.30323418426930443
20110606,0.0,-0.30323418426930443
20110607,0.0,-0.30323418426930443
20110608,0.0,-0.30323418426930443
20110609,0.0,-0.30323418426930443
20110610,0.0,-0.30323418426930443
20110611,0.0,-0.30323418426930443
20110612,0.0,-0.30323418426930443
20110613,0.0,-0.30323418426930443
20110614,0.0,-0.30323418426930443
20110615,0.0,-0.30323418426930443
20110616,0.0,-0.30323418426930443
20110617,0.0,-0.30323418426930443
20110618,0.0,-0.30323418426930443
20110619,0.0,-0.30323418426930443
20110620,0.0,-0.30323418426930443
20110621,0.0,-0.30323418426930443
20110622,0.0,-0.30323418426930443
20110623,0.0,-0.30323418426930443
20110624,0.0,-0.30323418426930443
20110625,0.0,-0.30323418426930443
20110626,0.0,-0.30323418426930443
20110627,0.0,-0.30323418426930443
20110628,0.0,-0.30323418426930443
20110629,0.0,-0.30323418426930443
20110630,0.0,-0.30323418426930443
20110701,0.0,-0.30323418426930443
20110702,0.0,-0.30323418426930443
20110703,0.0,-0.30323418426930443
20110704,0.0,-0.30323418426930443
20110705,0.0,-0.30323418426930443
20110706,0.0,-0.30323418426930443
20110707,0.0,-0.30323418426930443
20110708,0.0,-0.30323418426930443
20110709,0.0,-0.30323418426930443
20110710,0.0,-0.30323418426930443
20110711,0.0,-0.30323418426930443
20110712,0.0,-0.30323418426930443
20110713,0.0,-0.30323418426930443
20110714,0.0,-0.30323418426930443
20110715,0.0,-0.30323418426930443
20110716,0.0,-0.30323418426930443
20110717,0.0,-0.30323418426930443
20110718,0.0,-0.30323418426930443
20110719,0.0,-0.30323418426930443
20110720,0.0,-0.30323418426930443
20110721,0.0,-0.30323418426930443
20110722,0.0,-0.30323418426930443
20110723,0.0,-0.30323418426930443
20110724,0.0,-0.30323418426930443
20110725,0.0,-0.30323418426930443
20110726,0.0,-0.30323418426930443
20110727,0.0,-0.30323418426930443
20110728,0.0,-0.30323418426930443
20110729,0.0,-0.30323418426930443
20110730,0.0,-0.30323418426930443
20110731,0.0,-0.30323418426930443
20110801,0.0,-0.30323418426930443
20110802,0.0,-0.30323418426930443
20110803,0.0,-0.30323418426930443
20110804,0.0,-0.30323418426930443
20110805,0.0,-0.30323418426930443
20110806,0.0,-0.30323418426930443
20110807,0.0,-0.30323418426930443
20110808,0.0,-0.30323418426930443
20110809,0.0,-0.30323418426930443
20110810,0.0,-0.30323418426930443
20110811,0.0,-0.30323418426930443
20110812,0.0,-0.30323418426930443
20110813,0.0,-0.30323418426930443
20110814,0.0,-0.30323418426930443
20110815,0.0,-0.30323418426930443
20110816,0.0,-0.30323418426930443
20110817,0.0,-0.30323418426930443
20110818,0.0,-0.30323418426930443
20110819,0.0,-0.30323418426930443
20110820,0.0,-0.30323418426930443
20110821,0.0,-0.30323418426930443
20110822,0.01,-0.3008979027747301
20110823,0.01,-0.3008979027747301
20110824,0.0,-0.30323418426930443
20110825,0.0,-0.30323418426930443
20110826,0.0,-0.30323418426930443
20110827,0.0,-0.30323418426930443
20110828,0.0,-0.30323418426930443
20110829,0.0,-0.30323418426930443
20110830,0.0,-0.30323418426930443
20110831,0.0,-0.30323418426930443
20110901,0.0,-0.30323418426930443
20110902,0.0,-0.30323418426930443
20110903,0.0,-0.30323418426930443
20110904,0.0,-0.30323418426930443
20110905,0.0,-0.30323418426930443
20110906,0.0,-0.30323418426930443
20110907,0.0,-0.30323418426930443
20110908,0.0,-0.30323418426930443
20110909,0.0,-0.30323418426930443
20110910,0.0,-0.30323418426930443
20110911,0.0,-0.30323418426930443
20110912,0.0,-0.30323418426930443
20110913,0.0,-0.30323418426930443
20110914,0.0,-0.30323418426930443
20110915,0.0,-0.30323418426930443
20110916,0.0,-0.30323418426930443
20110917,0.0,-0.30323418426930443
20110918,0.0,-0.30323418426930443
20110919,0.0,-0.30323418426930443
20110920,0.0,-0.30323418426930443
20110921,0.0,-0.30323418426930443
20110922,0.0,-0.30323418426930443
20110923,0.0,-0.30323418426930443
20110924,0.0,-0.30323418426930443
20110925,0.0,-0.30323418426930443
20110926,0.88,-0.09764141274676118
20110927,0.14,-0.27052624334526343
20110928,5.39,0.9560215413062729
20110929,2.46,0.27149106339598694
20110930,1.27,-0.006526434458361325
20111001,0.0,-0.30323418426930443
20111002,0.0,-0.30323418426930443
20111003,0.0,-0.30323418426930443
20111004,0.0,-0.30323418426930443
20111005,0.0,-0.30323418426930443
20111006,0.0,-0.30323418426930443
20111007,0.0,-0.30323418426930443
20111008,0.0,-0.30323418426930443
20111009,0.0,-0.30323418426930443
20111010,0.0,-0.30323418426930443
20111011,0.0,-0.30323418426930443
20111012,0.0,-0.30323418426930443
20111013,0.0,-0.30323418426930443
20111014,0.0,-0.30323418426930443
20111015,0.0,-0.30323418426930443
20111016,0.0,-0.30323418426930443
20111017,0.0,-0.30323418426930443
20111018,0.0,-0.30323418426930443
20111019,0.0,-0.30323418426930443
20111020,0.0,-0.30323418426930443
20111021,0.0,-0.30323418426930443
20111022,0.0,-0.30323418426930443
20111023,0.0,-0.30323418426930443
20111024,0.01,-0.3008979027747301
20111025,0.03,-0.29622533978558135
20111026,0.01,-0.3008979027747301
20111027,0.05,-0.29155277679643266
20111028,0.0,-0.30323418426930443
20111029,0.0,-0.30323418426930443
20111030,0.0,-0.30323418426930443
20111031,0.0,-0.30323418426930443
20111101,0.0,-0.30323418426930443
20111102,0.01,-0.3008979027747301
20111103,0.0,-0.30323418426930443
20111104,0.0,-0.30323418426930443
20111105,0.0,-0.30323418426930443
20111106,0.0,-0.30323418426930443
20111107,0.0,-0.30323418426930443
20111108,0.0,-0.30323418426930443
20111109,0.0,-0.30323418426930443
20111110,0.0,-0.30323418426930443
20111111,0.0,-0.30323418426930443
20111112,0.0,-0.30323418426930443
20111113,0.0,-0.30323418426930443
20111114,0.0,-0.30323418426930443
20111115,0.0,-0.30323418426930443
20111116,0.0,-0.30323418426930443
20111117,0.14,-0.27052624334526343
20111118,1.0,-0.06960603481186892
20111119,0.57,-0.17006613907856621
20111120,0.41,-0.2074466429917559
20111121,0.07,-0.28688021380728396
20111122,0.01,-0.3008979027747301
20111123,0.0,-0.30323418426930443
20111124,0.02,-0.29856162128015573
20111125,0.48,-0.19109267252973539
20111126,1.27,-0.006526434458361325
20111127,5.38,0.9536852598116986
20111128,1.51,0.049544321411423196
20111129,1.67,0.08692482532461286
20111130,0.74,-0.13034935367080216
20111201,2.57,0.2971901598363048
20111202,0.91,-0.0906325682630381
20111203,0.04,-0.29388905829100703
20111204,12.33,2.5774008985408754
20111205,1.57,0.06356201037886934
20111206,12.96,2.72458663269906
20111207,11.09,2.2877019932136555
20111208,4.33,0.7083757028813914
20111209,0.95,-0.0812874422847407
20111210,0.37,-0.2167917689700533
20111211,1.48,0.04253547692770013
20111212,0.08,-0.2845439323127096
20111213,0.01,-0.3008979027747301
20111214,0.0,-0.30323418426930443
20111215,0.0,-0.30323418426930443
20111216,0.02,-0.29856162128015573
20111217,1.04,-0.06026090883357149
20111218,1.02,-0.0649334718227202
20111219,0.0,-0.30323418426930443
20111220,0.64,-0.1537121686165457
20111221,0.7,-0.1396944796490996
20111222,0.07,-0.28688021380728396
20111223,0.4,-0.20978292448633024
20111224,0.01,-0.3008979027747301
20111225,0.37,-0.2167917689700533
20111226,0.53,-0.1794112650568636
20111227,2.53,0.28784503385800736
20111228,0.0,-0.30323418426930443
20111229,0.0,-0.30323418426930443
20111230,2.19,0.20841146304247934
20111231,0.06,-0.2892164953018583
20120101,0.01,-0.3008979027747301
20120102,0.0,-0.30323418426930443
20120103,0.01,-0.3008979027747301
20120104,0.01,-0.3008979027747301
20120105,0.04,-0.29388905829100703
20120106,0.44,-0.2004377985080328
20120107,0.19,-0.2588448358723917
20120108,0.49,-0.18875639103516104
20120109,1.04,-0.06026090883357149
20120110,2.68,0.3228892562766228
20120111,9.11,1.825118257287933
20120112,5.9,1.0751718975295652
20120113,0.12,-0.2751988063344121
20120114,2.42,0.2621459374176895
20120115,3.81,0.5868890651635249
20120116,11.02,2.271348022751635
20120117,14.73,3.138108457238721
20120118,2.75,0.33924322673864327
20120119,6.74,1.271419543073811
20120120,1.19,-0.025216686414956183
20120121,6.09,1.1195612459264779
20120122,5.05,0.8765879704907449
20120123,7.05,1.3438442694056159
20120124,0.28,-0.23781830242122248
20120125,0.31,-0.2308094579374994
20120126,0.0,-0.30323418426930443
20120127,0.07,-0.28688021380728396
20120128,1.36,0.014500098992807891
20120129,1.29,-0.0018538714692126102
20120130,0.64,-0.1537121686165457
20120131,5.41,0.9606941042954218
20120201,14.6,3.1077367978092543
20120202,13.65,2.8857900558246903
20120203,1.51,0.049544321411423196
20120204,1.27,-0.006526434458361325
20120205,1.45,0.03552663244397705
20120206,1.97,0.15701327016184352
20120207,10.0,2.033047310305051
20120208,3.48,0.5097917758425712
20120209,5.45,0.9700392302737192
20120210,4.58,0.7667827402457502
20120211,1.83,0.12430532923780258
20120212,4.14,0.6639863544844785
20120213,4.31,0.7037031398922425
20120214,0.77,-0.12334050918707909
20120215,3.07,0.41400423456502256
20120216,9.46,1.9068881095980357
20120217,8.87,1.7690475014181484
20120218,2.71,0.3298981007603458
20120219,5.87,1.0681630530458421
20120220,15.12,3.2292234355271203
20120221,2.68,0.3228892562766228
20120222,4.24,0.6873491694302222
20120223,3.37,0.4840926794022533
20120224,8.67,1.7223218715266615
20120225,18.75,4.077293618057612
20120226,2.85,0.3626060416843868
20120227,3.76,0.5752076576906531
20120228,2.28,0.2294379964936485
20120229,5.25,0.9233136003822321
20120301,5.35,0.9466764153279755
20120302,0.56,-0.17240242057314054
20120303,0.3,-0.23314573943207378
20120304,0.02,-0.29856162128015573
20120305,0.16,-0.2658536803561148
20120306,0.01,-0.3008979027747301
20120307,0.07,-0.28688021380728396
20120308,2.91,0.37662373065183297
20120309,0.87,-0.09997769424133554
20120310,3.17,0.43736704951076616
20120311,2.5,0.28083618937428434
20120312,6.42,1.1966585352474315
20120313,6.88,1.3041274839978518
20120314,8.08,1.5844812633467746
20120315,3.63,0.5448359982611864
20120316,0.03,-0.29622533978558135
20120317,0.0,-0.30323418426930443
20120318,0.25,-0.24482714690494556
20120319,0.03,-0.29622533978558135
20120320,0.21,-0.254172272883243
20120321,0.02,-0.29856162128015573
20120322,0.72,-0.13502191665995086
20120323,2.23,0.21775658902077677
20120324,0.39,-0.21211920598090458
20120325,1.49,0.044871758422274484
20120326,25.5,5.654283626895301
20120327,5.23,0.9186410373930834
20120328,0.01,-0.3008979027747301
20120329,0.0,-0.30323418426930443
20120330,0.0,-0.30323418426930443
20120331,0.0,-0.30323418426930443
20120401,0.0,-0.30323418426930443
20120402,0.0,-0.30323418426930443
20120403,0.0,-0.30323418426930443
20120404,0.0,-0.30323418426930443
20120405,0.0,-0.30323418426930443
20120406,0.29,-0.23548202092664813
20120407,0.63,-0.15604845011112006
20120408,0.0,-0.30323418426930443
20120409,0.14,-0.27052624334526343
20120410,0.05,-0.29155277679643266
20120411,0.03,-0.29622533978558135
20120412,0.08,-0.2845439323127096
20120413,0.24,-0.2471634283995199
20120414,20.37,4.455771220178657
20120415,8.52,1.6872776491080461
20120416,0.73,-0.13268563516537651
20120417,1.24,-0.013535278942084396
20120418,0.01,-0.3008979027747301
20120419,0.11,-0.2775350878289865
20120420,0.92,-0.08829628676846375
20120421,0.12,-0.2751988063344121
20120422,0.0,-0.30323418426930443
20120423,0.02,-0.29856162128015573
20120424,0.3,-0.23314573943207378
20120425,0.07,-0.28688021380728396
20120426,0.0,-0.30323418426930443
20120427,0.0,-0.30323418426930443
20120428,0.0,-0.30323418426930443
20120429,0.0,-0.30323418426930443
20120430,0.0,-0.30323418426930443
20120501,0.0,-0.30323418426930443
20120502,0.0,-0.30323418426930443
20120503,0.0,-0.30323418426930443
20120504,0.0,-0.30323418426930443
20120505,0.0,-0.30323418426930443
20120506,0.0,-0.30323418426930443
20120507,0.0,-0.30323418426930443
20120508,0.0,-0.30323418426930443
20120509,0.0,-0.30323418426930443
20120510,0.0,-0.30323418426930443
20120511,0.0,-0.30323418426930443
20120512,1.86,0.13131417372152565
20120513,0.0,-0.30323418426930443
20120514,0.0,-0.30323418426930443
20120515,0.0,-0.30323418426930443
20120516,0.0,-0.30323418426930443
20120517,0.0,-0.30323418426930443
20120518,0.0,-0.30323418426930443
20120519,0.0,-0.30323418426930443
20120520,0.0,-0.30323418426930443
20120521,0.0,-0.30323418426930443
20120522,0.0,-0.30323418426930443
20120523,0.0,-0.30323418426930443
20120524,0.0,-0.30323418426930443
20120525,0.0,-0.30323418426930443
20120526,0.0,-0.30323418426930443
20120527,0.0,-0.30323418426930443
20120528,0.0,-0.30323418426930443
20120529,0.0,-0.30323418426930443
20120530,0.0,-0.30323418426930443
20120531,0.0,-0.30323418426930443
20120601,0.0,-0.30323418426930443
20120602,0.0,-0.30323418426930443
20120603,0.0,-0.30323418426930443
20120604,0.0,-0.30323418426930443
20120605,0.0,-0.30323418426930443
20120606,0.0,-0.30323418426930443
20120607,0.0,-0.30323418426930443
20120608,0.0,-0.30323418426930443
20120609,0.0,-0.30323418426930443
20120610,0.0,-0.30323418426930443
20120611,0.0,-0.30323418426930443
20120612,0.0,-0.30323418426930443
20120613,0.0,-0.30323418426930443
20120614,0.0,-0.30323418426930443
20120615,0.0,-0.30323418426930443
20120616,0.0,-0.30323418426930443
20120617,0.0,-0.30323418426930443
20120618,0.0,-0.30323418426930443
20120619,0.36,-0.21912805046462766
20120620,0.01,-0.3008979027747301
20120621,0.0,-0.30323418426930443
20120622,0.0,-0.30323418426930443
20120623,0.0,-0.30323418426930443
20120624,0.0,-0.30323418426930443
20120625,0.0,-0.30323418426930443
20120626,0.0,-0.30323418426930443
20120627,0.0,-0.30323418426930443
20120628,0.0,-0.30323418426930443
20120629,0.0,-0.30323418426930443
20120630,0.0,-0.30323418426930443
20120701,0.0,-0.30323418426930443
20120702,0.0,-0.30323418426930443
20120703,0.0,-0.30323418426930443
20120704,0.0,-0.30323418426930443
20120705,0.0,-0.30323418426930443
20120706,0.01,-0.3008979027747301
20120707,0.0,-0.30323418426930443
20120708,0.0,-0.30323418426930443
20120709,0.0,-0.30323418426930443
20120710,0.0,-0.30323418426930443
20120711,0.0,-0.30323418426930443
20120712,0.0,-0.30323418426930443
20120713,0.0,-0.30323418426930443
20120714,0.0,-0.30323418426930443
20120715,0.0,-0.30323418426930443
20120716,0.0,-0.30323418426930443
20120717,0.0,-0.30323418426930443
20120718,0.0,-0.30323418426930443
20120719,0.0,-0.30323418426930443
20120720,0.0,-0.30323418426930443
20120721,0.0,-0.30323418426930443
20120722,0.0,-0.30323418426930443
20120723,0.0,-0.30323418426930443
20120724,0.0,-0.30323418426930443
20120725,0.0,-0.30323418426930443
20120726,0.0,-0.30323418426930443
20120727,0.0,-0.30323418426930443
20120728,0.0,-0.30323418426930443
20120729,0.0,-0.30323418426930443
20120730,0.01,-0.3008979027747301
20120731,0.0,-0.30323418426930443
20120801,0.0,-0.30323418426930443
20120802,0.08,-0.2845439323127096
20120803,0.0,-0.30323418426930443
20120804,0.0,-0.30323418426930443
20120805,0.0,-0.30323418426930443
20120806,0.0,-0.30323418426930443
20120807,0.0,-0.30323418426930443
20120808,0.0,-0.30323418426930443
20120809,0.0,-0.30323418426930443
20120810,0.0,-0.30323418426930443
20120811,0.0,-0.30323418426930443
20120812,0.0,-0.30323418426930443
20120813,0.0,-0.30323418426930443
20120814,0.0,-0.30323418426930443
20120815,0.0,-0.30323418426930443
20120816,0.0,-0.30323418426930443
20120817,0.0,-0.30323418426930443
20120818,0.0,-0.30323418426930443
20120819,0.0,-0.30323418426930443
20120820,0.0,-0.30323418426930443
20120821,0.0,-0.30323418426930443
20120822,0.0,-0.30323418426930443
20120823,0.0,-0.30323418426930443
20120824,0.0,-0.30323418426930443
20120825,0.0,-0.30323418426930443
20120826,2.99,0.3953139826084278
20120827,3.76,0.5752076576906531
20120828,0.0,-0.30323418426930443
20120829,0.0,-0.30323418426930443
20120830,0.0,-0.30323418426930443
20120831,0.0,-0.30323418426930443
20120901,0.0,-0.30323418426930443
20120902,0.0,-0.30323418426930443
20120903,0.0,-0.30323418426930443
20120904,0.0,-0.30323418426930443
20120905,0.0,-0.30323418426930443
20120906,0.0,-0.30323418426930443
20120907,0.0,-0.30323418426930443
20120908,0.0,-0.30323418426930443
20120909,0.0,-0.30323418426930443
20120910,0.0,-0.30323418426930443
20120911,0.0,-0.30323418426930443
20120912,0.0,-0.30323418426930443
20120913,0.0,-0.30323418426930443
20120914,0.0,-0.30323418426930443
20120915,0.24,-0.2471634283995199
20120916,0.42,-0.20511036149718154
20120917,0.0,-0.30323418426930443
20120918,0.0,-0.30323418426930443
20120919,0.01,-0.3008979027747301
20120920,0.01,-0.3008979027747301
20120921,0.0,-0.30323418426930443
20120922,0.0,-0.30323418426930443
20120923,0.0,-0.30323418426930443
20120924,0.0,-0.30323418426930443
20120925,0.0,-0.30323418426930443
20120926,0.0,-0.30323418426930443
20120927,0.0,-0.30323418426930443
20120928,0.0,-0.30323418426930443
20120929,0.0,-0.30323418426930443
20120930,0.0,-0.30323418426930443
20121001,0.0,-0.30323418426930443
20121002,0.0,-0.30323418426930443
20121003,0.0,-0.30323418426930443
20121004,0.12,-0.2751988063344121
20121005,0.06,-0.2892164953018583
20121006,0.02,-0.29856162128015573
20121007,0.01,-0.3008979027747301
20121008,0.0,-0.30323418426930443
20121009,0.0,-0.30323418426930443
20121010,0.0,-0.30323418426930443
20121011,0.0,-0.30323418426930443
20121012,0.0,-0.30323418426930443
20121013,0.01,-0.3008979027747301
20121014,0.0,-0.30323418426930443
20121015,0.0,-0.30323418426930443
20121016,0.0,-0.30323418426930443
20121017,0.0,-0.30323418426930443
20121018,0.0,-0.30323418426930443
20121019,0.0,-0.30323418426930443
20121020,0.0,-0.30323418426930443
20121021,0.0,-0.30323418426930443
20121022,0.0,-0.30323418426930443
20121023,0.0,-0.30323418426930443
20121024,0.0,-0.30323418426930443
20121025,0.0,-0.30323418426930443
20121026,0.0,-0.30323418426930443
20121027,0.58,-0.16772985758399184
20121028,0.23,-0.24949970989409428
20121029,0.02,-0.29856162128015573
20121030,0.0,-0.30323418426930443
20121031,0.02,-0.29856162128015573
20121101,0.02,-0.29856162128015573
20121102,0.6,-0.16305729459484314
20121103,1.62,0.07524341785174113
20121104,3.32,0.4724112719293814
20121105,0.13,-0.27286252483983786
20121106,0.07,-0.28688021380728396
20121107,0.04,-0.29388905829100703
20121108,0.0,-0.30323418426930443
20121109,0.0,-0.30323418426930443
20121110,0.01,-0.3008979027747301
20121111,0.14,-0.27052624334526343
20121112,0.3,-0.23314573943207378
20121113,0.05,-0.29155277679643266
20121114,0.0,-0.30323418426930443
20121115,0.0,-0.30323418426930443
20121116,0.06,-0.2892164953018583
20121117,0.0,-0.30323418426930443
20121118,4.01,0.633614695055012
20121119,5.0,0.8649065630178732
20121120,7.36,1.416268995737421
20121121,0.88,-0.09764141274676118
20121122,2.67,0.32055297478204836
20121123,1.95,0.15234070717269482
20121124,0.43,-0.2027740800026072
20121125,1.58,0.0658982918734437
20121126,0.0,-0.30323418426930443
20121127,0.0,-0.30323418426930443
20121128,0.01,-0.3008979027747301
20121129,2.82,0.3555971972006637
20121130,6.81,1.2877735135358312
20121201,1.89,0.13832301820524867
20121202,0.05,-0.29155277679643266
20121203,0.01,-0.3008979027747301
20121204,0.11,-0.2775350878289865
20121205,0.85,-0.10465025723048425
20121206,0.48,-0.19109267252973539
20121207,0.74,-0.13034935367080216
20121208,0.08,-0.2845439323127096
20121209,1.07,-0.053252064349848416
20121210,0.0,-0.30323418426930443
20121211,0.0,-0.30323418426930443
20121212,1.03,-0.06259719032814584
20121213,0.0,-0.30323418426930443
20121214,0.0,-0.30323418426930443
20121215,0.08,-0.2845439323127096
20121216,0.32,-0.22847317644292506
20121217,4.92,0.8462163110612783
20121218,4.2,0.6780040434519248
20121219,3.91,0.6102518801092685
20121220,2.38,0.2528008114393921
20121221,1.57,0.06356201037886934
20121222,8.93,1.7830651903855947
20121223,4.33,0.7083757028813914
20121224,3.38,0.4864289608968276
20121225,1.78,0.11262392176493079
20121226,3.97,0.6242695690767146
20121227,0.03,-0.29622533978558135
20121228,0.03,-0.29622533978558135
20121229,1.24,-0.013535278942084396
20121230,3.29,0.4654024274456584
20121231,1.76,0.10795135877578207
20130101,1.62,0.07524341785174113
20130102,1.31,0.0028186915199361045
20130103,0.07,-0.28688021380728396
20130104,0.22,-0.25183599138866863
20130105,0.05,-0.29155277679643266
20130106,0.21,-0.254172272883243
20130107,0.12,-0.2751988063344121
20130108,1.2,-0.022880404920381826
20130109,0.32,-0.22847317644292506
20130110,2.71,0.3298981007603458
20130111,0.31,-0.2308094579374994
20130112,1.14,-0.03689809388782797
20130113,2.17,0.20373890005333062
20130114,6.47,1.2083399427203032
20130115,1.92,0.14533186268897175
20130116,0.64,-0.1537121686165457
20130117,0.5,-0.1864201095405867
20130118,3.9,0.607915598614694
20130119,2.21,0.21308402603162804
20130120,0.04,-0.29388905829100703
20130121,0.02,-0.29856162128015573
20130122,0.0,-0.30323418426930443
20130123,1.17,-0.0298892494041049
20130124,0.99,-0.07194231630644328
20130125,0.1,-0.2798713693235609
20130126,0.02,-0.29856162128015573
20130127,0.24,-0.2471634283995199
20130128,0.26,-0.2424908654103712
20130129,0.31,-0.2308094579374994
20130130,0.2,-0.25650855437781733
20130131,0.0,-0.30323418426930443
20130201,0.0,-0.30323418426930443
20130202,0.0,-0.30323418426930443
20130203,0.13,-0.27286252483983786
20130204,1.89,0.13832301820524867
20130205,0.34,-0.22380061345377633
20130206,0.41,-0.2074466429917559
20130207,0.44,-0.2004377985080328
20130208,0.05,-0.29155277679643266
20130209,0.05,-0.29155277679643266
20130210,0.0,-0.30323418426930443
20130211,0.0,-0.30323418426930443
20130212,0.72,-0.13502191665995086
20130213,0.89,-0.09530513125218683
20130214,0.51,-0.1840838280460123
20130215,0.51,-0.1840838280460123
20130216,0.58,-0.16772985758399184
20130217,0.37,-0.2167917689700533
20130218,0.2,-0.25650855437781733
20130219,1.04,-0.06026090883357149
20130220,1.33,0.007491254509084819
20130221,1.54,0.05655316589514627
20130222,1.11,-0.04390693837155099
20130223,0.91,-0.0906325682630381
20130224,0.07,-0.28688021380728396
20130225,0.0,-0.30323418426930443
20130226,0.5,-0.1864201095405867
20130227,1.29,-0.0018538714692126102
20130228,0.38,-0.21445548747547893
20130301,0.0,-0.30323418426930443
20130302,0.0,-0.30323418426930443
20130303,1.21,-0.020544123425807467
20130304,6.77,1.278428387557534
20130305,3.64,0.5471722797557609
20130306,10.95,2.2549940522896144
20130307,0.02,-0.29856162128015573
20130308,0.0,-0.30323418426930443
20130309,0.0,-0.30323418426930443
20130310,1.52,0.05188060290599755
20130311,0.07,-0.28688021380728396
20130312,0.0,-0.30323418426930443
20130313,0.08,-0.2845439323127096
20130314,0.06,-0.2892164953018583
20130315,0.04,-0.29388905829100703
20130316,0.0,-0.30323418426930443
20130317,0.0,-0.30323418426930443
20130318,0.0,-0.30323418426930443
20130319,0.0,-0.30323418426930443
20130320,0.0,-0.30323418426930443
20130321,0.27,-0.24015458391579683
20130322,0.81,-0.11399538320878165
20130323,2.23,0.21775658902077677
20130324,5.13,0.8952782224473398
20130325,0.97,-0.07661487929559199
20130326,3.35,0.47942011641310456
20130327,0.44,-0.2004377985080328
20130328,1.74,0.10327879578663336
20130329,6.12,1.126570090410201
20130330,22.35,4.9183549561043804
20130331,32.34,7.252300169184162
20130401,0.0,-0.30323418426930443
20130402,0.0,-0.30323418426930443
20130403,0.0,-0.30323418426930443
20130404,0.0,-0.30323418426930443
20130405,0.0,-0.30323418426930443
20130406,0.0,-0.30323418426930443
20130407,0.0,-0.30323418426930443
20130408,0.0,-0.30323418426930443
20130409,0.0,-0.30323418426930443
20130410,0.0,-0.30323418426930443
20130411,0.0,-0.30323418426930443
20130412,0.0,-0.30323418426930443
20130413,0.11,-0.2775350878289865
20130414,0.05,-0.29155277679643266
20130415,0.02,-0.29856162128015573
20130416,0.16,-0.2658536803561148
20130417,0.55,-0.17473870206771489
20130418,0.01,-0.3008979027747301
20130419,0.0,-0.30323418426930443
20130420,0.0,-0.30323418426930443
20130421,0.0,-0.30323418426930443
20130422,0.0,-0.30323418426930443
20130423,0.0,-0.30323418426930443
20130424,0.0,-0.30323418426930443
20130425,0.0,-0.30323418426930443
20130426,0.0,-0.30323418426930443
20130427,0.0,-0.30323418426930443
20130428,0.0,-0.30323418426930443
20130429,0.0,-0.30323418426930443
20130430,0.0,-0.30323418426930443
20130501,0.0,-0.30323418426930443
20130502,0.0,-0.30323418426930443
20130503,0.0,-0.30323418426930443
20130504,0.0,-0.30323418426930443
20130505,0.0,-0.30323418426930443
20130506,0.0,-0.30323418426930443
20130507,0.0,-0.30323418426930443
20130508,0.0,-0.30323418426930443
20130509,0.0,-0.30323418426930443
20130510,0.0,-0.30323418426930443
20130511,0.0,-0.30323418426930443
20130512,0.0,-0.30323418426930443
20130513,0.0,-0.30323418426930443
20130514,0.0,-0.30323418426930443
20130515,0.0,-0.30323418426930443
20130516,0.0,-0.30323418426930443
20130517,0.06,-0.2892164953018583
20130518,0.07,-0.28688021380728396
20130519,3.3,0.46773870894023273
20130520,2.03,0.17103095912928962
20130521,0.0,-0.30323418426930443
20130522,0.0,-0.30323418426930443
20130523,0.0,-0.30323418426930443
20130524,0.0,-0.30323418426930443
20130525,0.0,-0.30323418426930443
20130526,0.0,-0.30323418426930443
20130527,0.0,-0.30323418426930443
20130528,0.0,-0.30323418426930443
20130529,0.0,-0.30323418426930443
20130530,0.0,-0.30323418426930443
20130531,0.0,-0.30323418426930443
20130601,0.0,-0.30323418426930443
20130602,0.0,-0.30323418426930443
20130603,0.0,-0.30323418426930443
20130604,0.0,-0.30323418426930443
20130605,0.0,-0.30323418426930443
20130606,0.0,-0.30323418426930443
20130607,0.0,-0.30323418426930443
20130608,0.0,-0.30323418426930443
20130609,0.0,-0.30323418426930443
20130610,0.0,-0.30323418426930443
20130611,0.0,-0.30323418426930443
20130612,0.0,-0.30323418426930443
20130613,0.0,-0.30323418426930443
20130614,0.0,-0.30323418426930443
20130615,0.0,-0.30323418426930443
20130616,0.0,-0.30323418426930443
20130617,0.0,-0.30323418426930443
20130618,0.0,-0.30323418426930443
20130619,0.0,-0.30323418426930443
20130620,0.0,-0.30323418426930443
20130621,0.0,-0.30323418426930443
20130622,0.0,-0.30323418426930443
20130623,0.0,-0.30323418426930443
20130624,0.0,-0.30323418426930443
20130625,0.0,-0.30323418426930443
20130626,0.0,-0.30323418426930443
20130627,0.0,-0.30323418426930443
20130628,0.0,-0.30323418426930443
20130629,0.0,-0.30323418426930443
20130630,0.0,-0.30323418426930443
20130701,0.0,-0.30323418426930443
20130702,0.0,-0.30323418426930443
20130703,0.0,-0.30323418426930443
20130704,0.0,-0.30323418426930443
20130705,0.0,-0.30323418426930443
20130706,0.0,-0.30323418426930443
20130707,0.0,-0.30323418426930443
20130708,0.0,-0.30323418426930443
20130709,0.0,-0.30323418426930443
20130710,0.0,-0.30323418426930443
20130711,0.0,-0.30323418426930443
20130712,0.0,-0.30323418426930443
20130713,0.0,-0.30323418426930443
20130714,0.0,-0.30323418426930443
20130715,0.0,-0.30323418426930443
20130716,0.0,-0.30323418426930443
20130717,0.0,-0.30323418426930443
20130718,0.0,-0.30323418426930443
20130719,0.0,-0.30323418426930443
20130720,0.0,-0.30323418426930443
20130721,0.0,-0.30323418426930443
20130722,0.0,-0.30323418426930443
20130723,0.0,-0.30323418426930443
20130724,0.0,-0.30323418426930443
20130725,0.0,-0.30323418426930443
20130726,0.0,-0.30323418426930443
20130727,0.0,-0.30323418426930443
20130728,0.0,-0.30323418426930443
20130729,0.0,-0.30323418426930443
20130730,0.0,-0.30323418426930443
20130731,0.0,-0.30323418426930443
20130801,0.0,-0.30323418426930443
20130802,0.0,-0.30323418426930443
20130803,0.0,-0.30323418426930443
20130804,0.0,-0.30323418426930443
20130805,0.0,-0.30323418426930443
20130806,0.0,-0.30323418426930443
20130807,0.0,-0.30323418426930443
20130808,0.0,-0.30323418426930443
20130809,0.0,-0.30323418426930443
20130810,0.0,-0.30323418426930443
20130811,0.0,-0.30323418426930443
20130812,0.0,-0.30323418426930443
20130813,0.0,-0.30323418426930443
20130814,0.0,-0.30323418426930443
20130815,0.0,-0.30323418426930443
20130816,0.0,-0.30323418426930443
20130817,0.0,-0.30323418426930443
20130818,0.0,-0.30323418426930443
20130819,0.0,-0.30323418426930443
20130820,0.0,-0.30323418426930443
20130821,0.0,-0.30323418426930443
20130822,0.0,-0.30323418426930443
20130823,0.0,-0.30323418426930443
20130824,0.0,-0.30323418426930443
20130825,0.0,-0.30323418426930443
20130826,0.0,-0.30323418426930443
20130827,0.0,-0.30323418426930443
20130828,0.0,-0.30323418426930443
20130829,0.0,-0.30323418426930443
20130830,0.0,-0.30323418426930443
20130831,0.0,-0.30323418426930443
20130901,0.0,-0.30323418426930443
20130902,0.0,-0.30323418426930443
20130903,0.0,-0.30323418426930443
20130904,0.0,-0.30323418426930443
20130905,0.0,-0.30323418426930443
20130906,0.0,-0.30323418426930443
20130907,0.0,-0.30323418426930443
20130908,0.0,-0.30323418426930443
20130909,0.0,-0.30323418426930443
20130910,0.0,-0.30323418426930443
20130911,0.0,-0.30323418426930443
20130912,0.0,-0.30323418426930443
20130913,0.0,-0.30323418426930443
20130914,0.0,-0.30323418426930443
20130915,0.0,-0.30323418426930443
20130916,0.0,-0.30323418426930443
20130917,0.0,-0.30323418426930443
20130918,0.0,-0.30323418426930443
20130919,0.01,-0.3008979027747301
20130920,0.0,-0.30323418426930443
20130921,0.0,-0.30323418426930443
20130922,0.0,-0.30323418426930443
20130923,0.0,-0.30323418426930443
20130924,4.1,0.6546412285061811
20130925,10.03,2.0400561547887737
20130926,4.57,0.764446458751176
20130927,0.02,-0.29856162128015573
20130928,0.0,-0.30323418426930443
20130929,0.0,-0.30323418426930443
20130930,0.0,-0.30323418426930443
20131001,0.0,-0.30323418426930443
20131002,0.0,-0.30323418426930443
20131003,0.0,-0.30323418426930443
20131004,0.0,-0.30323418426930443
20131005,0.0,-0.30323418426930443
20131006,0.0,-0.30323418426930443
20131007,0.0,-0.30323418426930443
20131008,0.02,-0.29856162128015573
20131009,0.05,-0.29155277679643266
20131010,0.01,-0.3008979027747301
20131011,0.02,-0.29856162128015573
20131012,0.0,-0.30323418426930443
20131013,0.0,-0.30323418426930443
20131014,0.0,-0.30323418426930443
20131015,0.0,-0.30323418426930443
20131016,0.01,-0.3008979027747301
20131017,0.0,-0.30323418426930443
20131018,0.0,-0.30323418426930443
20131019,0.0,-0.30323418426930443
20131020,0.01,-0.3008979027747301
20131021,0.0,-0.30323418426930443
20131022,0.0,-0.30323418426930443
20131023,0.0,-0.30323418426930443
20131024,0.0,-0.30323418426930443
20131025,0.07,-0.28688021380728396
20131026,0.0,-0.30323418426930443
20131027,0.0,-0.30323418426930443
20131028,0.0,-0.30323418426930443
20131029,0.0,-0.30323418426930443
20131030,0.0,-0.30323418426930443
20131031,0.0,-0.30323418426930443
20131101,0.0,-0.30323418426930443
20131102,0.0,-0.30323418426930443
20131103,0.0,-0.30323418426930443
20131104,0.0,-0.30323418426930443
20131105,0.12,-0.2751988063344121
20131106,0.0,-0.30323418426930443
20131107,0.0,-0.30323418426930443
20131108,0.0,-0.30323418426930443
20131109,0.0,-0.30323418426930443
20131110,0.0,-0.30323418426930443
20131111,0.07,-0.28688021380728396
20131112,0.37,-0.2167917689700533
20131113,0.07,-0.28688021380728396
20131114,0.43,-0.2027740800026072
20131115,0.05,-0.29155277679643266
20131116,0.0,-0.30323418426930443
20131117,0.0,-0.30323418426930443
20131118,0.0,-0.30323418426930443
20131119,0.0,-0.30323418426930443
20131120,0.0,-0.30323418426930443
20131121,0.0,-0.30323418426930443
20131122,0.93,-0.08596000527388939
20131123,0.04,-0.29388905829100703
20131124,1.34,0.009827536003659177
20131125,1.03,-0.06259719032814584
20131126,0.05,-0.29155277679643266
20131127,0.03,-0.29622533978558135
20131128,0.52,-0.18174754655143796
20131129,0.07,-0.28688021380728396
20131130,1.06,-0.05558834584442277
20131201,3.13,0.4280219235324687
20131202,1.34,0.009827536003659177
20131203,0.01,-0.3008979027747301
20131204,0.03,-0.29622533978558135
20131205,0.4,-0.20978292448633024
20131206,3.71,0.5635262502177814
20131207,11.75,2.4418965718555627
20131208,3.56,0.528482027799166
20131209,5.86,1.0658267715512677
20131210,1.35,0.012163817498233533
20131211,0.01,-0.3008979027747301
20131212,0.12,-0.2751988063344121
20131213,0.07,-0.28688021380728396
20131214,1.9,0.14065929969982302
20131215,15.29,3.2689402209348843
20131216,1.1,-0.04624321986612535
20131217,0.0,-0.30323418426930443
20131218,0.81,-0.11399538320878165
20131219,6.63,1.245720446633493
20131220,0.26,-0.2424908654103712
20131221,16.39,3.525931185338064
20131222,12.42,2.598427431992045
20131223,16.92,3.649754104550505
20131224,14.51,3.086710264358085
20131225,0.13,-0.27286252483983786
20131226,1.43,0.03085406945482834
20131227,0.0,-0.30323418426930443
20131228,0.0,-0.30323418426930443
20131229,1.88,0.13598673671067432
20131230,0.05,-0.29155277679643266
20131231,0.02,-0.29856162128015573
20140101,0.62,-0.1583847316056944
20140102,2.2,0.21074774453705375
20140103,1.67,0.08692482532461286
20140104,0.06,-0.2892164953018583
20140105,0.0,-0.30323418426930443
20140106,0.0,-0.30323418426930443
20140107,0.0,-0.30323418426930443
20140108,0.0,-0.30323418426930443
20140109,0.0,-0.30323418426930443
20140110,0.0,-0.30323418426930443
20140111,0.19,-0.2588448358723917
20140112,2.73,0.3345706637494945
20140113,7.11,1.3578619583730622
20140114,2.56,0.2948538783417305
20140115,1.13,-0.03923437538240233
20140116,1.07,-0.053252064349848416
20140117,2.31,0.23644684097737162
20140118,10.91,2.245648926311317
20140119,0.96,-0.07895116079016634
20140120,1.33,0.007491254509084819
20140121,3.42,0.49577408687512503
20140122,3.13,0.4280219235324687
20140123,3.6,0.5378271537774635
20140124,2.08,0.18271236660216145
20140125,1.5,0.04720803991684884
20140126,0.58,-0.16772985758399184
20140127,12.99,2.731595477182783
20140128,4.92,0.8462163110612783
20140129,4.14,0.6639863544844785
20140130,7.17,1.3718796473405082
20140131,1.23,-0.015871560436658754
20140201,2.28,0.2294379964936485
20140202,3.55,0.5261457463045917
20140203,12.23,2.554038083595132
20140204,12.16,2.5376841131331114
20140205,2.08,0.18271236660216145
20140206,0.14,-0.27052624334526343
20140207,0.04,-0.29388905829100703
20140208,0.01,-0.3008979027747301
20140209,0.06,-0.2892164953018583
20140210,3.73,0.56819881320693
20140211,1.75,0.10561507728120773
20140212,1.15,-0.034561812393253614
20140213,0.54,-0.17707498356228926
20140214,0.15,-0.2681899618506891
20140215,0.44,-0.2004377985080328
20140216,0.15,-0.2681899618506891
20140217,0.3,-0.23314573943207378
20140218,0.79,-0.11866794619793038
20140219,0.66,-0.149039605627397
20140220,0.0,-0.30323418426930443
20140221,0.15,-0.2681899618506891
20140222,3.25,0.456057301467361
20140223,3.36,0.4817563979076789
20140224,1.87,0.1336504552161
20140225,10.85,2.231631237343871
20140226,6.38,1.1873134092691342
20140227,8.51,1.6849413676134717
20140228,11.62,2.411524912426096
20140301,0.99,-0.07194231630644328
20140302,2.02,0.16869467763471532
20140303,4.5,0.7480924882891554
20140304,0.0,-0.30323418426930443
20140305,2.94,0.383632575135556
20140306,0.57,-0.17006613907856621
20140307,0.77,-0.12334050918707909
20140308,4.47,0.7410836438054322
20140309,4.13,0.6616500729899042
20140310,2.2,0.21074774453705375
20140311,1.34,0.009827536003659177
20140312,0.0,-0.30323418426930443
20140313,0.28,-0.23781830242122248
20140314,7.84,1.52841050747699
20140315,11.87,2.469931949790455
20140316,6.5,1.2153487872040265
20140317,8.73,1.7363395604941076
20140318,3.25,0.456057301467361
20140319,2.33,0.24111940396652035
20140320,0.02,-0.29856162128015573
20140321,0.06,-0.2892164953018583
20140322,1.5,0.04720803991684884
20140323,17.0,3.6684443565070994
20140324,29.51,6.591132506219617
20140325,2.23,0.21775658902077677
20140326,0.01,-0.3008979027747301
20140327,0.47,-0.19342895402430976
20140328,0.02,-0.29856162128015573
20140329,0.39,-0.21211920598090458
20140330,0.37,-0.2167917689700533
20140331,1.82,0.12196904774322823
20140401,1.49,0.044871758422274484
20140402,0.01,-0.3008979027747301
20140403,0.55,-0.17473870206771489
20140404,1.84,0.12664161073237692
20140405,10.28,2.0984631921531327
20140406,4.25,0.6896854509247965
20140407,1.47,0.04019919543312577
20140408,2.04,0.17336724062386402
20140409,0.18,-0.2611811173669661
20140410,0.0,-0.30323418426930443
20140411,5.4,0.9583578228008475
20140412,9.84,1.995666806391861
20140413,3.46,0.5051192128534224
20140414,3.35,0.47942011641310456
20140415,0.93,-0.08596000527388939
20140416,0.13,-0.27286252483983786
20140417,0.03,-0.29622533978558135
20140418,0.03,-0.29622533978558135
20140419,0.0,-0.30323418426930443
20140420,0.03,-0.29622533978558135
20140421,0.36,-0.21912805046462766
20140422,0.73,-0.13268563516537651
20140423,0.0,-0.30323418426930443
20140424,0.05,-0.29155277679643266
20140425,0.07,-0.28688021380728396
20140426,0.19,-0.2588448358723917
20140427,0.0,-0.30323418426930443
20140428,0.0,-0.30323418426930443
20140429,0.0,-0.30323418426930443
20140430,0.0,-0.30323418426930443
20140501,0.0,-0.30323418426930443
20140502,0.0,-0.30323418426930443
20140503,0.0,-0.30323418426930443
20140504,0.0,-0.30323418426930443
20140505,0.0,-0.30323418426930443
20140506,0.0,-0.30323418426930443
20140507,0.03,-0.29622533978558135
20140508,1.61,0.07290713635716677
20140509,0.0,-0.30323418426930443
20140510,0.25,-0.24482714690494556
20140511,0.0,-0.30323418426930443
20140512,0.0,-0.30323418426930443
20140513,0.0,-0.30323418426930443
20140514,0.0,-0.30323418426930443
20140515,0.0,-0.30323418426930443
20140516,0.0,-0.30323418426930443
20140517,0.0,-0.30323418426930443
20140518,0.06,-0.2892164953018583
20140519,0.0,-0.30323418426930443
20140520,0.0,-0.30323418426930443
20140521,0.0,-0.30323418426930443
20140522,0.0,-0.30323418426930443
20140523,0.0,-0.30323418426930443
20140524,0.0,-0.30323418426930443
20140525,0.0,-0.30323418426930443
20140526,0.0,-0.30323418426930443
20140527,0.0,-0.30323418426930443
20140528,0.0,-0.30323418426930443
20140529,0.0,-0.30323418426930443
20140530,0.0,-0.30323418426930443
20140531,0.0,-0.30323418426930443
20140601,0.0,-0.30323418426930443
20140602,0.0,-0.30323418426930443
20140603,0.0,-0.30323418426930443
20140604,0.0,-0.30323418426930443
20140605,0.0,-0.30323418426930443
20140606,0.0,-0.30323418426930443
20140607,0.0,-0.30323418426930443
20140608,0.0,-0.30323418426930443
20140609,0.0,-0.30323418426930443
20140610,0.0,-0.30323418426930443
20140611,0.0,-0.30323418426930443
20140612,0.0,-0.30323418426930443
20140613,0.0,-0.30323418426930443
20140614,0.0,-0.30323418426930443
20140615,0.0,-0.30323418426930443
20140616,0.0,-0.30323418426930443
20140617,0.0,-0.30323418426930443
20140618,0.0,-0.30323418426930443
20140619,0.0,-0.30323418426930443
20140620,0.0,-0.30323418426930443
20140621,0.0,-0.30323418426930443
20140622,0.0,-0.30323418426930443
20140623,0.0,-0.30323418426930443
20140624,0.0,-0.30323418426930443
20140625,0.0,-0.30323418426930443
20140626,0.0,-0.30323418426930443
20140627,0.0,-0.30323418426930443
20140628,0.0,-0.30323418426930443
20140629,0.0,-0.30323418426930443
20140630,0.0,-0.30323418426930443
20140701,0.0,-0.30323418426930443
20140702,0.0,-0.30323418426930443
20140703,0.0,-0.30323418426930443
20140704,0.0,-0.30323418426930443
20140705,0.0,-0.30323418426930443
20140706,0.0,-0.30323418426930443
20140707,0.0,-0.30323418426930443
20140708,0.0,-0.30323418426930443
20140709,0.0,-0.30323418426930443
20140710,0.0,-0.30323418426930443
20140711,0.0,-0.30323418426930443
20140712,0.0,-0.30323418426930443
20140713,0.0,-0.30323418426930443
20140714,0.0,-0.30323418426930443
20140715,0.0,-0.30323418426930443
20140716,0.0,-0.30323418426930443
20140717,0.0,-0.30323418426930443
20140718,0.0,-0.30323418426930443
20140719,0.0,-0.30323418426930443
20140720,0.0,-0.30323418426930443
20140721,0.0,-0.30323418426930443
20140722,0.0,-0.30323418426930443
20140723,0.0,-0.30323418426930443
20140724,0.0,-0.30323418426930443
20140725,0.0,-0.30323418426930443
20140726,0.0,-0.30323418426930443
20140727,0.0,-0.30323418426930443
20140728,0.0,-0.30323418426930443
20140729,0.0,-0.30323418426930443
20140730,0.0,-0.30323418426930443
20140731,0.0,-0.30323418426930443
20140801,0.0,-0.30323418426930443
20140802,0.0,-0.30323418426930443
20140803,0.0,-0.30323418426930443
20140804,0.0,-0.30323418426930443
20140805,0.0,-0.30323418426930443
20140806,0.0,-0.30323418426930443
20140807,0.0,-0.30323418426930443
20140808,0.0,-0.30323418426930443
20140809,0.0,-0.30323418426930443
20140810,0.0,-0.30323418426930443
20140811,0.0,-0.30323418426930443
20140812,0.0,-0.30323418426930443
20140813,0.0,-0.30323418426930443
20140814,0.0,-0.30323418426930443
20140815,0.05,-0.29155277679643266
20140816,0.0,-0.30323418426930443
20140817,0.01,-0.3008979027747301
20140818,0.01,-0.3008979027747301
20140819,0.0,-0.30323418426930443
20140820,0.0,-0.30323418426930443
20140821,0.0,-0.30323418426930443
20140822,0.0,-0.30323418426930443
20140823,0.0,-0.30323418426930443
20140824,0.0,-0.30323418426930443
20140825,0.0,-0.30323418426930443
20140826,0.0,-0.30323418426930443
20140827,0.0,-0.30323418426930443
20140828,0.0,-0.30323418426930443
20140829,0.0,-0.30323418426930443
20140830,0.0,-0.30323418426930443
20140831,0.0,-0.30323418426930443
20140901,0.0,-0.30323418426930443
20140902,0.0,-0.30323418426930443
20140903,0.0,-0.30323418426930443
20140904,0.0,-0.30323418426930443
20140905,0.0,-0.30323418426930443
20140906,0.0,-0.30323418426930443
20140907,0.0,-0.30323418426930443
20140908,0.0,-0.30323418426930443
20140909,0.0,-0.30323418426930443
20140910,0.0,-0.30323418426930443
20140911,0.0,-0.30323418426930443
20140912,0.0,-0.30323418426930443
20140913,0.75,-0.1280130721762278
20140914,0.27,-0.24015458391579683
20140915,0.01,-0.3008979027747301
20140916,0.01,-0.3008979027747301
20140917,0.02,-0.29856162128015573
20140918,0.0,-0.30323418426930443
20140919,0.0,-0.30323418426930443
20140920,0.0,-0.30323418426930443
20140921,0.0,-0.30323418426930443
20140922,0.11,-0.2775350878289865
20140923,0.04,-0.29388905829100703
20140924,0.0,-0.30323418426930443
20140925,0.03,-0.29622533978558135
20140926,0.04,-0.29388905829100703
20140927,0.16,-0.2658536803561148
20140928,0.0,-0.30323418426930443
20140929,0.0,-0.30323418426930443
20140930,0.0,-0.30323418426930443
20141001,0.0,-0.30323418426930443
20141002,0.0,-0.30323418426930443
20141003,0.0,-0.30323418426930443
20141004,0.0,-0.30323418426930443
20141005,0.32,-0.22847317644292506
20141006,2.49,0.2784999078797101
20141007,0.37,-0.2167917689700533
20141008,0.0,-0.30323418426930443
20141009,0.0,-0.30323418426930443
20141010,0.0,-0.30323418426930443
20141011,0.0,-0.30323418426930443
20141012,28.84,6.434601646083135
20141013,10.25,2.09145434766941
20141014,0.06,-0.2892164953018583
20141015,0.0,-0.30323418426930443
20141016,0.0,-0.30323418426930443
20141017,0.0,-0.30323418426930443
20141018,0.0,-0.30323418426930443
20141019,0.0,-0.30323418426930443
20141020,0.0,-0.30323418426930443
20141021,0.0,-0.30323418426930443
20141022,0.0,-0.30323418426930443
20141023,0.0,-0.30323418426930443
20141024,0.0,-0.30323418426930443
20141025,0.0,-0.30323418426930443
20141026,0.02,-0.29856162128015573
20141027,0.12,-0.2751988063344121
20141028,1.51,0.049544321411423196
20141029,2.35,0.24579196695566904
20141030,0.23,-0.24949970989409428
20141031,1.02,-0.0649334718227202
20141101,0.01,-0.3008979027747301
20141102,0.83,-0.10932282021963297
20141103,0.01,-0.3008979027747301
20141104,0.0,-0.30323418426930443
20141105,0.05,-0.29155277679643266
20141106,0.07,-0.28688021380728396
20141107,0.05,-0.29155277679643266
20141108,1.38,0.019172661981956555
20141109,4.84,0.8275260591046835
20141110,3.93,0.6149244430984172
20141111,1.88,0.13598673671067432
20141112,0.18,-0.2611811173669661
20141113,0.0,-0.30323418426930443
20141114,0.0,-0.30323418426930443
20141115,1.47,0.04019919543312577
20141116,2.34,0.24345568546109464
20141117,0.0,-0.30323418426930443
20141118,0.0,-0.30323418426930443
20141119,0.0,-0.30323418426930443
20141120,0.0,-0.30323418426930443
20141121,0.0,-0.30323418426930443
20141122,0.64,-0.1537121686165457
20141123,0.0,-0.30323418426930443
20141124,0.0,-0.30323418426930443
20141125,0.0,-0.30323418426930443
20141126,0.0,-0.30323418426930443
20141127,0.08,-0.2845439323127096
20141128,0.0,-0.30323418426930443
20141129,0.0,-0.30323418426930443
20141130,0.0,-0.30323418426930443
20141201,0.14,-0.27052624334526343
20141202,1.92,0.14533186268897175
20141203,2.64,0.31354413029832534
20141204,5.86,1.0658267715512677
20141205,5.08,0.8835968149744681
20141206,8.82,1.7573660939452769
20141207,17.73,3.838992905611027
20141208,0.29,-0.23548202092664813
20141209,0.0,-0.30323418426930443
20141210,0.14,-0.27052624334526343
20141211,4.03,0.6382872580441608
20141212,0.04,-0.29388905829100703
20141213,0.12,-0.2751988063344121
20141214,0.06,-0.2892164953018583
20141215,0.0,-0.30323418426930443
20141216,0.07,-0.28688021380728396
20141217,0.11,-0.2775350878289865
20141218,0.1,-0.2798713693235609
20141219,0.06,-0.2892164953018583
20141220,0.09,-0.2822076508181352
20141221,0.25,-0.24482714690494556
20141222,0.01,-0.3008979027747301
20141223,0.0,-0.30323418426930443
20141224,0.01,-0.3008979027747301
20141225,0.04,-0.29388905829100703
20141226,2.38,0.2528008114393921
20141227,0.0,-0.30323418426930443
20141228,0.0,-0.30323418426930443
20141229,0.0,-0.30323418426930443
20141230,0.0,-0.30323418426930443
20141231,0.01,-0.3008979027747301
20150101,0.0,-0.30323418426930443
20150102,0.0,-0.30323418426930443
20150103,0.0,-0.30323418426930443
20150104,0.0,-0.30323418426930443
20150105,0.0,-0.30323418426930443
20150106,0.0,-0.30323418426930443
20150107,0.0,-0.30323418426930443
20150108,2.94,0.383632575135556
20150109,0.31,-0.2308094579374994
20150110,0.34,-0.22380061345377633
20150111,5.08,0.8835968149744681
20150112,1.63,0.07757969934631544
20150113,4.02,0.6359509765495862
20150114,0.88,-0.09764141274676118
20150115,3.18,0.43970333100534054
20150116,0.35,-0.221464331959202
20150117,0.0,-0.30323418426930443
20150118,0.0,-0.30323418426930443
20150119,0.0,-0.30323418426930443
20150120,0.0,-0.30323418426930443
20150121,0.12,-0.2751988063344121
20150122,0.11,-0.2775350878289865
20150123,0.27,-0.24015458391579683
20150124,7.21,1.3812247733188057
20150125,4.96,0.8555614370395758
20150126,5.69,1.0261099861435037
20150127,0.79,-0.11866794619793038
20150128,1.48,0.04253547692770013
20150129,3.59,0.535490872282889
20150130,8.88,1.7713837829127232
20150131,3.9,0.607915598614694
20150201,0.03,-0.29622533978558135
20150202,0.0,-0.30323418426930443
20150203,0.0,-0.30323418426930443
20150204,0.0,-0.30323418426930443
20150205,0.0,-0.30323418426930443
20150206,0.0,-0.30323418426930443
20150207,0.0,-0.30323418426930443
20150208,0.0,-0.30323418426930443
20150209,0.0,-0.30323418426930443
20150210,0.0,-0.30323418426930443
20150211,0.87,-0.09997769424133554
20150212,0.28,-0.23781830242122248
20150213,0.33,-0.2261368949483507
20150214,0.0,-0.30323418426930443
20150215,0.0,-0.30323418426930443
20150216,0.0,-0.30323418426930443
20150217,0.16,-0.2658536803561148
20150218,0.08,-0.2845439323127096
20150219,0.0,-0.30323418426930443
20150220,1.14,-0.03689809388782797
20150221,5.47,0.9747117932628678
20150222,2.91,0.37662373065183297
20150223,2.69,0.3252255377711971
20150224,2.18,0.20607518154790502
20150225,0.42,-0.20511036149718154
20150226,0.0,-0.30323418426930443
20150227,0.0,-0.30323418426930443
20150228,0.0,-0.30323418426930443
20150301,2.83,0.3579334786952381
20150302,0.65,-0.15137588712197134
20150303,5.46,0.9723755117682935
20150304,5.48,0.9770480747574423
20150305,18.82,4.093647588519633
20150306,14.36,3.0516660419394697
20150307,8.43,1.666251115656877
20150308,4.67,0.7878092736969194
20150309,0.81,-0.11399538320878165
20150310,1.91,0.1429955811943974
20150311,0.08,-0.2845439323127096
20150312,0.05,-0.29155277679643266
20150313,0.0,-0.30323418426930443
20150314,0.3,-0.23314573943207378
20150315,0.02,-0.29856162128015573
20150316,1.2,-0.022880404920381826
20150317,2.88,0.36961488616810984
20150318,3.95,0.619597006087566
20150319,0.5,-0.1864201095405867
20150320,3.13,0.4280219235324687
20150321,9.42,1.8975429836197382
20150322,3.53,0.5214731833154429
20150323,78.06,17.933779162378112
20150324,1.28,-0.004190152963786968
20150325,4.26,0.6920217324193708
20150326,0.08,-0.2845439323127096
20150327,7.15,1.3672070843513595
20150328,4.11,0.6569775100007557
20150329,10.84,2.2292949558492965
20150330,1.34,0.009827536003659177
20150331,1.34,0.009827536003659177
20150401,1.04,-0.06026090883357149
20150402,1.97,0.15701327016184352
20150403,2.22,0.21542030752620245
20150404,1.11,-0.04390693837155099
20150405,0.65,-0.15137588712197134
20150406,1.24,-0.013535278942084396
20150407,2.38,0.2528008114393921
20150408,10.77,2.212940985387276
20150409,2.83,0.3579334786952381
20150410,4.05,0.6429598210333094
20150411,0.17,-0.2635173988615404
20150412,0.0,-0.30323418426930443
20150413,0.0,-0.30323418426930443
20150414,0.0,-0.30323418426930443
20150415,0.0,-0.30323418426930443
20150416,0.0,-0.30323418426930443
20150417,0.0,-0.30323418426930443
20150418,0.0,-0.30323418426930443
20150419,0.0,-0.30323418426930443
20150420,0.0,-0.30323418426930443
20150421,0.0,-0.30323418426930443
20150422,0.0,-0.30323418426930443
20150423,0.0,-0.30323418426930443
20150424,0.0,-0.30323418426930443
20150425,0.0,-0.30323418426930443
20150426,0.03,-0.29622533978558135
20150427,0.01,-0.3008979027747301
20150428,0.0,-0.30323418426930443
20150429,0.0,-0.30323418426930443
20150430,0.12,-0.2751988063344121
20150501,5.73,1.0354551121218012
20150502,1.52,0.05188060290599755
20150503,0.01,-0.3008979027747301
20150504,0.0,-0.30323418426930443
20150505,0.0,-0.30323418426930443
20150506,0.0,-0.30323418426930443
20150507,0.0,-0.30323418426930443
20150508,0.0,-0.30323418426930443
20150509,0.0,-0.30323418426930443
20150510,0.0,-0.30323418426930443
20150511,0.0,-0.30323418426930443
20150512,0.0,-0.30323418426930443
20150513,0.0,-0.30323418426930443
20150514,0.0,-0.30323418426930443
20150515,0.0,-0.30323418426930443
20150516,0.0,-0.30323418426930443
20150517,0.0,-0.30323418426930443
20150518,0.0,-0.30323418426930443
20150519,0.0,-0.30323418426930443
20150520,0.0,-0.30323418426930443
20150521,0.0,-0.30323418426930443
20150522,0.0,-0.30323418426930443
20150523,0.0,-0.30323418426930443
20150524,0.0,-0.30323418426930443
20150525,0.0,-0.30323418426930443
20150526,0.0,-0.30323418426930443
20150527,0.0,-0.30323418426930443
20150528,0.0,-0.30323418426930443
20150529,0.0,-0.30323418426930443
20150530,0.0,-0.30323418426930443
20150531,0.0,-0.30323418426930443
20150601,0.0,-0.30323418426930443
20150602,0.79,-0.11866794619793038
20150603,0.0,-0.30323418426930443
20150604,1.05,-0.057924627338997135
20150605,0.0,-0.30323418426930443
20150606,0.0,-0.30323418426930443
20150607,0.0,-0.30323418426930443
20150608,0.0,-0.30323418426930443
20150609,0.0,-0.30323418426930443
20150610,0.0,-0.30323418426930443
20150611,0.0,-0.30323418426930443
20150612,0.0,-0.30323418426930443
20150613,0.0,-0.30323418426930443
20150614,0.0,-0.30323418426930443
20150615,0.0,-0.30323418426930443
20150616,0.0,-0.30323418426930443
20150617,0.0,-0.30323418426930443
20150618,0.0,-0.30323418426930443
20150619,0.0,-0.30323418426930443
20150620,0.0,-0.30323418426930443
20150621,0.0,-0.30323418426930443
20150622,0.0,-0.30323418426930443
20150623,0.0,-0.30323418426930443
20150624,0.0,-0.30323418426930443
20150625,0.0,-0.30323418426930443
20150626,0.0,-0.30323418426930443
20150627,0.0,-0.30323418426930443
20150628,0.0,-0.30323418426930443
20150629,0.0,-0.30323418426930443
20150630,0.0,-0.30323418426930443
20150701,0.0,-0.30323418426930443
20150702,0.0,-0.30323418426930443
20150703,0.0,-0.30323418426930443
20150704,0.0,-0.30323418426930443
20150705,0.0,-0.30323418426930443
20150706,0.0,-0.30323418426930443
20150707,0.0,-0.30323418426930443
20150708,0.0,-0.30323418426930443
20150709,0.0,-0.30323418426930443
20150710,0.0,-0.30323418426930443
20150711,0.0,-0.30323418426930443
20150712,0.0,-0.30323418426930443
20150713,0.0,-0.30323418426930443
20150714,0.0,-0.30323418426930443
20150715,0.0,-0.30323418426930443
20150716,0.0,-0.30323418426930443
20150717,0.0,-0.30323418426930443
20150718,0.0,-0.30323418426930443
20150719,0.0,-0.30323418426930443
20150720,0.0,-0.30323418426930443
20150721,0.0,-0.30323418426930443
20150722,0.0,-0.30323418426930443
20150723,0.0,-0.30323418426930443
20150724,0.0,-0.30323418426930443
20150725,0.0,-0.30323418426930443
20150726,0.0,-0.30323418426930443
20150727,0.0,-0.30323418426930443
20150728,0.0,-0.30323418426930443
20150729,0.0,-0.30323418426930443
20150730,0.0,-0.30323418426930443
20150731,0.0,-0.30323418426930443
20150801,0.0,-0.30323418426930443
20150802,0.0,-0.30323418426930443
20150803,0.0,-0.30323418426930443
20150804,0.0,-0.30323418426930443
20150805,0.0,-0.30323418426930443
20150806,0.0,-0.30323418426930443
20150807,0.0,-0.30323418426930443
20150808,0.0,-0.30323418426930443
20150809,0.0,-0.30323418426930443
20150810,0.0,-0.30323418426930443
20150811,0.0,-0.30323418426930443
20150812,0.0,-0.30323418426930443
20150813,0.0,-0.30323418426930443
20150814,0.0,-0.30323418426930443
20150815,0.0,-0.30323418426930443
20150816,0.0,-0.30323418426930443
20150817,0.0,-0.30323418426930443
20150818,0.0,-0.30323418426930443
20150819,0.0,-0.30323418426930443
20150820,0.0,-0.30323418426930443
20150821,0.0,-0.30323418426930443
20150822,0.0,-0.30323418426930443
20150823,0.02,-0.29856162128015573
20150824,0.14,-0.27052624334526343
20150825,0.2,-0.25650855437781733
20150826,0.01,-0.3008979027747301
20150827,0.0,-0.30323418426930443
20150828,0.0,-0.30323418426930443
20150829,0.0,-0.30323418426930443
20150830,0.0,-0.30323418426930443
20150831,0.0,-0.30323418426930443
20150901,0.0,-0.30323418426930443
20150902,0.0,-0.30323418426930443
20150903,0.0,-0.30323418426930443
20150904,0.0,-0.30323418426930443
20150905,0.0,-0.30323418426930443
20150906,0.0,-0.30323418426930443
20150907,0.0,-0.30323418426930443
20150908,0.0,-0.30323418426930443
20150909,0.0,-0.30323418426930443
20150910,0.0,-0.30323418426930443
20150911,0.0,-0.30323418426930443
20150912,0.0,-0.30323418426930443
20150913,0.0,-0.30323418426930443
20150914,0.0,-0.30323418426930443
20150915,0.0,-0.30323418426930443
20150916,0.0,-0.30323418426930443
20150917,0.0,-0.30323418426930443
20150918,0.0,-0.30323418426930443
20150919,0.0,-0.30323418426930443
20150920,0.0,-0.30323418426930443
20150921,0.0,-0.30323418426930443
20150922,0.0,-0.30323418426930443
20150923,0.0,-0.30323418426930443
20150924,0.0,-0.30323418426930443
20150925,0.0,-0.30323418426930443
20150926,0.01,-0.3008979027747301
20150927,0.0,-0.30323418426930443
20150928,0.0,-0.30323418426930443
20150929,0.0,-0.30323418426930443
20150930,0.0,-0.30323418426930443
20151001,0.0,-0.30323418426930443
20151002,0.0,-0.30323418426930443
20151003,0.0,-0.30323418426930443
20151004,0.01,-0.3008979027747301
20151005,0.93,-0.08596000527388939
20151006,0.11,-0.2775350878289865
20151007,0.0,-0.30323418426930443
20151008,0.0,-0.30323418426930443
20151009,0.0,-0.30323418426930443
20151010,0.0,-0.30323418426930443
20151011,0.0,-0.30323418426930443
20151012,0.0,-0.30323418426930443
20151013,0.0,-0.30323418426930443
20151014,0.0,-0.30323418426930443
20151015,0.0,-0.30323418426930443
20151016,0.0,-0.30323418426930443
20151017,0.0,-0.30323418426930443
20151018,0.0,-0.30323418426930443
20151019,0.21,-0.254172272883243
20151020,0.38,-0.21445548747547893
20151021,0.0,-0.30323418426930443
20151022,0.0,-0.30323418426930443
20151023,0.0,-0.30323418426930443
20151024,0.0,-0.30323418426930443
20151025,0.0,-0.30323418426930443
20151026,0.0,-0.30323418426930443
20151027,0.15,-0.2681899618506891
20151028,0.1,-0.2798713693235609
20151029,0.03,-0.29622533978558135
20151030,0.0,-0.30323418426930443
20151031,0.0,-0.30323418426930443
20151101,0.0,-0.30323418426930443
20151102,0.0,-0.30323418426930443
20151103,0.0,-0.30323418426930443
20151104,0.0,-0.30323418426930443
20151105,16.44,3.5376125928109357
20151106,1.32,0.005154973014510462
20151107,0.0,-0.30323418426930443
20151108,0.0,-0.30323418426930443
20151109,0.0,-0.30323418426930443
20151110,0.76,-0.12567679068165344
20151111,0.05,-0.29155277679643266
20151112,0.0,-0.30323418426930443
20151113,0.0,-0.30323418426930443
20151114,0.0,-0.30323418426930443
20151115,0.0,-0.30323418426930443
20151116,0.0,-0.30323418426930443
20151117,0.0,-0.30323418426930443
20151118,0.0,-0.30323418426930443
20151119,0.0,-0.30323418426930443
20151120,0.0,-0.30323418426930443
20151121,0.0,-0.30323418426930443
20151122,0.0,-0.30323418426930443
20151123,0.0,-0.30323418426930443
20151124,0.0,-0.30323418426930443
20151125,0.0,-0.30323418426930443
20151126,0.0,-0.30323418426930443
20151127,0.0,-0.30323418426930443
20151128,0.42,-0.20511036149718154
20151129,0.06,-0.2892164953018583
20151130,0.22,-0.25183599138866863
20151201,6.4,1.191985972258283
20151202,0.02,-0.29856162128015573
20151203,0.07,-0.28688021380728396
20151204,4.38,0.7200571103542631
20151205,4.17,0.6709951989682017
20151206,2.37,0.25046452994481777
20151207,3.21,0.44671217548906356
20151208,21.46,4.710425903087263
20151209,1.72,0.09860623279748465
20151210,0.83,-0.10932282021963297
20151211,0.65,-0.15137588712197134
20151212,0.0,-0.30323418426930443
20151213,0.0,-0.30323418426930443
20151214,0.0,-0.30323418426930443
20151215,0.0,-0.30323418426930443
20151216,0.0,-0.30323418426930443
20151217,0.01,-0.3008979027747301
20151218,3.82,0.5892253466580992
20151219,3.07,0.41400423456502256
20151220,0.01,-0.3008979027747301
20151221,0.03,-0.29622533978558135
20151222,0.0,-0.30323418426930443
20151223,0.8,-0.11633166470335601
20151224,0.21,-0.254172272883243
20151225,3.85,0.5962341911418223
20151226,2.58,0.29952644133087925
20151227,6.91,1.3111363284815751
20151228,3.01,0.3999865455975764
20151229,1.0,-0.06960603481186892
20151230,1.7,0.09393366980833594
20151231,0.29,-0.23548202092664813
20160101,1.82,0.12196904774322823
20160102,1.83,0.12430532923780258
20160103,0.0,-0.30323418426930443
20160104,0.07,-0.28688021380728396
20160105,0.04,-0.29388905829100703
20160106,0.0,-0.30323418426930443
20160107,0.03,-0.29622533978558135
20160108,0.97,-0.07661487929559199
20160109,0.41,-0.2074466429917559
20160110,4.05,0.6429598210333094
20160111,0.02,-0.29856162128015573
20160112,0.01,-0.3008979027747301
20160113,0.0,-0.30323418426930443
20160114,0.0,-0.30323418426930443
20160115,0.37,-0.2167917689700533
20160116,3.32,0.4724112719293814
20160117,25.94,5.757080012656573
20160118,7.31,1.404587588264549
20160119,21.34,4.682390525152369
20160120,47.59,10.815129448410053
20160121,16.05,3.446497614522536
20160122,0.0,-0.30323418426930443
20160123,0.01,-0.3008979027747301
20160124,0.0,-0.30323418426930443
20160125,0.0,-0.30323418426930443
20160126,0.0,-0.30323418426930443
20160127,0.0,-0.30323418426930443
20160128,0.13,-0.27286252483983786
20160129,0.47,-0.19342895402430976
20160130,3.26,0.45839358296193533
20160131,0.02,-0.29856162128015573
20160201,1.92,0.14533186268897175
20160202,2.94,0.383632575135556
20160203,14.96,3.191842931613931
20160204,6.06,1.1125524014427548
20160205,0.06,-0.2892164953018583
20160206,0.04,-0.29388905829100703
20160207,0.19,-0.2588448358723917
20160208,0.0,-0.30323418426930443
20160209,0.0,-0.30323418426930443
20160210,0.0,-0.30323418426930443
20160211,0.0,-0.30323418426930443
20160212,0.0,-0.30323418426930443
20160213,0.0,-0.30323418426930443
20160214,0.0,-0.30323418426930443
20160215,0.02,-0.29856162128015573
20160216,1.4,0.023845224971105267
20160217,8.17,1.6055077967979436
20160218,3.66,0.5518448427449096
20160219,2.79,0.34858835271694066
20160220,0.34,-0.22380061345377633
20160221,0.07,-0.28688021380728396
20160222,3.26,0.45839358296193533
20160223,6.6,1.23871160214977
20160224,0.97,-0.07661487929559199
20160225,4.14,0.6639863544844785
20160226,0.04,-0.29388905829100703
20160227,0.0,-0.30323418426930443
20160228,0.0,-0.30323418426930443
20160229,0.12,-0.2751988063344121
20160301,0.0,-0.30323418426930443
20160302,0.02,-0.29856162128015573
20160303,1.87,0.1336504552161
20160304,0.01,-0.3008979027747301
20160305,4.42,0.7294022363325605
20160306,25.79,5.722035790237958
20160307,1.7,0.09393366980833594
20160308,0.0,-0.30323418426930443
20160309,0.0,-0.30323418426930443
20160310,0.0,-0.30323418426930443
20160311,0.0,-0.30323418426930443
20160312,0.02,-0.29856162128015573
20160313,0.48,-0.19109267252973539
20160314,0.23,-0.24949970989409428
20160315,21.54,4.729116155043857
20160316,27.57,6.137893896272193
20160317,0.04,-0.29388905829100703
20160318,0.0,-0.30323418426930443
20160319,0.0,-0.30323418426930443
20160320,0.0,-0.30323418426930443
20160321,0.0,-0.30323418426930443
20160322,0.0,-0.30323418426930443
20160323,0.0,-0.30323418426930443
20160324,0.29,-0.23548202092664813
20160325,0.75,-0.1280130721762278
20160326,0.0,-0.30323418426930443
20160327,0.0,-0.30323418426930443
20160328,0.0,-0.30323418426930443
20160329,0.0,-0.30323418426930443
20160330,0.01,-0.3008979027747301
20160331,0.75,-0.1280130721762278
20160401,0.0,-0.30323418426930443
20160402,0.0,-0.30323418426930443
20160403,0.43,-0.2027740800026072
20160404,0.02,-0.29856162128015573
20160405,0.06,-0.2892164953018583
20160406,0.13,-0.27286252483983786
20160407,0.06,-0.2892164953018583
20160408,0.72,-0.13502191665995086
20160409,0.0,-0.30323418426930443
20160410,0.0,-0.30323418426930443
20160411,0.0,-0.30323418426930443
20160412,0.0,-0.30323418426930443
20160413,0.0,-0.30323418426930443
20160414,0.0,-0.30323418426930443
20160415,0.0,-0.30323418426930443
20160416,0.0,-0.30323418426930443
20160417,0.04,-0.29388905829100703
20160418,0.07,-0.28688021380728396
20160419,1.27,-0.006526434458361325
20160420,5.73,1.0354551121218012
20160421,0.86,-0.10231397573590989
20160422,0.0,-0.30323418426930443
20160423,0.0,-0.30323418426930443
20160424,0.0,-0.30323418426930443
20160425,0.1,-0.2798713693235609
20160426,0.29,-0.23548202092664813
20160427,0.04,-0.29388905829100703
20160428,0.19,-0.2588448358723917
20160429,2.16,0.20140261855875632
20160430,0.0,-0.30323418426930443
20160501,0.0,-0.30323418426930443
20160502,0.0,-0.30323418426930443
20160503,0.0,-0.30323418426930443
20160504,0.0,-0.30323418426930443
20160505,0.0,-0.30323418426930443
20160506,0.0,-0.30323418426930443
20160507,1.65,0.08225226233546415
20160508,0.31,-0.2308094579374994
20160509,0.05,-0.29155277679643266
20160510,0.15,-0.2681899618506891
20160511,0.01,-0.3008979027747301
20160512,0.0,-0.30323418426930443
20160513,0.0,-0.30323418426930443
20160514,0.0,-0.30323418426930443
20160515,0.0,-0.30323418426930443
20160516,0.0,-0.30323418426930443
20160517,0.0,-0.30323418426930443
20160518,0.0,-0.30323418426930443
20160519,0.0,-0.30323418426930443
20160520,0.0,-0.30323418426930443
20160521,0.0,-0.30323418426930443
20160522,0.0,-0.30323418426930443
20160523,0.0,-0.30323418426930443
20160524,0.0,-0.30323418426930443
20160525,0.0,-0.30323418426930443
20160526,0.0,-0.30323418426930443
20160527,0.0,-0.30323418426930443
20160528,0.0,-0.30323418426930443
20160529,0.0,-0.30323418426930443
20160530,0.0,-0.30323418426930443
20160531,0.0,-0.30323418426930443
20160601,0.0,-0.30323418426930443
20160602,0.0,-0.30323418426930443
20160603,0.0,-0.30323418426930443
20160604,0.0,-0.30323418426930443
20160605,0.0,-0.30323418426930443
20160606,1.93,0.1476681441835461
20160607,22.04,4.845930229772574
20160608,2.88,0.36961488616810984
20160609,1.18,-0.02755296790953054
20160610,0.0,-0.30323418426930443
20160611,0.0,-0.30323418426930443
20160612,0.0,-0.30323418426930443
20160613,0.0,-0.30323418426930443
20160614,0.0,-0.30323418426930443
20160615,0.0,-0.30323418426930443
20160616,0.0,-0.30323418426930443
20160617,0.0,-0.30323418426930443
20160618,0.0,-0.30323418426930443
20160619,0.0,-0.30323418426930443
20160620,0.0,-0.30323418426930443
20160621,0.0,-0.30323418426930443
20160622,0.0,-0.30323418426930443
20160623,0.0,-0.30323418426930443
20160624,0.0,-0.30323418426930443
20160625,0.0,-0.30323418426930443
20160626,0.0,-0.30323418426930443
20160627,0.0,-0.30323418426930443
20160628,0.0,-0.30323418426930443
20160629,0.0,-0.30323418426930443
20160630,0.0,-0.30323418426930443
20160701,0.0,-0.30323418426930443
20160702,0.0,-0.30323418426930443
20160703,0.0,-0.30323418426930443
20160704,0.0,-0.30323418426930443
20160705,0.0,-0.30323418426930443
20160706,0.0,-0.30323418426930443
20160707,0.0,-0.30323418426930443
20160708,0.0,-0.30323418426930443
20160709,0.0,-0.30323418426930443
20160710,0.0,-0.30323418426930443
20160711,0.0,-0.30323418426930443
20160712,0.0,-0.30323418426930443
20160713,0.0,-0.30323418426930443
20160714,0.0,-0.30323418426930443
20160715,0.0,-0.30323418426930443
20160716,0.0,-0.30323418426930443
20160717,0.0,-0.30323418426930443
20160718,0.0,-0.30323418426930443
20160719,0.0,-0.30323418426930443
20160720,0.0,-0.30323418426930443
20160721,0.0,-0.30323418426930443
20160722,0.0,-0.30323418426930443
20160723,0.0,-0.30323418426930443
20160724,0.0,-0.30323418426930443
20160725,0.0,-0.30323418426930443
20160726,0.0,-0.30323418426930443
20160727,0.0,-0.30323418426930443
20160728,0.0,-0.30323418426930443
20160729,0.0,-0.30323418426930443
20160730,0.0,-0.30323418426930443
20160731,0.0,-0.30323418426930443
20160801,0.0,-0.30323418426930443
20160802,0.0,-0.30323418426930443
20160803,0.0,-0.30323418426930443
20160804,0.0,-0.30323418426930443
20160805,0.0,-0.30323418426930443
20160806,0.0,-0.30323418426930443
20160807,0.0,-0.30323418426930443
20160808,0.0,-0.30323418426930443
20160809,0.0,-0.30323418426930443
20160810,0.0,-0.30323418426930443
20160811,0.0,-0.30323418426930443
20160812,0.0,-0.30323418426930443
20160813,0.0,-0.30323418426930443
20160814,0.0,-0.30323418426930443
20160815,0.0,-0.30323418426930443
20160816,0.0,-0.30323418426930443
20160817,0.0,-0.30323418426930443
20160818,0.0,-0.30323418426930443
20160819,0.0,-0.30323418426930443
20160820,0.0,-0.30323418426930443
20160821,0.0,-0.30323418426930443
20160822,0.0,-0.30323418426930443
20160823,0.0,-0.30323418426930443
20160824,0.0,-0.30323418426930443
20160825,0.0,-0.30323418426930443
20160826,0.0,-0.30323418426930443
20160827,0.0,-0.30323418426930443
20160828,0.0,-0.30323418426930443
20160829,0.0,-0.30323418426930443
20160830,0.0,-0.30323418426930443
20160831,0.0,-0.30323418426930443
20160901,0.0,-0.30323418426930443
20160902,0.0,-0.30323418426930443
20160903,0.0,-0.30323418426930443
20160904,0.0,-0.30323418426930443
20160905,0.0,-0.30323418426930443
20160906,0.0,-0.30323418426930443
20160907,0.0,-0.30323418426930443
20160908,0.0,-0.30323418426930443
20160909,0.0,-0.30323418426930443
20160910,0.0,-0.30323418426930443
20160911,0.0,-0.30323418426930443
20160912,0.0,-0.30323418426930443
20160913,0.0,-0.30323418426930443
20160914,0.0,-0.30323418426930443
20160915,0.0,-0.30323418426930443
20160916,0.0,-0.30323418426930443
20160917,0.0,-0.30323418426930443
20160918,0.0,-0.30323418426930443
20160919,0.0,-0.30323418426930443
20160920,0.0,-0.30323418426930443
20160921,0.0,-0.30323418426930443
20160922,0.0,-0.30323418426930443
20160923,0.0,-0.30323418426930443
20160924,0.0,-0.30323418426930443
20160925,0.0,-0.30323418426930443
20160926,0.0,-0.30323418426930443
20160927,0.0,-0.30323418426930443
20160928,0.0,-0.30323418426930443
20160929,0.0,-0.30323418426930443
20160930,0.0,-0.30323418426930443
20161001,0.0,-0.30323418426930443
20161002,0.0,-0.30323418426930443
20161003,0.0,-0.30323418426930443
20161004,0.0,-0.30323418426930443
20161005,0.0,-0.30323418426930443
20161006,0.0,-0.30323418426930443
20161007,0.0,-0.30323418426930443
20161008,0.0,-0.30323418426930443
20161009,0.0,-0.30323418426930443
20161010,0.0,-0.30323418426930443
20161011,0.0,-0.30323418426930443
20161012,0.0,-0.30323418426930443
20161013,0.0,-0.30323418426930443
20161014,0.0,-0.30323418426930443
20161015,0.0,-0.30323418426930443
20161016,0.0,-0.30323418426930443
20161017,0.0,-0.30323418426930443
20161018,0.0,-0.30323418426930443
20161019,0.0,-0.30323418426930443
20161020,0.0,-0.30323418426930443
20161021,0.0,-0.30323418426930443
20161022,0.0,-0.30323418426930443
20161023,0.0,-0.30323418426930443
20161024,0.0,-0.30323418426930443
20161025,0.0,-0.30323418426930443
20161026,0.0,-0.30323418426930443
20161027,0.2,-0.25650855437781733
20161028,0.01,-0.3008979027747301
20161029,0.0,-0.30323418426930443
20161030,0.0,-0.30323418426930443
20161031,0.0,-0.30323418426930443
20161101,0.0,-0.30323418426930443
20161102,0.11,-0.2775350878289865
20161103,0.08,-0.2845439323127096
20161104,0.32,-0.22847317644292506
20161105,7.02,1.3368354249218928
20161106,0.22,-0.25183599138866863
20161107,16.92,3.649754104550505
20161108,0.01,-0.3008979027747301
20161109,0.03,-0.29622533978558135
20161110,0.0,-0.30323418426930443
20161111,0.0,-0.30323418426930443
20161112,0.0,-0.30323418426930443
20161113,0.0,-0.30323418426930443
20161114,0.0,-0.30323418426930443
20161115,0.0,-0.30323418426930443
20161116,0.0,-0.30323418426930443
20161117,0.0,-0.30323418426930443
20161118,0.0,-0.30323418426930443
20161119,0.0,-0.30323418426930443
20161120,0.01,-0.3008979027747301
20161121,19.15,4.170744877840586
20161122,13.45,2.839064425933203
20161123,0.22,-0.25183599138866863
20161124,0.03,-0.29622533978558135
20161125,0.05,-0.29155277679643266
20161126,0.0,-0.30323418426930443
20161127,0.02,-0.29856162128015573
20161128,0.04,-0.29388905829100703
20161129,0.0,-0.30323418426930443
20161130,0.0,-0.30323418426930443
20161201,0.0,-0.30323418426930443
20161202,0.0,-0.30323418426930443
20161203,0.11,-0.2775350878289865
20161204,0.0,-0.30323418426930443
20161205,0.02,-0.29856162128015573
20161206,0.2,-0.25650855437781733
20161207,0.05,-0.29155277679643266
20161208,0.19,-0.2588448358723917
20161209,0.0,-0.30323418426930443
20161210,0.0,-0.30323418426930443
20161211,0.0,-0.30323418426930443
20161212,0.68,-0.14436704263824826
20161213,20.32,4.444089812705786
20161214,10.35,2.1148171626151533
20161215,1.14,-0.03689809388782797
20161216,0.07,-0.28688021380728396
20161217,0.9,-0.09296884975761247
20161218,1.06,-0.05558834584442277
20161219,0.16,-0.2658536803561148
20161220,0.5,-0.1864201095405867
20161221,0.0,-0.30323418426930443
20161222,0.01,-0.3008979027747301
20161223,13.63,2.881117492835542
20161224,4.99,0.8625702815232988
20161225,0.43,-0.2027740800026072
20161226,0.19,-0.2588448358723917
20161227,0.0,-0.30323418426930443
20161228,0.0,-0.30323418426930443
20161229,0.0,-0.30323418426930443
20161230,0.98,-0.07427859780101763
20161231,0.09,-0.2822076508181352
20170101,22.75,5.011806215887354
20170102,60.41,13.810242324454375
20170103,4.65,0.7831367107077708
20170104,0.98,-0.07427859780101763
20170105,1.32,0.005154973014510462
20170106,0.45,-0.19810151701345846
20170107,1.06,-0.05558834584442277
20170108,0.0,-0.30323418426930443
20170109,0.03,-0.29622533978558135
20170110,0.91,-0.0906325682630381
20170111,2.36,0.24812824845024337
20170112,1.38,0.019172661981956555
20170113,3.61,0.5401634352720378
20170114,0.85,-0.10465025723048425
20170115,0.01,-0.3008979027747301
20170116,0.52,-0.18174754655143796
20170117,0.15,-0.2681899618506891
20170118,4.92,0.8462163110612783
20170119,0.0,-0.30323418426930443
20170120,0.01,-0.3008979027747301
20170121,0.31,-0.2308094579374994
20170122,0.3,-0.23314573943207378
20170123,0.32,-0.22847317644292506
20170124,12.42,2.598427431992045
20170125,15.7,3.364727762212433
20170126,13.71,2.899807744792137
20170127,0.6,-0.16305729459484314
20170128,0.02,-0.29856162128015573
20170129,0.62,-0.1583847316056944
20170130,0.01,-0.3008979027747301
20170131,0.0,-0.30323418426930443
20170201,3.46,0.5051192128534224
20170202,5.61,1.0074197341869089
20170203,8.5,1.6826050861188975
20170204,0.55,-0.17473870206771489
20170205,0.06,-0.2892164953018583
20170206,0.24,-0.2471634283995199
20170207,0.71,-0.13735819815452524
20170208,2.77,0.34391578972779197
20170209,2.63,0.31120784880375096
20170210,1.38,0.019172661981956555
20170211,1.66,0.0845885438300385
20170212,1.93,0.1476681441835461
20170213,2.91,0.37662373065183297
20170214,0.86,-0.10231397573590989
20170215,0.16,-0.2658536803561148
20170216,0.45,-0.19810151701345846
20170217,2.42,0.2621459374176895
20170218,4.26,0.6920217324193708
20170219,12.12,2.528338987154814
20170220,1.92,0.14533186268897175
20170221,0.95,-0.0812874422847407
20170222,0.0,-0.30323418426930443
20170223,0.0,-0.30323418426930443
20170224,0.0,-0.30323418426930443
20170225,0.0,-0.30323418426930443
20170226,0.25,-0.24482714690494556
20170227,0.44,-0.2004377985080328
20170228,0.56,-0.17240242057314054
20170301,1.33,0.007491254509084819
20170302,4.62,0.7761278662240477
20170303,2.99,0.3953139826084278
20170304,16.39,3.525931185338064
20170305,0.76,-0.12567679068165344
20170306,1.19,-0.025216686414956183
20170307,0.18,-0.2611811173669661
20170308,3.88,0.6032430356255454
20170309,0.57,-0.17006613907856621
20170310,0.0,-0.30323418426930443
20170311,0.01,-0.3008979027747301
20170312,0.01,-0.3008979027747301
20170313,0.0,-0.30323418426930443
20170314,2.86,0.36494232317896114
20170315,0.01,-0.3008979027747301
20170316,0.24,-0.2471634283995199
20170317,0.46,-0.1957652355188841
20170318,0.25,-0.24482714690494556
20170319,0.02,-0.29856162128015573
20170320,0.06,-0.2892164953018583
20170321,0.27,-0.24015458391579683
20170322,1.52,0.05188060290599755
20170323,4.34,0.7107119843759657
20170324,0.29,-0.23548202092664813
20170325,0.34,-0.22380061345377633
20170326,0.29,-0.23548202092664813
20170327,0.0,-0.30323418426930443
20170328,0.0,-0.30323418426930443
20170329,0.0,-0.30323418426930443
20170330,0.0,-0.30323418426930443
20170331,0.0,-0.30323418426930443
20170401,0.0,-0.30323418426930443
20170402,0.0,-0.30323418426930443
20170403,0.0,-0.30323418426930443
20170404,0.0,-0.30323418426930443
20170405,0.0,-0.30323418426930443
20170406,0.0,-0.30323418426930443
20170407,0.0,-0.30323418426930443
20170408,2.77,0.34391578972779197
20170409,19.98,4.364656241890257
20170410,6.19,1.1429240608722215
20170411,0.31,-0.2308094579374994
20170412,43.99,9.974068110363286
20170413,1.76,0.10795135877578207
20170414,0.0,-0.30323418426930443
20170415,0.68,-0.14436704263824826
20170416,7.0,1.3321628619327441
20170417,23.45,5.175345920507558
20170418,3.87,0.600906754130971
20170419,24.35,5.385611255019251
20170420,10.37,2.1194897256043017
20170421,7.2,1.3788884918242315
20170422,2.15,0.19906633706418192
20170423,0.88,-0.09764141274676118
20170424,0.34,-0.22380061345377633
20170425,0.35,-0.221464331959202
20170426,0.28,-0.23781830242122248
20170427,0.08,-0.2845439323127096
20170428,0.0,-0.30323418426930443
20170429,0.01,-0.3008979027747301
20170430,0.0,-0.30323418426930443
20170501,0.0,-0.30323418426930443
20170502,0.0,-0.30323418426930443
20170503,0.0,-0.30323418426930443
20170504,0.0,-0.30323418426930443
20170505,0.0,-0.30323418426930443
20170506,0.21,-0.254172272883243
20170507,0.02,-0.29856162128015573
20170508,0.0,-0.30323418426930443
20170509,0.02,-0.29856162128015573
20170510,7.34,1.4115964327482722
20170511,0.05,-0.29155277679643266
20170512,0.01,-0.3008979027747301
20170513,0.0,-0.30323418426930443
20170514,0.0,-0.30323418426930443
20170515,0.0,-0.30323418426930443
20170516,0.0,-0.30323418426930443
20170517,0.0,-0.30323418426930443
20170518,0.0,-0.30323418426930443
20170519,0.0,-0.30323418426930443
20170520,0.0,-0.30323418426930443
20170521,0.0,-0.30323418426930443
20170522,0.0,-0.30323418426930443
20170523,0.0,-0.30323418426930443
20170524,0.0,-0.30323418426930443
20170525,0.0,-0.30323418426930443
20170526,0.0,-0.30323418426930443
20170527,0.0,-0.30323418426930443
20170528,0.0,-0.30323418426930443
20170529,0.0,-0.30323418426930443
20170530,0.0,-0.30323418426930443
20170531,0.0,-0.30323418426930443
20170601,0.0,-0.30323418426930443
20170602,0.0,-0.30323418426930443
20170603,0.0,-0.30323418426930443
20170604,0.0,-0.30323418426930443
20170605,0.0,-0.30323418426930443
20170606,0.01,-0.3008979027747301
20170607,0.0,-0.30323418426930443
20170608,0.0,-0.30323418426930443
20170609,0.0,-0.30323418426930443
20170610,0.0,-0.30323418426930443
20170611,0.0,-0.30323418426930443
20170612,0.0,-0.30323418426930443
20170613,0.0,-0.30323418426930443
20170614,0.0,-0.30323418426930443
20170615,0.0,-0.30323418426930443
20170616,0.0,-0.30323418426930443
20170617,0.0,-0.30323418426930443
20170618,0.0,-0.30323418426930443
20170619,0.0,-0.30323418426930443
20170620,0.0,-0.30323418426930443
20170621,0.0,-0.30323418426930443
20170622,0.0,-0.30323418426930443
20170623,0.0,-0.30323418426930443
20170624,0.0,-0.30323418426930443
20170625,0.0,-0.30323418426930443
20170626,0.0,-0.30323418426930443
20170627,0.0,-0.30323418426930443
20170628,0.0,-0.30323418426930443
20170629,0.0,-0.30323418426930443
20170630,0.0,-0.30323418426930443
20170701,0.0,-0.30323418426930443
20170702,0.0,-0.30323418426930443
20170703,0.0,-0.30323418426930443
20170704,0.0,-0.30323418426930443
20170705,0.0,-0.30323418426930443
20170706,0.0,-0.30323418426930443
20170707,0.0,-0.30323418426930443
20170708,0.0,-0.30323418426930443
20170709,0.0,-0.30323418426930443
20170710,0.0,-0.30323418426930443
20170711,0.0,-0.30323418426930443
20170712,0.0,-0.30323418426930443
20170713,0.0,-0.30323418426930443
20170714,0.0,-0.30323418426930443
20170715,0.0,-0.30323418426930443
20170716,0.0,-0.30323418426930443
20170717,0.0,-0.30323418426930443
20170718,0.0,-0.30323418426930443
20170719,0.0,-0.30323418426930443
20170720,0.0,-0.30323418426930443
20170721,0.0,-0.30323418426930443
20170722,0.0,-0.30323418426930443
20170723,0.0,-0.30323418426930443
20170724,0.0,-0.30323418426930443
20170725,0.0,-0.30323418426930443
20170726,0.0,-0.30323418426930443
20170727,0.0,-0.30323418426930443
20170728,0.0,-0.30323418426930443
20170729,0.0,-0.30323418426930443
20170730,0.0,-0.30323418426930443
20170731,0.0,-0.30323418426930443
20170801,0.0,-0.30323418426930443
20170802,0.0,-0.30323418426930443
20170803,0.0,-0.30323418426930443
20170804,0.0,-0.30323418426930443
20170805,0.0,-0.30323418426930443
20170806,0.0,-0.30323418426930443
20170807,0.0,-0.30323418426930443
20170808,0.0,-0.30323418426930443
20170809,0.0,-0.30323418426930443
20170810,0.0,-0.30323418426930443
20170811,0.0,-0.30323418426930443
20170812,0.0,-0.30323418426930443
20170813,0.0,-0.30323418426930443
20170814,0.0,-0.30323418426930443
20170815,0.0,-0.30323418426930443
20170816,0.0,-0.30323418426930443
20170817,0.0,-0.30323418426930443
20170818,0.0,-0.30323418426930443
20170819,0.0,-0.30323418426930443
20170820,0.0,-0.30323418426930443
20170821,0.0,-0.30323418426930443
20170822,0.0,-0.30323418426930443
20170823,0.0,-0.30323418426930443
20170824,0.0,-0.30323418426930443
20170825,0.0,-0.30323418426930443
20170826,0.0,-0.30323418426930443
20170827,0.0,-0.30323418426930443
20170828,0.0,-0.30323418426930443
20170829,0.0,-0.30323418426930443
20170830,0.0,-0.30323418426930443
20170831,0.0,-0.30323418426930443
20170901,0.0,-0.30323418426930443
20170902,0.0,-0.30323418426930443
20170903,0.0,-0.30323418426930443
20170904,0.0,-0.30323418426930443
20170905,0.0,-0.30323418426930443
20170906,0.0,-0.30323418426930443
20170907,0.0,-0.30323418426930443
20170908,0.0,-0.30323418426930443
20170909,0.0,-0.30323418426930443
20170910,0.0,-0.30323418426930443
20170911,0.0,-0.30323418426930443
20170912,0.0,-0.30323418426930443
20170913,0.0,-0.30323418426930443
20170914,0.0,-0.30323418426930443
20170915,0.0,-0.30323418426930443
20170916,0.0,-0.30323418426930443
20170917,0.0,-0.30323418426930443
20170918,0.0,-0.30323418426930443
20170919,0.0,-0.30323418426930443
20170920,0.0,-0.30323418426930443
20170921,0.0,-0.30323418426930443
20170922,0.0,-0.30323418426930443
20170923,0.0,-0.30323418426930443
20170924,0.0,-0.30323418426930443
20170925,0.0,-0.30323418426930443
20170926,0.0,-0.30323418426930443
20170927,0.0,-0.30323418426930443
20170928,0.01,-0.3008979027747301
20170929,0.03,-0.29622533978558135
20170930,0.53,-0.1794112650568636
20171001,0.08,-0.2845439323127096
20171002,0.0,-0.30323418426930443
20171003,0.0,-0.30323418426930443
20171004,2.35,0.24579196695566904
20171005,0.0,-0.30323418426930443
20171006,0.0,-0.30323418426930443
20171007,0.0,-0.30323418426930443
20171008,0.0,-0.30323418426930443
20171009,0.0,-0.30323418426930443
20171010,0.0,-0.30323418426930443
20171011,0.0,-0.30323418426930443
20171012,0.0,-0.30323418426930443
20171013,0.0,-0.30323418426930443
20171014,0.0,-0.30323418426930443
20171015,0.0,-0.30323418426930443
20171016,0.0,-0.30323418426930443
20171017,0.0,-0.30323418426930443
20171018,0.0,-0.30323418426930443
20171019,0.0,-0.30323418426930443
20171020,0.0,-0.30323418426930443
20171021,0.0,-0.30323418426930443
20171022,0.35,-0.221464331959202
20171023,0.01,-0.3008979027747301
20171024,0.92,-0.08829628676846375
20171025,0.04,-0.29388905829100703
20171026,0.0,-0.30323418426930443
20171027,0.0,-0.30323418426930443
20171028,2.1,0.18738492959131017
20171029,1.11,-0.04390693837155099
20171030,2.16,0.20140261855875632
20171031,3.07,0.41400423456502256
20171101,2.0,0.1640221146455666
20171102,1.04,-0.06026090883357149
20171103,0.51,-0.1840838280460123
20171104,0.16,-0.2658536803561148
20171105,0.0,-0.30323418426930443
20171106,0.11,-0.2775350878289865
20171107,0.19,-0.2588448358723917
20171108,0.02,-0.29856162128015573
20171109,0.01,-0.3008979027747301
20171110,0.0,-0.30323418426930443
20171111,0.0,-0.30323418426930443
20171112,0.38,-0.21445548747547893
20171113,0.9,-0.09296884975761247
20171114,0.0,-0.30323418426930443
20171115,0.0,-0.30323418426930443
20171116,0.0,-0.30323418426930443
20171117,0.0,-0.30323418426930443
20171118,0.0,-0.30323418426930443
20171119,0.0,-0.30323418426930443
20171120,0.0,-0.30323418426930443
20171121,0.0,-0.30323418426930443
20171122,0.17,-0.2635173988615404
20171123,0.19,-0.2588448358723917
20171124,0.0,-0.30323418426930443
20171125,0.0,-0.30323418426930443
20171126,0.0,-0.30323418426930443
20171127,0.0,-0.30323418426930443
20171128,0.0,-0.30323418426930443
20171129,0.0,-0.30323418426930443
20171130,0.0,-0.30323418426930443
20171201,0.06,-0.2892164953018583
20171202,0.0,-0.30323418426930443
20171203,0.0,-0.30323418426930443
20171204,8.48,1.6779325231297488
20171205,2.55,0.2925175968471561
20171206,16.11,3.4605153034899816
20171207,8.46,1.6732599601406002
20171208,1.21,-0.020544123425807467
20171209,0.01,-0.3008979027747301
20171210,3.48,0.5097917758425712
20171211,0.01,-0.3008979027747301
20171212,0.01,-0.3008979027747301
20171213,0.0,-0.30323418426930443
20171214,0.0,-0.30323418426930443
20171215,0.52,-0.18174754655143796
20171216,0.0,-0.30323418426930443
20171217,9.67,1.955950020984097
20171218,0.21,-0.254172272883243
20171219,0.04,-0.29388905829100703
20171220,38.91,8.787237111119511
20171221,15.12,3.2292234355271203
20171222,0.06,-0.2892164953018583
20171223,0.0,-0.30323418426930443
20171224,0.0,-0.30323418426930443
20171225,0.0,-0.30323418426930443
20171226,0.0,-0.30323418426930443
20171227,0.16,-0.2658536803561148
20171228,0.64,-0.1537121686165457
20171229,9.93,2.0166933398430302
20171230,0.0,-0.30323418426930443
20171231,0.0,-0.30323418426930443
20180101,0.0,-0.30323418426930443
20180102,0.0,-0.30323418426930443
20180103,0.0,-0.30323418426930443
20180104,1.36,0.014500098992807891
20180105,0.08,-0.2845439323127096
20180106,0.0,-0.30323418426930443
20180107,0.0,-0.30323418426930443
20180108,0.0,-0.30323418426930443
20180109,0.0,-0.30323418426930443
20180110,0.0,-0.30323418426930443
20180111,7.47,1.441968092177739
20180112,0.44,-0.2004377985080328
20180113,1.68,0.08926110681918722
20180114,1.32,0.005154973014510462
20180115,0.93,-0.08596000527388939
20180116,0.04,-0.29388905829100703
20180117,0.28,-0.23781830242122248
20180118,0.27,-0.24015458391579683
20180119,0.71,-0.13735819815452524
20180120,1.75,0.10561507728120773
20180121,0.91,-0.0906325682630381
20180122,0.0,-0.30323418426930443
20180123,0.01,-0.3008979027747301
20180124,0.01,-0.3008979027747301
20180125,0.28,-0.23781830242122248
20180126,1.23,-0.015871560436658754
20180127,0.05,-0.29155277679643266
20180128,0.17,-0.2635173988615404
20180129,0.03,-0.29622533978558135
20180130,0.0,-0.30323418426930443
20180131,0.0,-0.30323418426930443
20180201,0.02,-0.29856162128015573
20180202,0.18,-0.2611811173669661
20180203,0.84,-0.10698653872505862
20180204,0.84,-0.10698653872505862
20180205,1.38,0.019172661981956555
20180206,2.87,0.3672786046735355
20180207,0.99,-0.07194231630644328
20180208,2.56,0.2948538783417305
20180209,2.41,0.2598096559231152
20180210,5.29,0.9326587263605295
20180211,6.02,1.1032072754644573
20180212,2.11,0.18972121108588447
20180213,2.03,0.17103095912928962
20180214,7.05,1.3438442694056159
20180215,0.86,-0.10231397573590989
20180216,0.0,-0.30323418426930443
20180217,0.0,-0.30323418426930443
20180218,0.0,-0.30323418426930443
20180219,0.0,-0.30323418426930443
20180220,0.0,-0.30323418426930443
20180221,0.0,-0.30323418426930443
20180222,0.02,-0.29856162128015573
20180223,0.25,-0.24482714690494556
20180224,0.0,-0.30323418426930443
20180225,0.0,-0.30323418426930443
20180226,0.0,-0.30323418426930443
20180227,0.01,-0.3008979027747301
20180228,0.19,-0.2588448358723917
20180301,0.01,-0.3008979027747301
20180302,0.43,-0.2027740800026072
20180303,0.0,-0.30323418426930443
20180304,0.0,-0.30323418426930443
20180305,1.03,-0.06259719032814584
20180306,35.93,8.091025225736354
20180307,32.01,7.175202879863207
20180308,0.17,-0.2635173988615404
20180309,0.0,-0.30323418426930443
20180310,0.0,-0.30323418426930443
20180311,0.01,-0.3008979027747301
20180312,0.0,-0.30323418426930443
20180313,0.85,-0.10465025723048425
20180314,0.39,-0.21211920598090458
20180315,1.47,0.04019919543312577
20180316,0.01,-0.3008979027747301
20180317,2.88,0.36961488616810984
20180318,10.89,2.2409763633221687
20180319,2.51,0.28317247086885866
20180320,5.7,1.0284462676380781
20180321,21.98,4.831912540805128
20180322,3.99,0.6289421320658634
20180323,2.12,0.1920574925804589
20180324,4.59,0.7691190217403245
20180325,0.24,-0.2471634283995199
20180326,1.23,-0.015871560436658754
20180327,3.93,0.6149244430984172
20180328,1.04,-0.06026090883357149
20180329,0.61,-0.16072101310026876
20180330,0.06,-0.2892164953018583
20180331,0.2,-0.25650855437781733
20180401,14.11,2.9932590045751106
20180402,2.1,0.18738492959131017
20180403,0.53,-0.1794112650568636
20180404,0.42,-0.20511036149718154
20180405,0.01,-0.3008979027747301
20180406,0.28,-0.23781830242122248
20180407,0.58,-0.16772985758399184
20180408,21.2,4.649682584228328
20180409,5.0,0.8649065630178732
20180410,7.12,1.3601982398676364
20180411,2.65,0.31588041179289966
20180412,5.74,1.0377913936163754
20180413,10.43,2.133507414571748
20180414,1.46,0.03786291393855141
20180415,2.35,0.24579196695566904
20180416,5.99,1.0961984309807344
20180417,0.6,-0.16305729459484314
20180418,0.07,-0.28688021380728396
20180419,0.0,-0.30323418426930443
20180420,0.0,-0.30323418426930443
20180421,0.0,-0.30323418426930443
20180422,0.0,-0.30323418426930443
20180423,0.0,-0.30323418426930443
20180424,0.0,-0.30323418426930443
20180425,0.0,-0.30323418426930443
20180426,0.0,-0.30323418426930443
20180427,0.0,-0.30323418426930443
20180428,0.0,-0.30323418426930443
20180429,0.0,-0.30323418426930443
20180430,0.0,-0.30323418426930443
20180501,0.2,-0.25650855437781733
20180502,0.58,-0.16772985758399184
20180503,0.23,-0.24949970989409428
20180504,0.01,-0.3008979027747301
20180505,0.0,-0.30323418426930443
20180506,0.0,-0.30323418426930443
20180507,0.0,-0.30323418426930443
20180508,0.0,-0.30323418426930443
20180509,0.0,-0.30323418426930443
20180510,0.0,-0.30323418426930443
20180511,0.0,-0.30323418426930443
20180512,0.0,-0.30323418426930443
20180513,0.0,-0.30323418426930443
20180514,0.0,-0.30323418426930443
20180515,0.0,-0.30323418426930443
20180516,0.0,-0.30323418426930443
20180517,0.0,-0.30323418426930443
20180518,0.54,-0.17707498356228926
20180519,1.2,-0.022880404920381826
20180520,0.0,-0.30323418426930443
20180521,0.0,-0.30323418426930443
20180522,0.0,-0.30323418426930443
20180523,0.0,-0.30323418426930443
20180524,0.0,-0.30323418426930443
20180525,0.0,-0.30323418426930443
20180526,0.0,-0.30323418426930443
20180527,0.0,-0.30323418426930443
20180528,0.0,-0.30323418426930443
20180529,0.0,-0.30323418426930443
20180530,0.0,-0.30323418426930443
20180531,0.0,-0.30323418426930443
20180601,0.0,-0.30323418426930443
20180602,0.0,-0.30323418426930443
20180603,0.0,-0.30323418426930443
20180604,0.0,-0.30323418426930443
20180605,0.0,-0.30323418426930443
20180606,0.0,-0.30323418426930443
20180607,0.0,-0.30323418426930443
20180608,0.0,-0.30323418426930443
20180609,0.0,-0.30323418426930443
20180610,0.0,-0.30323418426930443
20180611,0.0,-0.30323418426930443
20180612,0.0,-0.30323418426930443
20180613,0.0,-0.30323418426930443
20180614,0.0,-0.30323418426930443
20180615,0.0,-0.30323418426930443
20180616,0.0,-0.30323418426930443
20180617,0.0,-0.30323418426930443
20180618,0.0,-0.30323418426930443
20180619,0.0,-0.30323418426930443
20180620,0.0,-0.30323418426930443
20180621,0.0,-0.30323418426930443
20180622,0.0,-0.30323418426930443
20180623,0.0,-0.30323418426930443
20180624,0.0,-0.30323418426930443
20180625,0.0,-0.30323418426930443
20180626,0.0,-0.30323418426930443
20180627,0.0,-0.30323418426930443
20180628,0.0,-0.30323418426930443
20180629,0.0,-0.30323418426930443
20180630,0.0,-0.30323418426930443
20180701,0.0,-0.30323418426930443
20180702,0.01,-0.3008979027747301
20180703,0.0,-0.30323418426930443
20180704,0.0,-0.30323418426930443
20180705,0.09,-0.2822076508181352
20180706,3.02,0.40232282709215084
20180707,0.39,-0.21211920598090458
20180708,0.83,-0.10932282021963297
20180709,0.16,-0.2658536803561148
20180710,0.0,-0.30323418426930443
20180711,0.0,-0.30323418426930443
20180712,0.0,-0.30323418426930443
20180713,0.0,-0.30323418426930443
20180714,0.0,-0.30323418426930443
20180715,0.0,-0.30323418426930443
20180716,0.0,-0.30323418426930443
20180717,0.0,-0.30323418426930443
20180718,0.0,-0.30323418426930443
20180719,0.0,-0.30323418426930443
20180720,0.0,-0.30323418426930443
20180721,0.0,-0.30323418426930443
20180722,0.0,-0.30323418426930443
20180723,0.0,-0.30323418426930443
20180724,0.0,-0.30323418426930443
20180725,0.0,-0.30323418426930443
20180726,0.0,-0.30323418426930443
20180727,0.0,-0.30323418426930443
20180728,0.0,-0.30323418426930443
20180729,0.0,-0.30323418426930443
20180730,0.0,-0.30323418426930443
20180731,0.0,-0.30323418426930443
20180801,0.0,-0.30323418426930443
20180802,0.0,-0.30323418426930443
20180803,0.0,-0.30323418426930443
20180804,0.0,-0.30323418426930443
20180805,0.0,-0.30323418426930443
20180806,0.0,-0.30323418426930443
20180807,0.0,-0.30323418426930443
20180808,0.0,-0.30323418426930443
20180809,0.0,-0.30323418426930443
20180810,0.01,-0.3008979027747301
20180811,0.0,-0.30323418426930443
20180812,0.0,-0.30323418426930443
20180813,0.0,-0.30323418426930443
20180814,0.0,-0.30323418426930443
20180815,0.0,-0.30323418426930443
20180816,0.0,-0.30323418426930443
20180817,0.0,-0.30323418426930443
20180818,0.0,-0.30323418426930443
20180819,0.0,-0.30323418426930443
20180820,0.0,-0.30323418426930443
20180821,0.0,-0.30323418426930443
20180822,0.0,-0.30323418426930443
20180823,0.0,-0.30323418426930443
20180824,0.0,-0.30323418426930443
20180825,0.0,-0.30323418426930443
20180826,0.0,-0.30323418426930443
20180827,0.0,-0.30323418426930443
20180828,0.0,-0.30323418426930443
20180829,0.0,-0.30323418426930443
20180830,0.0,-0.30323418426930443
20180831,0.0,-0.30323418426930443
20180901,0.0,-0.30323418426930443
20180902,0.0,-0.30323418426930443
20180903,0.0,-0.30323418426930443
20180904,0.0,-0.30323418426930443
20180905,0.0,-0.30323418426930443
20180906,0.45,-0.19810151701345846
20180907,0.0,-0.30323418426930443
20180908,0.0,-0.30323418426930443
20180909,0.0,-0.30323418426930443
20180910,0.0,-0.30323418426930443
20180911,0.0,-0.30323418426930443
20180912,0.0,-0.30323418426930443
20180913,0.0,-0.30323418426930443
20180914,0.0,-0.30323418426930443
20180915,0.0,-0.30323418426930443
20180916,0.0,-0.30323418426930443
20180917,0.0,-0.30323418426930443
20180918,0.0,-0.30323418426930443
20180919,0.0,-0.30323418426930443
20180920,0.0,-0.30323418426930443
20180921,0.0,-0.30323418426930443
20180922,0.0,-0.30323418426930443
20180923,0.0,-0.30323418426930443
20180924,0.0,-0.30323418426930443
20180925,0.0,-0.30323418426930443
20180926,0.0,-0.30323418426930443
20180927,0.0,-0.30323418426930443
20180928,0.0,-0.30323418426930443
20180929,0.0,-0.30323418426930443
20180930,0.0,-0.30323418426930443
20181001,3.3,0.46773870894023273
20181002,0.16,-0.2658536803561148
20181003,0.0,-0.30323418426930443
20181004,0.0,-0.30323418426930443
20181005,0.0,-0.30323418426930443
20181006,94.74,21.830696695328136
20181007,0.18,-0.2611811173669661
20181008,0.02,-0.29856162128015573
20181009,0.0,-0.30323418426930443
20181010,0.0,-0.30323418426930443
20181011,0.0,-0.30323418426930443
20181012,14.43,3.0680200124014902
20181013,0.01,-0.3008979027747301
20181014,0.0,-0.30323418426930443
20181015,0.0,-0.30323418426930443
20181016,0.0,-0.30323418426930443
20181017,0.0,-0.30323418426930443
20181018,0.0,-0.30323418426930443
20181019,0.0,-0.30323418426930443
20181020,0.0,-0.30323418426930443
20181021,0.47,-0.19342895402430976
20181022,3.14,0.43035820502704314
20181023,0.44,-0.2004377985080328
20181024,0.0,-0.30323418426930443
20181025,0.0,-0.30323418426930443
20181026,0.0,-0.30323418426930443
20181027,0.0,-0.30323418426930443
20181028,0.01,-0.3008979027747301
20181029,0.0,-0.30323418426930443
20181030,0.0,-0.30323418426930443
20181031,0.0,-0.30323418426930443
20181101,0.0,-0.30323418426930443
20181102,0.0,-0.30323418426930443
20181103,0.0,-0.30323418426930443
20181104,0.0,-0.30323418426930443
20181105,0.0,-0.30323418426930443
20181106,0.0,-0.30323418426930443
20181107,0.0,-0.30323418426930443
20181108,0.0,-0.30323418426930443
20181109,0.0,-0.30323418426930443
20181110,0.0,-0.30323418426930443
20181111,0.0,-0.30323418426930443
20181112,0.0,-0.30323418426930443
20181113,0.0,-0.30323418426930443
20181114,0.0,-0.30323418426930443
20181115,0.0,-0.30323418426930443
20181116,0.03,-0.29622533978558135
20181117,0.0,-0.30323418426930443
20181118,0.05,-0.29155277679643266
20181119,0.0,-0.30323418426930443
20181120,0.0,-0.30323418426930443
20181121,0.0,-0.30323418426930443
20181122,0.04,-0.29388905829100703
20181123,0.44,-0.2004377985080328
20181124,0.0,-0.30323418426930443
20181125,5.91,1.0775081790241394
20181126,3.5,0.5144643388317198
20181127,0.0,-0.30323418426930443
20181128,0.0,-0.30323418426930443
20181129,0.0,-0.30323418426930443
20181130,7.22,1.3835610548133799
20181201,20.25,4.427735842243766
20181202,0.0,-0.30323418426930443
20181203,0.0,-0.30323418426930443
20181204,0.0,-0.30323418426930443
20181205,0.0,-0.30323418426930443
20181206,0.0,-0.30323418426930443
20181207,0.0,-0.30323418426930443
20181208,0.0,-0.30323418426930443
20181209,0.0,-0.30323418426930443
20181210,0.0,-0.30323418426930443
20181211,0.0,-0.30323418426930443
20181212,0.0,-0.30323418426930443
20181213,0.0,-0.30323418426930443
20181214,0.08,-0.2845439323127096
20181215,4.96,0.8555614370395758
20181216,2.54,0.2901813153525818
20181217,2.82,0.3555971972006637
20181218,0.03,-0.29622533978558135
20181219,0.04,-0.29388905829100703
20181220,0.0,-0.30323418426930443
20181221,0.77,-0.12334050918707909
20181222,0.02,-0.29856162128015573
20181223,0.54,-0.17707498356228926
20181224,0.02,-0.29856162128015573
20181225,0.0,-0.30323418426930443
20181226,0.01,-0.3008979027747301
20181227,5.37,0.9513489783171243
20181228,15.22,3.252586250472864
20181229,4.77,0.8111720886426629
20181230,5.22,0.9163047558985089
20181231,7.63,1.4793485960909285
20190101,0.17,-0.2635173988615404
20190102,0.05,-0.29155277679643266
20190103,0.32,-0.22847317644292506
20190104,0.89,-0.09530513125218683
20190105,0.35,-0.221464331959202
20190106,0.21,-0.254172272883243
20190107,0.0,-0.30323418426930443
20190108,0.0,-0.30323418426930443
20190109,0.0,-0.30323418426930443
20190110,0.0,-0.30323418426930443
20190111,0.0,-0.30323418426930443
20190112,0.0,-0.30323418426930443
20190113,0.0,-0.30323418426930443
20190114,0.0,-0.30323418426930443
20190115,0.01,-0.3008979027747301
20190116,0.14,-0.27052624334526343
20190117,4.45,0.7364110808162837
20190118,0.9,-0.09296884975761247
20190119,0.0,-0.30323418426930443
20190120,0.0,-0.30323418426930443
20190121,6.05,1.1102161199481804
20190122,0.44,-0.2004377985080328
20190123,0.04,-0.29388905829100703
20190124,0.0,-0.30323418426930443
20190125,0.24,-0.2471634283995199
20190126,0.0,-0.30323418426930443
20190127,0.0,-0.30323418426930443
20190128,0.0,-0.30323418426930443
20190129,3.37,0.4840926794022533
20190130,0.74,-0.13034935367080216
20190131,1.24,-0.013535278942084396
20190201,23.02,5.074885816240861
20190202,8.66,1.7199855900320873
20190203,0.64,-0.1537121686165457
20190204,0.0,-0.30323418426930443
20190205,0.0,-0.30323418426930443
20190206,0.58,-0.16772985758399184
20190207,2.74,0.33690694524406894
20190208,0.92,-0.08829628676846375
20190209,0.09,-0.2822076508181352
20190210,2.02,0.16869467763471532
20190211,0.09,-0.2822076508181352
20190212,0.0,-0.30323418426930443
20190213,0.0,-0.30323418426930443
20190214,1.83,0.12430532923780258
20190215,0.03,-0.29622533978558135
20190216,0.35,-0.221464331959202
20190217,0.02,-0.29856162128015573
20190218,0.0,-0.30323418426930443
20190219,0.01,-0.3008979027747301
20190220,0.76,-0.12567679068165344
20190221,0.06,-0.2892164953018583
20190222,0.0,-0.30323418426930443
20190223,0.03,-0.29622533978558135
20190224,0.0,-0.30323418426930443
20190225,0.18,-0.2611811173669661
20190226,0.08,-0.2845439323127096
20190227,0.0,-0.30323418426930443
20190228,0.0,-0.30323418426930443
20190301,0.0,-0.30323418426930443
20190302,0.0,-0.30323418426930443
20190303,0.0,-0.30323418426930443
20190304,0.0,-0.30323418426930443
20190305,2.9,0.37428744915725853
20190306,5.09,0.8859330964690423
20190307,0.56,-0.17240242057314054
20190308,0.12,-0.2751988063344121
20190309,0.01,-0.3008979027747301
20190310,0.0,-0.30323418426930443
20190311,0.0,-0.30323418426930443
20190312,0.0,-0.30323418426930443
20190313,4.66,0.7854729922023451
20190314,7.72,1.5003751295420977
20190315,0.08,-0.2845439323127096
20190316,0.98,-0.07427859780101763
20190317,0.19,-0.2588448358723917
20190318,0.01,-0.3008979027747301
20190319,0.31,-0.2308094579374994
20190320,0.0,-0.30323418426930443
20190321,0.0,-0.30323418426930443
20190322,0.0,-0.30323418426930443
20190323,0.0,-0.30323418426930443
20190324,1.55,0.05888944738972063
20190325,0.42,-0.20511036149718154
20190326,0.17,-0.2635173988615404
20190327,0.53,-0.1794112650568636
20190328,5.22,0.9163047558985089
20190329,1.08,-0.05091578285527406
20190330,0.45,-0.19810151701345846
20190331,2.94,0.383632575135556
20190401,7.09,1.3531893953839134
20190402,11.06,2.2806931487299327
20190403,9.28,1.864835042695697
20190404,0.03,-0.29622533978558135
20190405,0.0,-0.30323418426930443
20190406,0.0,-0.30323418426930443
20190407,0.0,-0.30323418426930443
20190408,0.0,-0.30323418426930443
20190409,0.0,-0.30323418426930443
20190410,0.0,-0.30323418426930443
20190411,0.08,-0.2845439323127096
20190412,0.71,-0.13735819815452524
20190413,2.2,0.21074774453705375
20190414,1.54,0.05655316589514627
20190415,0.0,-0.30323418426930443
20190416,0.0,-0.30323418426930443
20190417,0.0,-0.30323418426930443
20190418,0.0,-0.30323418426930443
20190419,1.35,0.012163817498233533
20190420,4.42,0.7294022363325605
20190421,1.0,-0.06960603481186892
20190422,0.0,-0.30323418426930443
20190423,0.0,-0.30323418426930443
20190424,0.0,-0.30323418426930443
20190425,0.0,-0.30323418426930443
20190426,0.0,-0.30323418426930443
20190427,0.0,-0.30323418426930443
20190428,0.0,-0.30323418426930443
20190429,0.0,-0.30323418426930443
20190430,0.0,-0.30323418426930443
20190501,0.0,-0.30323418426930443
20190502,0.0,-0.30323418426930443
20190503,0.0,-0.30323418426930443
20190504,0.0,-0.30323418426930443
20190505,0.0,-0.30323418426930443
20190506,0.0,-0.30323418426930443
20190507,3.92,0.6125881616038428
20190508,0.0,-0.30323418426930443
20190509,0.0,-0.30323418426930443
20190510,0.0,-0.30323418426930443
20190511,0.0,-0.30323418426930443
20190512,0.0,-0.30323418426930443
20190513,0.0,-0.30323418426930443
20190514,0.0,-0.30323418426930443
20190515,0.0,-0.30323418426930443
20190516,0.0,-0.30323418426930443
20190517,0.0,-0.30323418426930443
20190518,0.0,-0.30323418426930443
20190519,0.0,-0.30323418426930443
20190520,0.0,-0.30323418426930443
20190521,0.0,-0.30323418426930443
20190522,0.0,-0.30323418426930443
20190523,0.0,-0.30323418426930443
20190524,0.0,-0.30323418426930443
20190525,0.0,-0.30323418426930443
20190526,0.0,-0.30323418426930443
20190527,0.0,-0.30323418426930443
20190528,0.0,-0.30323418426930443
20190529,0.0,-0.30323418426930443
20190530,0.0,-0.30323418426930443
20190531,0.0,-0.30323418426930443
20190601,0.0,-0.30323418426930443
20190602,0.0,-0.30323418426930443
20190603,0.0,-0.30323418426930443
20190604,0.0,-0.30323418426930443
20190605,0.0,-0.30323418426930443
20190606,0.0,-0.30323418426930443
20190607,0.0,-0.30323418426930443
20190608,0.0,-0.30323418426930443
20190609,0.0,-0.30323418426930443
20190610,0.0,-0.30323418426930443
20190611,0.0,-0.30323418426930443
20190612,0.0,-0.30323418426930443
20190613,0.0,-0.30323418426930443
20190614,0.0,-0.30323418426930443
20190615,0.0,-0.30323418426930443
20190616,0.0,-0.30323418426930443
20190617,0.0,-0.30323418426930443
20190618,0.0,-0.30323418426930443
20190619,0.0,-0.30323418426930443
20190620,0.0,-0.30323418426930443
20190621,0.0,-0.30323418426930443
20190622,0.0,-0.30323418426930443
20190623,0.0,-0.30323418426930443
20190624,0.0,-0.30323418426930443
20190625,0.0,-0.30323418426930443
20190626,0.0,-0.30323418426930443
20190627,0.0,-0.30323418426930443
20190628,0.0,-0.30323418426930443
20190629,0.0,-0.30323418426930443
20190630,0.01,-0.3008979027747301
20190701,0.01,-0.3008979027747301
20190702,0.0,-0.30323418426930443
20190703,0.0,-0.30323418426930443
20190704,0.0,-0.30323418426930443
20190705,0.0,-0.30323418426930443
20190706,0.0,-0.30323418426930443
20190707,0.0,-0.30323418426930443
20190708,0.0,-0.30323418426930443
20190709,0.0,-0.30323418426930443
20190710,0.0,-0.30323418426930443
20190711,0.0,-0.30323418426930443
20190712,0.0,-0.30323418426930443
20190713,0.0,-0.30323418426930443
20190714,0.0,-0.30323418426930443
20190715,0.0,-0.30323418426930443
20190716,0.0,-0.30323418426930443
20190717,0.0,-0.30323418426930443
20190718,0.0,-0.30323418426930443
20190719,0.0,-0.30323418426930443
20190720,0.0,-0.30323418426930443
20190721,0.0,-0.30323418426930443
20190722,0.0,-0.30323418426930443
20190723,0.0,-0.30323418426930443
20190724,0.0,-0.30323418426930443
20190725,0.0,-0.30323418426930443
20190726,0.0,-0.30323418426930443
20190727,0.0,-0.30323418426930443
20190728,0.0,-0.30323418426930443
20190729,0.0,-0.30323418426930443
20190730,0.0,-0.30323418426930443
20190731,0.0,-0.30323418426930443
20190801,0.0,-0.30323418426930443
20190802,0.0,-0.30323418426930443
20190803,0.0,-0.30323418426930443
20190804,0.0,-0.30323418426930443
20190805,0.0,-0.30323418426930443
20190806,0.0,-0.30323418426930443
20190807,0.0,-0.30323418426930443
20190808,0.0,-0.30323418426930443
20190809,0.0,-0.30323418426930443
20190810,0.0,-0.30323418426930443
20190811,0.0,-0.30323418426930443
20190812,0.0,-0.30323418426930443
20190813,0.0,-0.30323418426930443
20190814,0.0,-0.30323418426930443
20190815,0.0,-0.30323418426930443
20190816,0.0,-0.30323418426930443
20190817,0.0,-0.30323418426930443
20190818,0.0,-0.30323418426930443
20190819,0.0,-0.30323418426930443
20190820,0.0,-0.30323418426930443
20190821,0.0,-0.30323418426930443
20190822,0.0,-0.30323418426930443
20190823,0.0,-0.30323418426930443
20190824,0.0,-0.30323418426930443
20190825,0.0,-0.30323418426930443
20190826,0.0,-0.30323418426930443
20190827,0.0,-0.30323418426930443
20190828,0.0,-0.30323418426930443
20190829,0.0,-0.30323418426930443
20190830,0.0,-0.30323418426930443
20190831,0.0,-0.30323418426930443
20190901,0.0,-0.30323418426930443
20190902,0.0,-0.30323418426930443
20190903,0.0,-0.30323418426930443
20190904,0.0,-0.30323418426930443
20190905,0.0,-0.30323418426930443
20190906,0.0,-0.30323418426930443
20190907,0.0,-0.30323418426930443
20190908,0.0,-0.30323418426930443
20190909,0.0,-0.30323418426930443
20190910,0.0,-0.30323418426930443
20190911,0.0,-0.30323418426930443
20190912,0.0,-0.30323418426930443
20190913,0.0,-0.30323418426930443
20190914,0.0,-0.30323418426930443
20190915,0.0,-0.30323418426930443
20190916,0.0,-0.30323418426930443
20190917,0.0,-0.30323418426930443
20190918,0.0,-0.30323418426930443
20190919,0.0,-0.30323418426930443
20190920,0.0,-0.30323418426930443
20190921,0.0,-0.30323418426930443
20190922,0.0,-0.30323418426930443
20190923,0.0,-0.30323418426930443
20190924,0.0,-0.30323418426930443
20190925,0.0,-0.30323418426930443
20190926,0.0,-0.30323418426930443
20190927,0.0,-0.30323418426930443
20190928,0.0,-0.30323418426930443
20190929,0.0,-0.30323418426930443
20190930,0.0,-0.30323418426930443
20191001,0.0,-0.30323418426930443
20191002,0.0,-0.30323418426930443
20191003,0.0,-0.30323418426930443
20191004,0.0,-0.30323418426930443
20191005,0.0,-0.30323418426930443
20191006,0.0,-0.30323418426930443
20191007,0.0,-0.30323418426930443
20191008,0.0,-0.30323418426930443
20191009,0.0,-0.30323418426930443
20191010,0.0,-0.30323418426930443
20191011,0.01,-0.3008979027747301
20191012,0.27,-0.24015458391579683
20191013,0.0,-0.30323418426930443
20191014,0.59,-0.1653935760894175
20191015,0.02,-0.29856162128015573
20191016,0.0,-0.30323418426930443
20191017,8.96,1.790074034869318
20191018,0.01,-0.3008979027747301
20191019,0.0,-0.30323418426930443
20191020,0.0,-0.30323418426930443
20191021,0.0,-0.30323418426930443
20191022,0.0,-0.30323418426930443
20191023,0.0,-0.30323418426930443
20191024,0.0,-0.30323418426930443
20191025,0.0,-0.30323418426930443
20191026,0.0,-0.30323418426930443
20191027,0.0,-0.30323418426930443
20191028,0.0,-0.30323418426930443
20191029,0.0,-0.30323418426930443
20191030,0.0,-0.30323418426930443
20191031,0.02,-0.29856162128015573
20191101,0.84,-0.10698653872505862
20191102,1.56,0.061225728884294985
20191103,0.01,-0.3008979027747301
20191104,0.01,-0.3008979027747301
20191105,0.08,-0.2845439323127096
20191106,0.04,-0.29388905829100703
20191107,0.01,-0.3008979027747301
20191108,0.0,-0.30323418426930443
20191109,0.0,-0.30323418426930443
20191110,0.0,-0.30323418426930443
20191111,0.0,-0.30323418426930443
20191112,0.0,-0.30323418426930443
20191113,0.0,-0.30323418426930443
20191114,0.0,-0.30323418426930443
20191115,0.0,-0.30323418426930443
20191116,0.0,-0.30323418426930443
20191117,0.0,-0.30323418426930443
20191118,0.0,-0.30323418426930443
20191119,0.0,-0.30323418426930443
20191120,0.0,-0.30323418426930443
20191121,0.0,-0.30323418426930443
20191122,0.0,-0.30323418426930443
20191123,0.0,-0.30323418426930443
20191124,0.0,-0.30323418426930443
20191125,0.99,-0.07194231630644328
20191126,2.59,0.3018627228254535
20191127,0.0,-0.30323418426930443
20191128,0.13,-0.27286252483983786
20191129,0.02,-0.29856162128015573
20191130,0.0,-0.30323418426930443
20191201,4.95,0.8532251555450014
20191202,2.48,0.27616362638513564
20191203,19.37,4.222143070721222
20191204,4.17,0.6709951989682017
20191205,12.41,2.5960911504974704
20191206,11.15,2.3017196821811017
20191207,0.1,-0.2798713693235609
20191208,0.01,-0.3008979027747301
20191209,0.0,-0.30323418426930443
20191210,0.0,-0.30323418426930443
20191211,0.0,-0.30323418426930443
20191212,0.0,-0.30323418426930443
20191213,0.0,-0.30323418426930443
20191214,0.0,-0.30323418426930443
20191215,0.01,-0.3008979027747301
20191216,0.83,-0.10932282021963297
20191217,0.87,-0.09997769424133554
20191218,0.15,-0.2681899618506891
20191219,0.0,-0.30323418426930443
20191220,0.11,-0.2775350878289865
20191221,3.61,0.5401634352720378
20191222,4.95,0.8532251555450014
20191223,3.62,0.5424997167666121
20191224,10.44,2.1358436960663223
20191225,1.17,-0.0298892494041049
20191226,0.24,-0.2471634283995199
20191227,0.0,-0.30323418426930443
20191228,0.87,-0.09997769424133554
20191229,1.26,-0.008862715952935682
20191230,3.26,0.45839358296193533
20191231,0.09,-0.2822076508181352
20200101,0.45,-0.19810151701345846
20200102,1.44,0.033190350949402696
20200103,1.33,0.007491254509084819
20200104,3.03,0.40465910858672516
20200105,5.04,0.8742516889961706
20200106,0.79,-0.11866794619793038
20200107,0.63,-0.15604845011112006
20200108,0.0,-0.30323418426930443
20200109,0.0,-0.30323418426930443
20200110,0.0,-0.30323418426930443
20200111,0.09,-0.2822076508181352
20200112,1.43,0.03085406945482834
20200113,0.68,-0.14436704263824826
20200114,0.47,-0.19342895402430976
20200115,0.05,-0.29155277679643266
20200116,0.01,-0.3008979027747301
20200117,0.57,-0.17006613907856621
20200118,0.05,-0.29155277679643266
20200119,0.0,-0.30323418426930443
20200120,0.0,-0.30323418426930443
20200121,0.0,-0.30323418426930443
20200122,0.0,-0.30323418426930443
20200123,0.0,-0.30323418426930443
20200124,0.0,-0.30323418426930443
20200125,0.0,-0.30323418426930443
20200126,0.0,-0.30323418426930443
20200127,0.0,-0.30323418426930443
20200128,0.0,-0.30323418426930443
20200129,0.0,-0.30323418426930443
20200130,0.0,-0.30323418426930443
20200131,0.04,-0.29388905829100703
20200201,0.31,-0.2308094579374994
20200202,0.02,-0.29856162128015573
20200203,0.79,-0.11866794619793038
20200204,11.87,2.469931949790455
20200205,3.91,0.6102518801092685
20200206,0.7,-0.1396944796490996
20200207,0.1,-0.2798713693235609
20200208,0.0,-0.30323418426930443
20200209,0.0,-0.30323418426930443
20200210,0.0,-0.30323418426930443
20200211,3.27,0.4607298644565097
20200212,4.78,0.8135083701372374
20200213,3.69,0.5588536872286326
20200214,2.08,0.18271236660216145
20200215,7.17,1.3718796473405082
20200216,1.43,0.03085406945482834
20200217,13.43,2.8343918629440545
20200218,7.01,1.3344991434273186
20200219,2.99,0.3953139826084278
20200220,3.18,0.43970333100534054
20200221,6.89,1.3064637654924263
20200222,6.45,1.2036673797311548
20200223,9.75,1.9746402729406918
20200224,14.46,3.0750288568852135
20200225,12.01,2.502639890714496
20200226,4.53,0.7551013327728785
20200227,1.41,0.026181506465679624
20200228,24.16,5.341221906622337
20200229,21.1,4.626319769282586
20200301,51.76,11.789358831647558
20200302,0.94,-0.08362372377931507
20200303,0.01,-0.3008979027747301
20200304,0.08,-0.2845439323127096
20200305,0.02,-0.29856162128015573
20200306,0.0,-0.30323418426930443
20200307,0.0,-0.30323418426930443
20200308,0.0,-0.30323418426930443
20200309,0.0,-0.30323418426930443
20200310,0.0,-0.30323418426930443
20200311,0.0,-0.30323418426930443
20200312,0.71,-0.13735819815452524
20200313,0.11,-0.2775350878289865
20200314,0.01,-0.3008979027747301
20200315,1.01,-0.06726975331729457
20200316,29.58,6.607486476681638
20200317,27.91,6.2173274670877205
20200318,5.31,0.9373312893496781
20200319,1.07,-0.053252064349848416
20200320,2.85,0.3626060416843868
20200321,3.79,0.5822165021743761
20200322,0.04,-0.29388905829100703
20200323,0.01,-0.3008979027747301
20200324,0.01,-0.3008979027747301
20200325,0.0,-0.30323418426930443
20200326,0.0,-0.30323418426930443
20200327,0.0,-0.30323418426930443
20200328,0.4,-0.20978292448633024
20200329,1.15,-0.034561812393253614
20200330,26.5,5.8879117763527375
20200331,6.68,1.2574018541063647
20200401,0.0,-0.30323418426930443
20200402,0.29,-0.23548202092664813
20200403,0.1,-0.2798713693235609
20200404,0.08,-0.2845439323127096
20200405,0.29,-0.23548202092664813
20200406,0.0,-0.30323418426930443
20200407,0.0,-0.30323418426930443
20200408,0.0,-0.30323418426930443
20200409,3.23,0.4513847384782123
20200410,11.78,2.448905416339286
20200411,0.44,-0.2004377985080328
20200412,0.05,-0.29155277679643266
20200413,0.09,-0.2822076508181352
20200414,0.0,-0.30323418426930443
20200415,0.0,-0.30323418426930443
20200416,0.0,-0.30323418426930443
20200417,0.01,-0.3008979027747301
20200418,1.36,0.014500098992807891
20200419,32.41,7.268654139646181
20200420,18.6,4.042249395638997
20200421,2.88,0.36961488616810984
20200422,0.0,-0.30323418426930443
20200423,0.0,-0.30323418426930443
20200424,0.1,-0.2798713693235609
20200425,0.01,-0.3008979027747301
20200426,0.0,-0.30323418426930443
20200427,0.04,-0.29388905829100703
20200428,0.0,-0.30323418426930443
20200429,0.0,-0.30323418426930443
20200430,0.0,-0.30323418426930443
20200501,0.0,-0.30323418426930443
20200502,0.0,-0.30323418426930443
20200503,0.0,-0.30323418426930443
20200504,0.0,-0.30323418426930443
20200505,0.0,-0.30323418426930443
20200506,0.0,-0.30323418426930443
20200507,0.0,-0.30323418426930443
20200508,0.0,-0.30323418426930443
20200509,0.0,-0.30323418426930443
20200510,0.04,-0.29388905829100703
20200511,1.38,0.019172661981956555
20200512,0.0,-0.30323418426930443
20200513,0.0,-0.30323418426930443
20200514,0.0,-0.30323418426930443
20200515,0.0,-0.30323418426930443
20200516,0.0,-0.30323418426930443
20200517,0.0,-0.30323418426930443
20200518,0.0,-0.30323418426930443
20200519,0.0,-0.30323418426930443
20200520,0.0,-0.30323418426930443
20200521,0.0,-0.30323418426930443
20200522,0.0,-0.30323418426930443
20200523,0.0,-0.30323418426930443
20200524,0.0,-0.30323418426930443
20200525,0.0,-0.30323418426930443
20200526,0.0,-0.30323418426930443
20200527,0.0,-0.30323418426930443
20200528,0.0,-0.30323418426930443
20200529,0.0,-0.30323418426930443
20200530,0.0,-0.30323418426930443
20200531,0.0,-0.30323418426930443
20200601,0.0,-0.30323418426930443
20200602,0.0,-0.30323418426930443
20200603,0.0,-0.30323418426930443
20200604,0.0,-0.30323418426930443
20200605,0.0,-0.30323418426930443
20200606,0.0,-0.30323418426930443
20200607,0.0,-0.30323418426930443
20200608,0.0,-0.30323418426930443
20200609,0.0,-0.30323418426930443
20200610,0.0,-0.30323418426930443
20200611,0.15,-0.2681899618506891
20200612,0.0,-0.30323418426930443
20200613,0.0,-0.30323418426930443
20200614,0.0,-0.30323418426930443
20200615,0.0,-0.30323418426930443
20200616,0.0,-0.30323418426930443
20200617,0.0,-0.30323418426930443
20200618,0.0,-0.30323418426930443
20200619,0.0,-0.30323418426930443
20200620,0.0,-0.30323418426930443
20200621,0.0,-0.30323418426930443
20200622,0.0,-0.30323418426930443
20200623,0.0,-0.30323418426930443
20200624,0.0,-0.30323418426930443
20200625,0.0,-0.30323418426930443
20200626,0.0,-0.30323418426930443
20200627,0.0,-0.30323418426930443
20200628,0.0,-0.30323418426930443
20200629,0.0,-0.30323418426930443
20200630,0.0,-0.30323418426930443
20200701,0.0,-0.30323418426930443
20200702,0.0,-0.30323418426930443
20200703,0.0,-0.30323418426930443
20200704,0.0,-0.30323418426930443
20200705,0.0,-0.30323418426930443
20200706,0.0,-0.30323418426930443
20200707,0.0,-0.30323418426930443
20200708,0.0,-0.30323418426930443
20200709,0.0,-0.30323418426930443
20200710,0.06,-0.2892164953018583
20200711,0.06,-0.2892164953018583
20200712,0.0,-0.30323418426930443
20200713,0.0,-0.30323418426930443
20200714,0.0,-0.30323418426930443
20200715,0.0,-0.30323418426930443
20200716,0.0,-0.30323418426930443
20200717,0.0,-0.30323418426930443
20200718,0.0,-0.30323418426930443
20200719,0.0,-0.30323418426930443
20200720,0.0,-0.30323418426930443
20200721,0.0,-0.30323418426930443
20200722,0.0,-0.30323418426930443
20200723,0.0,-0.30323418426930443
20200724,0.0,-0.30323418426930443
20200725,0.0,-0.30323418426930443
20200726,0.0,-0.30323418426930443
20200727,0.0,-0.30323418426930443
20200728,0.0,-0.30323418426930443
20200729,0.0,-0.30323418426930443
20200730,0.0,-0.30323418426930443
20200731,0.0,-0.30323418426930443
20200801,0.0,-0.30323418426930443
20200802,0.0,-0.30323418426930443
20200803,0.0,-0.30323418426930443
20200804,0.0,-0.30323418426930443
20200805,0.0,-0.30323418426930443
20200806,0.0,-0.30323418426930443
20200807,0.0,-0.30323418426930443
20200808,0.0,-0.30323418426930443
20200809,0.0,-0.30323418426930443
20200810,0.0,-0.30323418426930443
20200811,0.0,-0.30323418426930443
20200812,0.0,-0.30323418426930443
20200813,0.0,-0.30323418426930443
20200814,0.0,-0.30323418426930443
20200815,0.0,-0.30323418426930443
20200816,0.0,-0.30323418426930443
20200817,0.0,-0.30323418426930443
20200818,0.0,-0.30323418426930443
20200819,0.0,-0.30323418426930443
20200820,0.0,-0.30323418426930443
20200821,0.0,-0.30323418426930443
20200822,0.0,-0.30323418426930443
20200823,0.0,-0.30323418426930443
20200824,0.0,-0.30323418426930443
20200825,0.0,-0.30323418426930443
20200826,0.0,-0.30323418426930443
20200827,0.0,-0.30323418426930443
20200828,0.0,-0.30323418426930443
20200829,0.0,-0.30323418426930443
20200830,0.0,-0.30323418426930443
20200831,0.0,-0.30323418426930443
20200901,0.0,-0.30323418426930443
20200902,0.0,-0.30323418426930443
20200903,0.01,-0.3008979027747301
20200904,6.72,1.2667469800846622
20200905,0.24,-0.2471634283995199
20200906,0.0,-0.30323418426930443
20200907,0.0,-0.30323418426930443
20200908,0.0,-0.30323418426930443
20200909,0.0,-0.30323418426930443
20200910,0.0,-0.30323418426930443
20200911,0.0,-0.30323418426930443
20200912,0.0,-0.30323418426930443
20200913,0.0,-0.30323418426930443
20200914,0.0,-0.30323418426930443
20200915,0.0,-0.30323418426930443
20200916,0.0,-0.30323418426930443
20200917,0.0,-0.30323418426930443
20200918,0.0,-0.30323418426930443
20200919,0.0,-0.30323418426930443
20200920,0.0,-0.30323418426930443
20200921,0.0,-0.30323418426930443
20200922,0.0,-0.30323418426930443
20200923,0.0,-0.30323418426930443
20200924,0.0,-0.30323418426930443
20200925,0.0,-0.30323418426930443
20200926,0.0,-0.30323418426930443
20200927,0.0,-0.30323418426930443
20200928,0.0,-0.30323418426930443
20200929,0.0,-0.30323418426930443
20200930,0.0,-0.30323418426930443
20201001,0.0,-0.30323418426930443
20201002,0.0,-0.30323418426930443
20201003,0.0,-0.30323418426930443
20201004,0.0,-0.30323418426930443
20201005,0.0,-0.30323418426930443
20201006,0.0,-0.30323418426930443
20201007,0.0,-0.30323418426930443
20201008,0.0,-0.30323418426930443
20201009,0.0,-0.30323418426930443
20201010,0.0,-0.30323418426930443
20201011,0.0,-0.30323418426930443
20201012,0.0,-0.30323418426930443
20201013,0.0,-0.30323418426930443
20201014,0.0,-0.30323418426930443
20201015,0.0,-0.30323418426930443
20201016,0.0,-0.30323418426930443
20201017,0.0,-0.30323418426930443
20201018,0.0,-0.30323418426930443
20201019,0.0,-0.30323418426930443
20201020,0.0,-0.30323418426930443
20201021,0.0,-0.30323418426930443
20201022,0.0,-0.30323418426930443
20201023,0.0,-0.30323418426930443
20201024,0.0,-0.30323418426930443
20201025,0.1,-0.2798713693235609
20201026,2.51,0.28317247086885866
20201027,0.2,-0.25650855437781733
20201028,1.71,0.09626995130291029
20201029,1.78,0.11262392176493079
20201030,0.29,-0.23548202092664813
20201031,0.16,-0.2658536803561148
20201101,0.01,-0.3008979027747301
20201102,0.0,-0.30323418426930443
20201103,0.0,-0.30323418426930443
20201104,0.0,-0.30323418426930443
20201105,0.0,-0.30323418426930443
20201106,0.0,-0.30323418426930443
20201107,0.0,-0.30323418426930443
20201108,0.0,-0.30323418426930443
20201109,0.0,-0.30323418426930443
20201110,0.0,-0.30323418426930443
20201111,0.02,-0.29856162128015573
20201112,0.37,-0.2167917689700533
20201113,1.1,-0.04624321986612535
20201114,2.87,0.3672786046735355
20201115,1.97,0.15701327016184352
20201116,0.22,-0.25183599138866863
20201117,0.0,-0.30323418426930443
20201118,0.0,-0.30323418426930443
20201119,0.0,-0.30323418426930443
20201120,0.01,-0.3008979027747301
20201121,0.5,-0.1864201095405867
20201122,0.0,-0.30323418426930443
20201123,0.0,-0.30323418426930443
20201124,0.0,-0.30323418426930443
20201125,0.0,-0.30323418426930443
20201126,0.0,-0.30323418426930443
20201127,0.0,-0.30323418426930443
20201128,0.43,-0.2027740800026072
20201129,0.0,-0.30323418426930443
20201130,0.0,-0.30323418426930443
20201201,0.0,-0.30323418426930443
20201202,0.0,-0.30323418426930443
20201203,0.0,-0.30323418426930443
20201204,0.0,-0.30323418426930443
20201205,0.0,-0.30323418426930443
20201206,0.01,-0.3008979027747301
20201207,0.0,-0.30323418426930443
20201208,0.0,-0.30323418426930443
20201209,0.0,-0.30323418426930443
20201210,0.0,-0.30323418426930443
20201211,0.0,-0.30323418426930443
20201212,0.0,-0.30323418426930443
20201213,0.06,-0.2892164953018583
20201214,0.52,-0.18174754655143796
20201215,0.02,-0.29856162128015573
20201216,0.33,-0.2261368949483507
20201217,0.08,-0.2845439323127096
20201218,0.01,-0.3008979027747301
20201219,0.0,-0.30323418426930443
20201220,15.33,3.278285346913182
20201221,16.16,3.4721967109628538
20201222,0.36,-0.21912805046462766
20201223,0.0,-0.30323418426930443
20201224,0.0,-0.30323418426930443
20201225,0.0,-0.30323418426930443
20201226,0.16,-0.2658536803561148
20201227,0.56,-0.17240242057314054
20201228,1.2,-0.022880404920381826
20201229,2.51,0.28317247086885866
20201230,8.82,1.7573660939452769
20201231,0.86,-0.10231397573590989
20210101,9.63,1.9466048950057997
20210102,21.27,4.666036554690349
20210103,6.56,1.2293664761714724
20210104,12.97,2.726922914193634
20210105,21.76,4.780514347924492
20210106,10.16,2.0704278142182404
20210107,4.19,0.6756677619573505
20210108,8.29,1.6335431747328357
20210109,7.66,1.4863574405746516
20210110,18.25,3.960479543328894
20210111,15.24,3.257258813462013
20210112,18.21,3.951134417350597
20210113,16.38,3.523594903843489
20210114,27.7,6.168265555701659
20210115,34.75,7.81534400937658
20210116,1.96,0.15467698866726917
20210117,0.56,-0.17240242057314054
20210118,0.0,-0.30323418426930443
20210119,0.66,-0.149039605627397
20210120,1.07,-0.053252064349848416
20210121,0.95,-0.0812874422847407
20210122,8.15,1.6008352338087952
20210123,25.14,5.570177493090625
20210124,1.42,0.028517787960253983
20210125,2.21,0.21308402603162804
20210126,2.58,0.29952644133087925
20210127,0.86,-0.10231397573590989
20210128,0.0,-0.30323418426930443
20210129,5.77,1.0448002381000985
20210130,0.06,-0.2892164953018583
20210131,1.37,0.016836380487382247
20210201,0.0,-0.30323418426930443
20210202,0.0,-0.30323418426930443
20210203,0.25,-0.24482714690494556
20210204,0.09,-0.2822076508181352
20210205,2.61,0.30653528581460227
20210206,0.15,-0.2681899618506891
20210207,0.22,-0.25183599138866863
20210208,1.51,0.049544321411423196
20210209,4.03,0.6382872580441608
20210210,2.81,0.35326091570608936
20210211,31.41,7.035025990188744
20210212,9.21,1.8484810722336769
20210213,14.05,2.979241315607665
20210214,1.46,0.03786291393855141
20210215,0.02,-0.29856162128015573
20210216,0.0,-0.30323418426930443
20210217,0.0,-0.30323418426930443
20210218,0.0,-0.30323418426930443
20210219,0.0,-0.30323418426930443
20210220,2.02,0.16869467763471532
20210221,5.48,0.9770480747574423
20210222,7.36,1.416268995737421
20210223,2.03,0.17103095912928962
20210224,1.26,-0.008862715952935682
20210225,3.27,0.4607298644565097
20210226,1.03,-0.06259719032814584
20210227,0.66,-0.149039605627397
20210228,0.81,-0.11399538320878165
20210301,0.1,-0.2798713693235609
20210302,0.0,-0.30323418426930443
20210303,0.0,-0.30323418426930443
20210304,0.0,-0.30323418426930443
20210305,0.0,-0.30323418426930443
20210306,0.0,-0.30323418426930443
20210307,2.81,0.35326091570608936
20210308,0.09,-0.2822076508181352
20210309,0.0,-0.30323418426930443
20210310,0.0,-0.30323418426930443
20210311,0.0,-0.30323418426930443
20210312,0.21,-0.254172272883243
20210313,0.71,-0.13735819815452524
20210314,4.03,0.6382872580441608
20210315,5.43,0.9653666672845703
20210316,2.8,0.350924634211515
20210317,0.73,-0.13268563516537651
20210318,1.49,0.044871758422274484
20210319,1.42,0.028517787960253983
20210320,0.5,-0.1864201095405867
20210321,6.32,1.173295720301688
20210322,6.25,1.1569417498396675
20210323,5.28,0.9303224448659552
20210324,11.96,2.4909584832416245
20210325,0.34,-0.22380061345377633
20210326,0.22,-0.25183599138866863
20210327,0.0,-0.30323418426930443
20210328,0.7,-0.1396944796490996
20210329,6.22,1.1499329053559444
20210330,5.73,1.0354551121218012
20210331,1.21,-0.020544123425807467
20210401,0.76,-0.12567679068165344
20210402,0.07,-0.28688021380728396
20210403,0.0,-0.30323418426930443
20210404,0.1,-0.2798713693235609
20210405,0.26,-0.2424908654103712
20210406,0.02,-0.29856162128015573
20210407,0.02,-0.29856162128015573
20210408,0.01,-0.3008979027747301
20210409,0.0,-0.30323418426930443
20210410,0.0,-0.30323418426930443
20210411,0.0,-0.30323418426930443
20210412,0.0,-0.30323418426930443
20210413,0.0,-0.30323418426930443
20210414,0.0,-0.30323418426930443
20210415,0.0,-0.30323418426930443
20210416,0.0,-0.30323418426930443
20210417,1.95,0.15234070717269482
20210418,1.19,-0.025216686414956183
20210419,0.11,-0.2775350878289865
20210420,0.0,-0.30323418426930443
20210421,0.0,-0.30323418426930443
20210422,0.0,-0.30323418426930443
20210423,0.0,-0.30323418426930443
20210424,0.0,-0.30323418426930443
20210425,0.0,-0.30323418426930443
20210426,0.0,-0.30323418426930443
20210427,0.0,-0.30323418426930443
20210428,0.06,-0.2892164953018583
20210429,0.19,-0.2588448358723917
20210430,0.0,-0.30323418426930443
20210501,0.21,-0.254172272883243
20210502,0.01,-0.3008979027747301
20210503,0.14,-0.27052624334526343
20210504,0.01,-0.3008979027747301
20210505,0.16,-0.2658536803561148
20210506,12.01,2.502639890714496
20210507,0.31,-0.2308094579374994
20210508,0.08,-0.2845439323127096
20210509,0.0,-0.30323418426930443
20210510,0.0,-0.30323418426930443
20210511,0.0,-0.30323418426930443
20210512,0.0,-0.30323418426930443
20210513,0.0,-0.30323418426930443
20210514,0.0,-0.30323418426930443
20210515,0.0,-0.30323418426930443
20210516,0.0,-0.30323418426930443
20210517,0.0,-0.30323418426930443
20210518,0.0,-0.30323418426930443
20210519,0.0,-0.30323418426930443
20210520,0.0,-0.30323418426930443
20210521,0.0,-0.30323418426930443
20210522,0.0,-0.30323418426930443
20210523,0.0,-0.30323418426930443
20210524,0.0,-0.30323418426930443
20210525,0.0,-0.30323418426930443
20210526,0.0,-0.30323418426930443
20210527,0.0,-0.30323418426930443
20210528,0.0,-0.30323418426930443
20210529,0.0,-0.30323418426930443
20210530,0.0,-0.30323418426930443
20210531,0.0,-0.30323418426930443
20210601,0.0,-0.30323418426930443
20210602,0.0,-0.30323418426930443
20210603,0.0,-0.30323418426930443
20210604,0.0,-0.30323418426930443
20210605,0.0,-0.30323418426930443
20210606,0.0,-0.30323418426930443
20210607,0.0,-0.30323418426930443
20210608,0.0,-0.30323418426930443
20210609,0.0,-0.30323418426930443
20210610,0.0,-0.30323418426930443
20210611,0.0,-0.30323418426930443
20210612,0.0,-0.30323418426930443
20210613,0.0,-0.30323418426930443
20210614,0.0,-0.30323418426930443
20210615,0.0,-0.30323418426930443
20210616,0.0,-0.30323418426930443
20210617,0.0,-0.30323418426930443
20210618,0.0,-0.30323418426930443
20210619,0.0,-0.30323418426930443
20210620,0.0,-0.30323418426930443
20210621,0.0,-0.30323418426930443
20210622,0.0,-0.30323418426930443
20210623,0.0,-0.30323418426930443
20210624,0.0,-0.30323418426930443
20210625,0.0,-0.30323418426930443
20210626,0.0,-0.30323418426930443
20210627,0.0,-0.30323418426930443
20210628,0.0,-0.30323418426930443
20210629,0.0,-0.30323418426930443
20210630,0.0,-0.30323418426930443
20210701,0.0,-0.30323418426930443
20210702,0.0,-0.30323418426930443
20210703,0.0,-0.30323418426930443
20210704,0.0,-0.30323418426930443
20210705,0.0,-0.30323418426930443
20210706,0.0,-0.30323418426930443
20210707,0.0,-0.30323418426930443
20210708,0.0,-0.30323418426930443
20210709,0.0,-0.30323418426930443
20210710,0.0,-0.30323418426930443
20210711,0.0,-0.30323418426930443
20210712,0.0,-0.30323418426930443
20210713,0.0,-0.30323418426930443
20210714,0.0,-0.30323418426930443
20210715,0.0,-0.30323418426930443
20210716,0.0,-0.30323418426930443
20210717,0.0,-0.30323418426930443
20210718,0.0,-0.30323418426930443
20210719,0.0,-0.30323418426930443
20210720,0.0,-0.30323418426930443
20210721,0.0,-0.30323418426930443
20210722,0.0,-0.30323418426930443
20210723,0.0,-0.30323418426930443
20210724,0.0,-0.30323418426930443
20210725,0.0,-0.30323418426930443
20210726,0.0,-0.30323418426930443
20210727,0.0,-0.30323418426930443
20210728,0.0,-0.30323418426930443
20210729,0.0,-0.30323418426930443
20210730,0.0,-0.30323418426930443
20210731,0.0,-0.30323418426930443
20210801,0.0,-0.30323418426930443
20210802,0.0,-0.30323418426930443
20210803,0.0,-0.30323418426930443
20210804,0.0,-0.30323418426930443
20210805,0.0,-0.30323418426930443
20210806,0.0,-0.30323418426930443
20210807,0.0,-0.30323418426930443
20210808,0.0,-0.30323418426930443
20210809,0.0,-0.30323418426930443
20210810,0.0,-0.30323418426930443
20210811,0.0,-0.30323418426930443
20210812,0.0,-0.30323418426930443
20210813,0.0,-0.30323418426930443
20210814,0.0,-0.30323418426930443
20210815,0.0,-0.30323418426930443
20210816,0.0,-0.30323418426930443
20210817,0.0,-0.30323418426930443
20210818,0.0,-0.30323418426930443
20210819,0.0,-0.30323418426930443
20210820,0.0,-0.30323418426930443
20210821,0.0,-0.30323418426930443
20210822,0.0,-0.30323418426930443
20210823,0.0,-0.30323418426930443
20210824,0.0,-0.30323418426930443
20210825,0.0,-0.30323418426930443
20210826,0.0,-0.30323418426930443
20210827,0.0,-0.30323418426930443
20210828,0.0,-0.30323418426930443
20210829,0.0,-0.30323418426930443
20210830,0.0,-0.30323418426930443
20210831,0.0,-0.30323418426930443
20210901,0.0,-0.30323418426930443
20210902,0.0,-0.30323418426930443
20210903,0.0,-0.30323418426930443
20210904,0.0,-0.30323418426930443
20210905,0.0,-0.30323418426930443
20210906,0.0,-0.30323418426930443
20210907,0.0,-0.30323418426930443
20210908,0.0,-0.30323418426930443
20210909,0.0,-0.30323418426930443
20210910,0.0,-0.30323418426930443
20210911,0.0,-0.30323418426930443
20210912,0.0,-0.30323418426930443
20210913,0.0,-0.30323418426930443
20210914,0.0,-0.30323418426930443
20210915,0.0,-0.30323418426930443
20210916,0.0,-0.30323418426930443
20210917,0.0,-0.30323418426930443
20210918,0.0,-0.30323418426930443
20210919,0.0,-0.30323418426930443
20210920,0.0,-0.30323418426930443
20210921,0.0,-0.30323418426930443
20210922,0.0,-0.30323418426930443
20210923,0.0,-0.30323418426930443
20210924,0.0,-0.30323418426930443
20210925,0.0,-0.30323418426930443
20210926,0.0,-0.30323418426930443
20210927,0.0,-0.30323418426930443
20210928,0.0,-0.30323418426930443
20210929,0.0,-0.30323418426930443
20210930,0.0,-0.30323418426930443
20211001,0.0,-0.30323418426930443
20211002,0.0,-0.30323418426930443
20211003,0.0,-0.30323418426930443
20211004,0.0,-0.30323418426930443
20211005,0.0,-0.30323418426930443
20211006,0.0,-0.30323418426930443
20211007,0.0,-0.30323418426930443
20211008,0.0,-0.30323418426930443
20211009,0.0,-0.30323418426930443
20211010,0.0,-0.30323418426930443
20211011,0.0,-0.30323418426930443
20211012,0.0,-0.30323418426930443
20211013,0.0,-0.30323418426930443
20211014,0.0,-0.30323418426930443
20211015,0.0,-0.30323418426930443
20211016,0.0,-0.30323418426930443
20211017,0.0,-0.30323418426930443
20211018,0.0,-0.30323418426930443
20211019,0.0,-0.30323418426930443
20211020,2.05,0.17570352211843834
20211021,7.15,1.3672070843513595
20211022,0.0,-0.30323418426930443
20211023,0.0,-0.30323418426930443
20211024,0.0,-0.30323418426930443
20211025,0.0,-0.30323418426930443
20211026,0.0,-0.30323418426930443
20211027,34.72,7.808335164892857
20211028,4.43,0.7317385178271348
20211029,0.01,-0.3008979027747301
20211030,0.0,-0.30323418426930443
20211031,0.0,-0.30323418426930443
20211101,0.0,-0.30323418426930443
20211102,0.0,-0.30323418426930443
20211103,0.0,-0.30323418426930443
20211104,0.0,-0.30323418426930443
20211105,0.0,-0.30323418426930443
20211106,0.0,-0.30323418426930443
20211107,1.36,0.014500098992807891
20211108,0.0,-0.30323418426930443
20211109,0.0,-0.30323418426930443
20211110,0.07,-0.28688021380728396
20211111,0.01,-0.3008979027747301
20211112,0.27,-0.24015458391579683
20211113,0.0,-0.30323418426930443
20211114,0.0,-0.30323418426930443
20211115,1.27,-0.006526434458361325
20211116,1.71,0.09626995130291029
20211117,2.42,0.2621459374176895
20211118,0.0,-0.30323418426930443
20211119,0.0,-0.30323418426930443
20211120,0.0,-0.30323418426930443
20211121,0.0,-0.30323418426930443
20211122,0.0,-0.30323418426930443
20211123,0.0,-0.30323418426930443
20211124,0.0,-0.30323418426930443
20211125,0.0,-0.30323418426930443
20211126,0.0,-0.30323418426930443
20211127,0.0,-0.30323418426930443
20211128,0.0,-0.30323418426930443
20211129,0.0,-0.30323418426930443
20211130,0.0,-0.30323418426930443
20211201,0.03,-0.29622533978558135
20211202,0.22,-0.25183599138866863
20211203,2.17,0.20373890005333062
20211204,0.0,-0.30323418426930443
20211205,0.0,-0.30323418426930443
20211206,0.0,-0.30323418426930443
20211207,0.0,-0.30323418426930443
20211208,0.0,-0.30323418426930443
20211209,2.26,0.2247654335044998
20211210,1.41,0.026181506465679624
20211211,0.09,-0.2822076508181352
20211212,0.16,-0.2658536803561148
20211213,0.01,-0.3008979027747301
20211214,0.0,-0.30323418426930443
20211215,0.0,-0.30323418426930443
20211216,0.0,-0.30323418426930443
20211217,0.01,-0.3008979027747301
20211218,0.37,-0.2167917689700533
20211219,3.58,0.5331545907883147
20211220,12.23,2.554038083595132
20211221,6.75,1.2737558245683853
20211222,0.0,-0.30323418426930443
20211223,0.0,-0.30323418426930443
20211224,0.0,-0.30323418426930443
20211225,0.0,-0.30323418426930443
20211226,0.0,-0.30323418426930443
20211227,0.0,-0.30323418426930443
20211228,0.0,-0.30323418426930443
20211229,0.0,-0.30323418426930443
20211230,0.0,-0.30323418426930443
20211231,0.0,-0.30323418426930443
20220101,0.0,-0.30323418426930443
20220102,0.0,-0.30323418426930443
20220103,0.01,-0.3008979027747301
20220104,0.0,-0.30323418426930443
20220105,0.0,-0.30323418426930443
20220106,0.0,-0.30323418426930443
20220107,0.05,-0.29155277679643266
20220108,4.49,0.7457562067945811
20220109,3.4,0.49110152388597633
20220110,0.07,-0.28688021380728396
20220111,0.01,-0.3008979027747301
20220112,5.38,0.9536852598116986
20220113,21.05,4.614638361809713
20220114,24.47,5.413646632954143
20220115,12.09,2.521330142671091
20220116,11.47,2.3764806900074813
20220117,5.84,1.061154208562119
20220118,22.26,4.89732842265321
20220119,25.9,5.747734886678276
20220120,37.87,8.544263835683779
20220121,2.48,0.27616362638513564
20220122,0.01,-0.3008979027747301
20220123,0.01,-0.3008979027747301
20220124,0.0,-0.30323418426930443
20220125,0.0,-0.30323418426930443
20220126,1.87,0.1336504552161
20220127,0.24,-0.2471634283995199
20220128,0.06,-0.2892164953018583
20220129,1.89,0.13832301820524867
20220130,8.75,1.7410121234832563
20220131,2.16,0.20140261855875632
20220201,4.96,0.8555614370395758
20220202,7.81,1.521401662993267
20220203,0.08,-0.2845439323127096
20220204,0.2,-0.25650855437781733
20220205,16.98,3.6637717935179506
20220206,9.07,1.8157731313096357
20220207,4.26,0.6920217324193708
20220208,3.39,0.488765242391402
20220209,3.85,0.5962341911418223
20220210,2.3,0.23411055948279721
20220211,5.45,0.9700392302737192
20220212,12.56,2.631135372916086
20220213,53.39,12.17017271526318
20220214,24.33,5.380938692030102
20220215,15.47,3.3109932878372232
20220216,5.89,1.0728356160349908
20220217,0.03,-0.29622533978558135
20220218,0.01,-0.3008979027747301
20220219,2.39,0.25513709293396647
20220220,6.65,1.2503930096226419
20220221,1.23,-0.015871560436658754
20220222,0.02,-0.29856162128015573
20220223,0.0,-0.30323418426930443
20220224,0.0,-0.30323418426930443
20220225,0.02,-0.29856162128015573
20220226,0.0,-0.30323418426930443
20220227,0.03,-0.29622533978558135
20220228,0.96,-0.07895116079016634
20220301,1.62,0.07524341785174113
20220302,1.62,0.07524341785174113
20220303,12.16,2.5376841131331114
20220304,0.0,-0.30323418426930443
20220305,0.0,-0.30323418426930443
20220306,4.88,0.8368711850829809
20220307,0.39,-0.21211920598090458
20220308,0.01,-0.3008979027747301
20220309,0.01,-0.3008979027747301
20220310,0.4,-0.20978292448633024
20220311,0.04,-0.29388905829100703
20220312,0.08,-0.2845439323127096
20220313,9.23,1.8531536352228255
20220314,14.52,3.0890465458526593
20220315,0.07,-0.28688021380728396
20220316,0.0,-0.30323418426930443
20220317,0.38,-0.21445548747547893
20220318,18.72,4.0702847735738885
20220319,3.21,0.44671217548906356
20220320,24.2,5.350567032600635
20220321,4.02,0.6359509765495862
20220322,0.02,-0.29856162128015573
20220323,2.83,0.3579334786952381
20220324,7.26,1.3929061807916774
20220325,2.1,0.18738492959131017
20220326,0.03,-0.29622533978558135
20220327,0.0,-0.30323418426930443
20220328,0.65,-0.15137588712197134
20220329,0.74,-0.13034935367080216
20220330,5.78,1.047136519594673
20220331,2.22,0.21542030752620245
20220401,0.2,-0.25650855437781733
20220402,0.26,-0.2424908654103712
20220403,2.22,0.21542030752620245
20220404,0.0,-0.30323418426930443
20220405,0.0,-0.30323418426930443
20220406,0.0,-0.30323418426930443
20220407,0.0,-0.30323418426930443
20220408,0.0,-0.30323418426930443
20220409,0.0,-0.30323418426930443
20220410,0.0,-0.30323418426930443
20220411,0.0,-0.30323418426930443
20220412,0.0,-0.30323418426930443
20220413,0.0,-0.30323418426930443
20220414,0.0,-0.30323418426930443
20220415,0.05,-0.29155277679643266
20220416,0.04,-0.29388905829100703
20220417,0.0,-0.30323418426930443
20220418,0.0,-0.30323418426930443
20220419,0.0,-0.30323418426930443
20220420,0.0,-0.30323418426930443
20220421,0.0,-0.30323418426930443
20220422,0.0,-0.30323418426930443
20220423,0.01,-0.3008979027747301
20220424,0.01,-0.3008979027747301
20220425,0.03,-0.29622533978558135
20220426,0.0,-0.30323418426930443
20220427,0.02,-0.29856162128015573
20220428,0.17,-0.2635173988615404
20220429,1.38,0.019172661981956555
20220430,0.08,-0.2845439323127096
20220501,0.0,-0.30323418426930443
20220502,0.0,-0.30323418426930443
20220503,0.0,-0.30323418426930443
20220504,0.0,-0.30323418426930443
20220505,0.0,-0.30323418426930443
20220506,0.0,-0.30323418426930443
20220507,0.0,-0.30323418426930443
20220508,0.0,-0.30323418426930443
20220509,0.0,-0.30323418426930443
20220510,0.0,-0.30323418426930443
20220511,0.0,-0.30323418426930443
20220512,0.0,-0.30323418426930443
20220513,0.0,-0.30323418426930443
20220514,0.0,-0.30323418426930443
20220515,0.0,-0.30323418426930443
20220516,0.0,-0.30323418426930443
20220517,0.0,-0.30323418426930443
20220518,0.0,-0.30323418426930443
20220519,0.0,-0.30323418426930443
20220520,0.01,-0.3008979027747301
20220521,0.0,-0.30323418426930443
20220522,0.0,-0.30323418426930443
20220523,0.0,-0.30323418426930443
20220524,0.0,-0.30323418426930443
20220525,0.0,-0.30323418426930443
20220526,0.0,-0.30323418426930443
20220527,0.0,-0.30323418426930443
20220528,0.0,-0.30323418426930443
20220529,0.0,-0.30323418426930443
20220530,0.0,-0.30323418426930443
20220531,0.0,-0.30323418426930443
20220601,0.0,-0.30323418426930443
20220602,0.0,-0.30323418426930443
20220603,0.0,-0.30323418426930443
20220604,0.0,-0.30323418426930443
20220605,0.0,-0.30323418426930443
20220606,0.0,-0.30323418426930443
20220607,0.0,-0.30323418426930443
20220608,0.0,-0.30323418426930443
20220609,0.0,-0.30323418426930443
20220610,0.0,-0.30323418426930443
20220611,0.0,-0.30323418426930443
20220612,0.0,-0.30323418426930443
20220613,0.0,-0.30323418426930443
20220614,0.0,-0.30323418426930443
20220615,0.0,-0.30323418426930443
20220616,0.0,-0.30323418426930443
20220617,0.0,-0.30323418426930443
20220618,0.0,-0.30323418426930443
20220619,0.0,-0.30323418426930443
20220620,0.0,-0.30323418426930443
20220621,0.0,-0.30323418426930443
20220622,0.0,-0.30323418426930443
20220623,0.0,-0.30323418426930443
20220624,0.0,-0.30323418426930443
20220625,0.0,-0.30323418426930443
20220626,0.0,-0.30323418426930443
20220627,0.0,-0.30323418426930443
20220628,0.0,-0.30323418426930443
20220629,0.0,-0.30323418426930443
20220630,0.0,-0.30323418426930443
20220701,0.0,-0.30323418426930443
20220702,0.0,-0.30323418426930443
20220703,0.0,-0.30323418426930443
20220704,0.0,-0.30323418426930443
20220705,0.0,-0.30323418426930443
20220706,0.0,-0.30323418426930443
20220707,0.0,-0.30323418426930443
20220708,0.0,-0.30323418426930443
20220709,0.0,-0.30323418426930443
20220710,0.0,-0.30323418426930443
20220711,0.0,-0.30323418426930443
20220712,0.0,-0.30323418426930443
20220713,0.0,-0.30323418426930443
20220714,0.0,-0.30323418426930443
20220715,0.0,-0.30323418426930443
20220716,0.0,-0.30323418426930443
20220717,0.0,-0.30323418426930443
20220718,0.0,-0.30323418426930443
20220719,0.0,-0.30323418426930443
20220720,0.0,-0.30323418426930443
20220721,0.0,-0.30323418426930443
20220722,0.0,-0.30323418426930443
20220723,0.0,-0.30323418426930443
20220724,0.0,-0.30323418426930443
20220725,0.0,-0.30323418426930443
20220726,0.0,-0.30323418426930443
20220727,0.0,-0.30323418426930443
20220728,0.0,-0.30323418426930443
20220729,0.0,-0.30323418426930443
20220730,0.0,-0.30323418426930443
20220731,0.0,-0.30323418426930443
20220801,0.01,-0.3008979027747301
20220802,0.0,-0.30323418426930443
20220803,0.0,-0.30323418426930443
20220804,0.0,-0.30323418426930443
20220805,0.0,-0.30323418426930443
20220806,0.0,-0.30323418426930443
20220807,0.0,-0.30323418426930443
20220808,0.0,-0.30323418426930443
20220809,0.0,-0.30323418426930443
20220810,0.0,-0.30323418426930443
20220811,0.0,-0.30323418426930443
20220812,0.0,-0.30323418426930443
20220813,0.0,-0.30323418426930443
20220814,0.0,-0.30323418426930443
20220815,0.0,-0.30323418426930443
20220816,0.0,-0.30323418426930443
20220817,0.0,-0.30323418426930443
20220818,0.0,-0.30323418426930443
20220819,0.0,-0.30323418426930443
20220820,0.0,-0.30323418426930443
20220821,0.0,-0.30323418426930443
20220822,0.0,-0.30323418426930443
20220823,0.0,-0.30323418426930443
20220824,0.0,-0.30323418426930443
20220825,0.0,-0.30323418426930443
20220826,0.0,-0.30323418426930443
20220827,0.0,-0.30323418426930443
20220828,0.0,-0.30323418426930443
20220829,0.0,-0.30323418426930443
20220830,0.0,-0.30323418426930443
20220831,0.0,-0.30323418426930443
20220901,0.0,-0.30323418426930443
20220902,0.0,-0.30323418426930443
20220903,0.0,-0.30323418426930443
20220904,0.0,-0.30323418426930443
20220905,0.0,-0.30323418426930443
20220906,0.0,-0.30323418426930443
20220907,0.0,-0.30323418426930443
20220908,0.0,-0.30323418426930443
20220909,0.0,-0.30323418426930443
20220910,0.0,-0.30323418426930443
20220911,0.0,-0.30323418426930443
20220912,0.0,-0.30323418426930443
20220913,0.0,-0.30323418426930443
20220914,0.0,-0.30323418426930443
20220915,0.0,-0.30323418426930443
20220916,0.0,-0.30323418426930443
20220917,0.0,-0.30323418426930443
20220918,0.0,-0.30323418426930443
20220919,0.0,-0.30323418426930443
20220920,0.0,-0.30323418426930443
20220921,0.0,-0.30323418426930443
20220922,0.0,-0.30323418426930443
20220923,0.0,-0.30323418426930443
20220924,0.0,-0.30323418426930443
20220925,0.0,-0.30323418426930443
20220926,0.0,-0.30323418426930443
20220927,0.0,-0.30323418426930443
20220928,0.0,-0.30323418426930443
20220929,0.0,-0.30323418426930443
20220930,0.0,-0.30323418426930443
20221001,0.0,-0.30323418426930443
20221002,0.0,-0.30323418426930443
20221003,0.0,-0.30323418426930443
20221004,0.0,-0.30323418426930443
20221005,0.0,-0.30323418426930443
20221006,0.0,-0.30323418426930443
20221007,0.0,-0.30323418426930443
20221008,0.0,-0.30323418426930443
20221009,0.0,-0.30323418426930443
20221010,0.0,-0.30323418426930443
20221011,0.0,-0.30323418426930443
20221012,0.0,-0.30323418426930443
20221013,0.0,-0.30323418426930443
20221014,0.03,-0.29622533978558135
20221015,9.13,1.829790820277082
20221016,39.4,8.901714904353655
20221017,6.34,1.1779682832908367
20221018,0.19,-0.2588448358723917
20221019,0.02,-0.29856162128015573
20221020,1.48,0.04253547692770013
20221021,1.32,0.005154973014510462
20221022,0.78,-0.12100422769250473
20221023,0.13,-0.27286252483983786
20221024,0.01,-0.3008979027747301
20221025,0.0,-0.30323418426930443
20221026,0.0,-0.30323418426930443
20221027,0.0,-0.30323418426930443
20221028,0.0,-0.30323418426930443
20221029,0.0,-0.30323418426930443
20221030,0.14,-0.27052624334526343
20221031,0.04,-0.29388905829100703
20221101,0.01,-0.3008979027747301
20221102,0.0,-0.30323418426930443
20221103,0.0,-0.30323418426930443
20221104,0.0,-0.30323418426930443
20221105,0.0,-0.30323418426930443
20221106,1.2,-0.022880404920381826
20221107,2.83,0.3579334786952381
20221108,0.0,-0.30323418426930443
20221109,0.0,-0.30323418426930443
20221110,0.0,-0.30323418426930443
20221111,0.01,-0.3008979027747301
20221112,0.0,-0.30323418426930443
20221113,0.0,-0.30323418426930443
20221114,0.0,-0.30323418426930443
20221115,0.0,-0.30323418426930443
20221116,0.0,-0.30323418426930443
20221117,0.12,-0.2751988063344121
20221118,1.57,0.06356201037886934
20221119,0.76,-0.12567679068165344
20221120,4.61,0.7737915847294734
20221121,10.66,2.187241888946958
20221122,0.0,-0.30323418426930443
20221123,0.0,-0.30323418426930443
20221124,0.08,-0.2845439323127096
20221125,0.0,-0.30323418426930443
20221126,0.0,-0.30323418426930443
20221127,0.0,-0.30323418426930443
20221128,0.01,-0.3008979027747301
20221129,0.21,-0.254172272883243
20221130,0.15,-0.2681899618506891
20221201,14.49,3.0820377013689364
20221202,9.84,1.995666806391861
20221203,0.0,-0.30323418426930443
20221204,0.0,-0.30323418426930443
20221205,0.0,-0.30323418426930443
20221206,0.0,-0.30323418426930443
20221207,0.0,-0.30323418426930443
20221208,0.0,-0.30323418426930443
20221209,0.28,-0.23781830242122248
20221210,0.19,-0.2588448358723917
20221211,0.0,-0.30323418426930443
20221212,0.0,-0.30323418426930443
20221213,2.18,0.20607518154790502
20221214,47.12,10.705324218165057
20221215,31.8,7.126140968477145
20221216,0.28,-0.23781830242122248
20221217,0.0,-0.30323418426930443
20221218,0.0,-0.30323418426930443
20221219,0.0,-0.30323418426930443
20221220,0.0,-0.30323418426930443
20221221,12.18,2.5423566761222602
20221222,11.48,2.3788169715020553
20221223,57.56,13.144402098500684
20221224,1.22,-0.01820784193123311
20221225,0.0,-0.30323418426930443
20221226,0.0,-0.30323418426930443
20221227,6.54,1.2246939131823238
20221228,4.95,0.8532251555450014
20221229,5.28,0.9303224448659552
20221230,5.99,1.0961984309807344
20221231,1.58,0.0658982918734437
20230101,0.1,-0.2798713693235609
20230102,0.6,-0.16305729459484314
20230103,2.24,0.22009287051535117
20230104,6.27,1.161614312828816
20230105,0.0,-0.30323418426930443
20230106,0.0,-0.30323418426930443
20230107,0.0,-0.30323418426930443
20230108,0.0,-0.30323418426930443
20230109,0.0,-0.30323418426930443
20230110,0.0,-0.30323418426930443
20230111,0.0,-0.30323418426930443
20230112,0.0,-0.30323418426930443
20230113,0.0,-0.30323418426930443
20230114,0.0,-0.30323418426930443
20230115,0.45,-0.19810151701345846
20230116,40.17,9.081608579435882
20230117,54.28,12.378101768280295
20230118,9.68,1.9582863024786714
20230119,13.52,2.8554183963952235
20230120,2.88,0.36961488616810984
20230121,2.86,0.36494232317896114
20230122,2.69,0.3252255377711971
20230123,4.69,0.7924818366860682
20230124,23.33,5.147310542572666
20230125,2.55,0.2925175968471561
20230126,2.58,0.29952644133087925
20230127,0.93,-0.08596000527388939
20230128,2.99,0.3953139826084278
20230129,4.6,0.7714553032348989
20230130,3.09,0.4186767975541713
20230131,2.64,0.31354413029832534
20230201,3.94,0.6172607245929915
20230202,2.65,0.31588041179289966
20230203,7.97,1.5587821669064565
20230204,3.0,0.39765026410300214
20230205,4.63,0.778464147718622
20230206,5.36,0.9490126968225501
20230207,17.56,3.7992761202032628
20230208,4.94,0.8508888740504271
20230209,1.14,-0.03689809388782797
20230210,0.0,-0.30323418426930443
20230211,0.0,-0.30323418426930443
20230212,0.0,-0.30323418426930443
20230213,0.0,-0.30323418426930443
20230214,0.0,-0.30323418426930443
20230215,0.0,-0.30323418426930443
20230216,0.0,-0.30323418426930443
20230217,0.0,-0.30323418426930443
20230218,0.0,-0.30323418426930443
20230219,0.0,-0.30323418426930443
20230220,0.0,-0.30323418426930443
20230221,0.0,-0.30323418426930443
20230222,0.0,-0.30323418426930443
20230223,1.03,-0.06259719032814584
20230224,0.12,-0.2751988063344121
20230225,0.0,-0.30323418426930443
20230226,0.0,-0.30323418426930443
20230227,12.24,2.5563743650897064
20230228,6.76,1.2760921060629595
20230301,0.22,-0.25183599138866863
20230302,0.0,-0.30323418426930443
20230303,0.0,-0.30323418426930443
20230304,0.0,-0.30323418426930443
20230305,0.0,-0.30323418426930443
20230306,0.0,-0.30323418426930443
20230307,0.0,-0.30323418426930443
20230308,0.0,-0.30323418426930443
20230309,0.0,-0.30323418426930443
20230310,0.0,-0.30323418426930443
20230311,0.0,-0.30323418426930443
20230312,2.4,0.2574733744285408
20230313,2.37,0.25046452994481777
20230314,0.07,-0.28688021380728396
20230315,0.2,-0.25650855437781733
20230316,0.1,-0.2798713693235609
20230317,0.01,-0.3008979027747301
20230318,0.19,-0.2588448358723917
20230319,0.33,-0.2261368949483507
20230320,1.03,-0.06259719032814584
20230321,0.9,-0.09296884975761247
20230322,1.05,-0.057924627338997135
20230323,13.37,2.8203741739766084
20230324,0.0,-0.30323418426930443
20230325,0.0,-0.30323418426930443
20230326,0.03,-0.29622533978558135
20230327,1.31,0.0028186915199361045
20230328,1.81,0.11963276624865386
20230329,0.01,-0.3008979027747301
20230330,0.0,-0.30323418426930443
20230331,0.0,-0.30323418426930443
20230401,0.0,-0.30323418426930443
20230402,0.74,-0.13034935367080216
20230403,0.01,-0.3008979027747301
20230404,0.03,-0.29622533978558135
20230405,0.04,-0.29388905829100703
20230406,0.02,-0.29856162128015573
20230407,0.01,-0.3008979027747301
20230408,0.09,-0.2822076508181352
20230409,0.1,-0.2798713693235609
20230410,0.01,-0.3008979027747301
20230411,0.0,-0.30323418426930443
20230412,0.0,-0.30323418426930443
20230413,0.0,-0.30323418426930443
20230414,0.0,-0.30323418426930443
20230415,0.02,-0.29856162128015573
20230416,1.61,0.07290713635716677
20230417,16.09,3.455842740500833
20230418,2.17,0.20373890005333062
20230419,3.67,0.5541811242394838
20230420,0.55,-0.17473870206771489
20230421,0.02,-0.29856162128015573
20230422,0.03,-0.29622533978558135
20230423,0.0,-0.30323418426930443
20230424,5.73,1.0354551121218012
20230425,0.49,-0.18875639103516104
20230426,0.87,-0.09997769424133554
20230427,0.3,-0.23314573943207378
20230428,0.19,-0.2588448358723917
20230429,0.14,-0.27052624334526343
20230430,3.22,0.449048456983638
20230501,1.44,0.033190350949402696
20230502,8.8,1.7526935309561282
20230503,0.04,-0.29388905829100703
20230504,0.01,-0.3008979027747301
20230505,0.0,-0.30323418426930443
20230506,0.0,-0.30323418426930443
20230507,0.01,-0.3008979027747301
20230508,0.0,-0.30323418426930443
20230509,0.0,-0.30323418426930443
20230510,0.0,-0.30323418426930443
20230511,0.0,-0.30323418426930443
20230512,0.0,-0.30323418426930443
20230513,0.01,-0.3008979027747301
20230514,0.33,-0.2261368949483507
20230515,2.71,0.3298981007603458
20230516,0.45,-0.19810151701345846
20230517,0.01,-0.3008979027747301
20230518,0.0,-0.30323418426930443
20230519,0.0,-0.30323418426930443
20230520,0.0,-0.30323418426930443
20230521,0.0,-0.30323418426930443
20230522,0.0,-0.30323418426930443
20230523,0.0,-0.30323418426930443
20230524,0.0,-0.30323418426930443
20230525,0.0,-0.30323418426930443
20230526,0.0,-0.30323418426930443
20230527,0.0,-0.30323418426930443
20230528,0.28,-0.23781830242122248
20230529,0.01,-0.3008979027747301
20230530,0.0,-0.30323418426930443
20230531,0.0,-0.30323418426930443
20230601,0.0,-0.30323418426930443
20230602,0.0,-0.30323418426930443
20230603,0.0,-0.30323418426930443
20230604,0.0,-0.30323418426930443
20230605,0.0,-0.30323418426930443
20230606,0.0,-0.30323418426930443
20230607,0.0,-0.30323418426930443
20230608,0.0,-0.30323418426930443
20230609,0.0,-0.30323418426930443
20230610,0.0,-0.30323418426930443
20230611,0.0,-0.30323418426930443
20230612,0.0,-0.30323418426930443
20230613,0.0,-0.30323418426930443
20230614,0.0,-0.30323418426930443
20230615,0.0,-0.30323418426930443
20230616,0.0,-0.30323418426930443
20230617,0.0,-0.30323418426930443
20230618,0.0,-0.30323418426930443
20230619,0.0,-0.30323418426930443
20230620,0.0,-0.30323418426930443
20230621,0.0,-0.30323418426930443
20230622,0.0,-0.30323418426930443
20230623,0.0,-0.30323418426930443
20230624,0.0,-0.30323418426930443
20230625,0.0,-0.30323418426930443
20230626,0.0,-0.30323418426930443
20230627,0.0,-0.30323418426930443
20230628,0.0,-0.30323418426930443
20230629,0.0,-0.30323418426930443
20230630,0.0,-0.30323418426930443
20230701,0.0,-0.30323418426930443
20230702,0.0,-0.30323418426930443
20230703,0.0,-0.30323418426930443
20230704,0.0,-0.30323418426930443
20230705,0.0,-0.30323418426930443
20230706,0.0,-0.30323418426930443
20230707,0.0,-0.30323418426930443
20230708,0.0,-0.30323418426930443
20230709,0.0,-0.30323418426930443
20230710,0.0,-0.30323418426930443
20230711,0.0,-0.30323418426930443
20230712,0.0,-0.30323418426930443
20230713,0.0,-0.30323418426930443
20230714,0.0,-0.30323418426930443
20230715,0.0,-0.30323418426930443
20230716,0.0,-0.30323418426930443
20230717,0.0,-0.30323418426930443
20230718,0.0,-0.30323418426930443
20230719,0.0,-0.30323418426930443
20230720,0.0,-0.30323418426930443
20230721,0.0,-0.30323418426930443
20230722,0.0,-0.30323418426930443
20230723,0.0,-0.30323418426930443
20230724,0.0,-0.30323418426930443
20230725,0.0,-0.30323418426930443
20230726,0.0,-0.30323418426930443
20230727,0.0,-0.30323418426930443
20230728,0.0,-0.30323418426930443
20230729,0.0,-0.30323418426930443
20230730,0.54,-0.17707498356228926
20230731,0.0,-0.30323418426930443
20230801,0.0,-0.30323418426930443
20230802,0.0,-0.30323418426930443
20230803,0.0,-0.30323418426930443
20230804,0.0,-0.30323418426930443
20230805,0.0,-0.30323418426930443
20230806,0.0,-0.30323418426930443
20230807,0.0,-0.30323418426930443
20230808,0.0,-0.30323418426930443
20230809,0.0,-0.30323418426930443
20230810,0.0,-0.30323418426930443
20230811,0.0,-0.30323418426930443
20230812,0.0,-0.30323418426930443
20230813,0.0,-0.30323418426930443
20230814,0.0,-0.30323418426930443
20230815,0.0,-0.30323418426930443
20230816,0.0,-0.30323418426930443
20230817,0.0,-0.30323418426930443
20230818,0.0,-0.30323418426930443
20230819,0.0,-0.30323418426930443
20230820,0.0,-0.30323418426930443
20230821,0.0,-0.30323418426930443
20230822,0.0,-0.30323418426930443
20230823,0.0,-0.30323418426930443
20230824,0.0,-0.30323418426930443
20230825,0.0,-0.30323418426930443
20230826,0.0,-0.30323418426930443
20230827,0.0,-0.30323418426930443
20230828,0.01,-0.3008979027747301
20230829,0.02,-0.29856162128015573
20230830,0.0,-0.30323418426930443
20230831,0.0,-0.30323418426930443
20230901,0.0,-0.30323418426930443
20230902,0.0,-0.30323418426930443
20230903,0.0,-0.30323418426930443
20230904,0.0,-0.30323418426930443
20230905,0.0,-0.30323418426930443
20230906,0.0,-0.30323418426930443
20230907,0.0,-0.30323418426930443
20230908,0.0,-0.30323418426930443
20230909,0.0,-0.30323418426930443
20230910,0.0,-0.30323418426930443
20230911,0.0,-0.30323418426930443
20230912,0.0,-0.30323418426930443
20230913,0.0,-0.30323418426930443
20230914,0.0,-0.30323418426930443
20230915,0.0,-0.30323418426930443
20230916,0.0,-0.30323418426930443
20230917,0.0,-0.30323418426930443
20230918,0.0,-0.30323418426930443
20230919,0.0,-0.30323418426930443
20230920,0.0,-0.30323418426930443
20230921,0.0,-0.30323418426930443
20230922,0.0,-0.30323418426930443
20230923,0.1,-0.2798713693235609
20230924,0.0,-0.30323418426930443
20230925,0.0,-0.30323418426930443
20230926,0.0,-0.30323418426930443
20230927,0.0,-0.30323418426930443
20230928,0.0,-0.30323418426930443
20230929,0.0,-0.30323418426930443
20230930,0.0,-0.30323418426930443
20231001,0.0,-0.30323418426930443
20231002,0.0,-0.30323418426930443
20231003,0.05,-0.29155277679643266
20231004,0.0,-0.30323418426930443
20231005,0.0,-0.30323418426930443
20231006,0.0,-0.30323418426930443
20231007,0.0,-0.30323418426930443
20231008,0.0,-0.30323418426930443
20231009,0.0,-0.30323418426930443
20231010,0.0,-0.30323418426930443
20231011,0.02,-0.29856162128015573
20231012,0.0,-0.30323418426930443
20231013,0.0,-0.30323418426930443
20231014,0.0,-0.30323418426930443
20231015,0.0,-0.30323418426930443
20231016,0.0,-0.30323418426930443
20231017,0.0,-0.30323418426930443
20231018,0.0,-0.30323418426930443
20231019,0.0,-0.30323418426930443
20231020,0.0,-0.30323418426930443
20231021,0.0,-0.30323418426930443
20231022,0.0,-0.30323418426930443
20231023,0.0,-0.30323418426930443
20231024,0.0,-0.30323418426930443
20231025,0.0,-0.30323418426930443
20231026,0.0,-0.30323418426930443
20231027,0.0,-0.30323418426930443
20231028,0.0,-0.30323418426930443
20231029,0.0,-0.30323418426930443
20231030,0.0,-0.30323418426930443
20231031,0.0,-0.30323418426930443
20231101,0.0,-0.30323418426930443
20231102,0.0,-0.30323418426930443
20231103,0.0,-0.30323418426930443
20231104,0.0,-0.30323418426930443
20231105,0.0,-0.30323418426930443
20231106,0.0,-0.30323418426930443
20231107,0.0,-0.30323418426930443
20231108,0.0,-0.30323418426930443
20231109,0.0,-0.30323418426930443
20231110,0.0,-0.30323418426930443
20231111,0.02,-0.29856162128015573
20231112,0.24,-0.2471634283995199
20231113,0.15,-0.2681899618506891
20231114,0.85,-0.10465025723048425
20231115,1.48,0.04253547692770013
20231116,1.1,-0.04624321986612535
20231117,2.88,0.36961488616810984
20231118,1.08,-0.05091578285527406
20231119,0.03,-0.29622533978558135
20231120,0.0,-0.30323418426930443
20231121,0.0,-0.30323418426930443
20231122,0.0,-0.30323418426930443
20231123,0.81,-0.11399538320878165
20231124,4.86,0.8321986220938322
20231125,0.67,-0.14670332413282264
20231126,0.01,-0.3008979027747301
20231127,0.22,-0.25183599138866863
20231128,0.11,-0.2775350878289865
20231129,0.02,-0.29856162128015573
20231130,0.07,-0.28688021380728396
20231201,0.19,-0.2588448358723917
20231202,3.14,0.43035820502704314
20231203,10.6,2.173224199979512
20231204,0.3,-0.23314573943207378
20231205,1.46,0.03786291393855141
20231206,1.8,0.11729648475407951
20231207,0.0,-0.30323418426930443
20231208,0.0,-0.30323418426930443
20231209,0.0,-0.30323418426930443
20231210,0.01,-0.3008979027747301
20231211,0.0,-0.30323418426930443
20231212,0.0,-0.30323418426930443
20231213,0.0,-0.30323418426930443
20231214,0.0,-0.30323418426930443
20231215,0.0,-0.30323418426930443
20231216,0.0,-0.30323418426930443
20231217,0.01,-0.3008979027747301
20231218,0.25,-0.24482714690494556
20231219,0.3,-0.23314573943207378
20231220,0.87,-0.09997769424133554
20231221,8.58,1.7012953380754923
20231222,0.08,-0.2845439323127096
20231223,0.51,-0.1840838280460123
20231224,0.35,-0.221464331959202
20231225,0.0,-0.30323418426930443
20231226,0.0,-0.30323418426930443
20231227,1.16,-0.03222553089867925
20231228,0.0,-0.30323418426930443
20231229,0.0,-0.30323418426930443
20231230,0.0,-0.30323418426930443
20231231,0.0,-0.30323418426930443
20240101,0.0,-0.30323418426930443
20240102,0.96,-0.07895116079016634
20240103,3.13,0.4280219235324687
20240104,4.43,0.7317385178271348
20240105,2.18,0.20607518154790502
20240106,4.26,0.6920217324193708
20240107,10.21,2.0821092216911126
20240108,1.42,0.028517787960253983
20240109,0.0,-0.30323418426930443
20240110,0.49,-0.18875639103516104
20240111,0.0,-0.30323418426930443
20240112,0.04,-0.29388905829100703
20240113,0.61,-0.16072101310026876
20240114,0.19,-0.2588448358723917
20240115,0.27,-0.24015458391579683
20240116,6.08,1.1172249644319034
20240117,4.13,0.6616500729899042
20240118,0.0,-0.30323418426930443
20240119,0.5,-0.1864201095405867
20240120,0.99,-0.07194231630644328
20240121,0.29,-0.23548202092664813
20240122,1.36,0.014500098992807891
20240123,0.04,-0.29388905829100703
20240124,1.05,-0.057924627338997135
20240125,0.36,-0.21912805046462766
20240126,3.15,0.4326944865216174
20240127,5.32,0.9396675708442526
20240128,11.7,2.430215164382691
20240129,3.03,0.40465910858672516
20240130,0.24,-0.2471634283995199
20240131,23.3,5.140301698088943
20240201,9.12,1.8274545387825074
20240202,5.61,1.0074197341869089
20240203,4.78,0.8135083701372374
20240204,0.8,-0.11633166470335601
20240205,1.8,0.11729648475407951
20240206,12.41,2.5960911504974704
20240207,48.78,11.093146946264401
20240208,0.6,-0.16305729459484314
20240209,0.13,-0.27286252483983786
20240210,0.14,-0.27052624334526343
20240211,23.16,5.107593757164902
20240212,16.45,3.5399488743055096
20240213,1.99,0.16168583315099225
20240214,2.13,0.1943937740750332
20240215,0.1,-0.2798713693235609
20240216,0.0,-0.30323418426930443
20240217,0.0,-0.30323418426930443
20240218,0.0,-0.30323418426930443
20240219,7.67,1.488693722069226
20240220,8.92,1.7807289088910203
20240221,11.48,2.3788169715020553
20240222,4.28,0.6966942954085197
20240223,3.3,0.46773870894023273
20240224,7.55,1.4606583441343337
20240225,0.06,-0.2892164953018583
20240226,3.62,0.5424997167666121
20240227,0.0,-0.30323418426930443
20240228,3.31,0.47007499043480716
20240229,1.13,-0.03923437538240233
20240301,0.04,-0.29388905829100703
20240302,1.43,0.03085406945482834
20240303,0.04,-0.29388905829100703
20240304,0.0,-0.30323418426930443
20240305,0.0,-0.30323418426930443
20240306,0.0,-0.30323418426930443
20240307,0.0,-0.30323418426930443
20240308,0.0,-0.30323418426930443
20240309,1.12,-0.041570656876976635
20240310,1.5,0.04720803991684884
20240311,1.68,0.08926110681918722
20240312,5.5,0.9817206377465909
20240313,6.42,1.1966585352474315
20240314,0.0,-0.30323418426930443
20240315,0.0,-0.30323418426930443
20240316,0.29,-0.23548202092664813
20240317,0.0,-0.30323418426930443
20240318,0.54,-0.17707498356228926
20240319,0.4,-0.20978292448633024
20240320,0.25,-0.24482714690494556
20240321,2.28,0.2294379964936485
20240322,5.2,0.9116321929093603
20240323,11.3,2.3367639045997173
20240324,0.39,-0.21211920598090458
20240325,3.04,0.40699539008129954
20240326,10.93,2.250321489300466
20240327,13.46,2.841400707427778
20240328,0.23,-0.24949970989409428
20240329,0.06,-0.2892164953018583
20240330,32.94,7.3924770588586215
20240331,7.19,1.376552210329657
20240401,0.27,-0.24015458391579683
20240402,6.47,1.2083399427203032
20240403,4.18,0.673331480462776
20240404,10.18,2.0751003772073893
20240405,0.15,-0.2681899618506891
20240406,0.93,-0.08596000527388939
20240407,0.0,-0.30323418426930443
20240408,0.0,-0.30323418426930443
20240409,0.0,-0.30323418426930443
20240410,0.0,-0.30323418426930443
20240411,0.0,-0.30323418426930443
20240412,0.0,-0.30323418426930443
20240413,0.0,-0.30323418426930443
20240414,0.01,-0.3008979027747301
20240415,0.0,-0.30323418426930443
20240416,0.0,-0.30323418426930443
20240417,0.0,-0.30323418426930443
20240418,0.0,-0.30323418426930443
20240419,0.0,-0.30323418426930443
20240420,0.0,-0.30323418426930443
20240421,0.0,-0.30323418426930443
20240422,0.0,-0.30323418426930443
20240423,0.0,-0.30323418426930443
20240424,0.0,-0.30323418426930443
20240425,0.0,-0.30323418426930443
20240426,0.0,-0.30323418426930443
20240427,0.0,-0.30323418426930443
20240428,0.42,-0.20511036149718154
20240429,0.08,-0.2845439323127096
20240430,0.01,-0.3008979027747301
20240501,0.0,-0.30323418426930443
20240502,0.0,-0.30323418426930443
20240503,0.0,-0.30323418426930443
20240504,0.0,-0.30323418426930443
20240505,0.0,-0.30323418426930443
20240506,0.0,-0.30323418426930443
20240507,0.0,-0.30323418426930443
20240508,0.0,-0.30323418426930443
20240509,0.0,-0.30323418426930443
20240510,0.0,-0.30323418426930443
20240511,0.0,-0.30323418426930443
20240512,0.0,-0.30323418426930443
20240513,0.0,-0.30323418426930443
20240514,0.0,-0.30323418426930443
20240515,0.0,-0.30323418426930443
20240516,0.0,-0.30323418426930443
20240517,0.0,-0.30323418426930443
20240518,0.0,-0.30323418426930443
20240519,0.0,-0.30323418426930443
20240520,0.0,-0.30323418426930443
20240521,0.0,-0.30323418426930443
20240522,0.0,-0.30323418426930443
20240523,0.0,-0.30323418426930443
20240524,0.0,-0.30323418426930443
20240525,0.0,-0.30323418426930443
20240526,0.0,-0.30323418426930443
20240527,0.0,-0.30323418426930443
20240528,0.0,-0.30323418426930443
20240529,0.0,-0.30323418426930443
20240530,0.0,-0.30323418426930443
20240531,0.0,-0.30323418426930443
20240601,0.0,-0.30323418426930443
20240602,0.0,-0.30323418426930443
20240603,0.0,-0.30323418426930443
20240604,0.0,-0.30323418426930443
20240605,0.0,-0.30323418426930443
20240606,0.0,-0.30323418426930443
20240607,0.0,-0.30323418426930443
20240608,0.0,-0.30323418426930443
20240609,0.0,-0.30323418426930443
20240610,0.0,-0.30323418426930443
20240611,0.0,-0.30323418426930443
20240612,0.0,-0.30323418426930443
20240613,0.0,-0.30323418426930443
20240614,0.0,-0.30323418426930443
20240615,0.0,-0.30323418426930443
20240616,0.0,-0.30323418426930443
20240617,0.0,-0.30323418426930443
20240618,0.0,-0.30323418426930443
20240619,0.0,-0.30323418426930443
20240620,0.0,-0.30323418426930443
20240621,0.0,-0.30323418426930443
20240622,0.0,-0.30323418426930443
20240623,0.0,-0.30323418426930443
20240624,0.0,-0.30323418426930443
20240625,0.0,-0.30323418426930443
20240626,0.0,-0.30323418426930443
20240627,0.0,-0.30323418426930443
20240628,0.0,-0.30323418426930443
20240629,0.0,-0.30323418426930443
20240630,0.0,-0.30323418426930443
20240701,0.0,-0.30323418426930443
20240702,0.0,-0.30323418426930443
20240703,0.0,-0.30323418426930443
20240704,0.0,-0.30323418426930443
20240705,0.0,-0.30323418426930443
20240706,0.0,-0.30323418426930443
20240707,0.0,-0.30323418426930443
20240708,0.02,-0.29856162128015573
20240709,0.0,-0.30323418426930443
20240710,0.0,-0.30323418426930443
20240711,0.0,-0.30323418426930443
20240712,0.0,-0.30323418426930443
20240713,0.0,-0.30323418426930443
20240714,0.0,-0.30323418426930443
20240715,0.0,-0.30323418426930443
20240716,0.0,-0.30323418426930443
20240717,0.0,-0.30323418426930443
20240718,0.0,-0.30323418426930443
20240719,0.0,-0.30323418426930443
20240720,0.0,-0.30323418426930443
20240721,0.0,-0.30323418426930443
20240722,0.0,-0.30323418426930443
20240723,0.0,-0.30323418426930443
20240724,0.0,-0.30323418426930443
20240725,0.0,-0.30323418426930443
20240726,0.0,-0.30323418426930443
20240727,0.0,-0.30323418426930443
20240728,0.0,-0.30323418426930443
20240729,0.0,-0.30323418426930443
20240730,0.0,-0.30323418426930443
20240731,0.0,-0.30323418426930443
20240801,0.0,-0.30323418426930443
20240802,0.0,-0.30323418426930443
20240803,0.0,-0.30323418426930443
20240804,0.0,-0.30323418426930443
20240805,0.0,-0.30323418426930443
20240806,0.0,-0.30323418426930443
20240807,0.0,-0.30323418426930443
20240808,0.0,-0.30323418426930443
20240809,0.0,-0.30323418426930443
20240810,0.0,-0.30323418426930443
20240811,0.0,-0.30323418426930443
20240812,0.0,-0.30323418426930443
20240813,0.0,-0.30323418426930443
20240814,0.0,-0.30323418426930443
20240815,0.0,-0.30323418426930443
20240816,0.0,-0.30323418426930443
20240817,0.0,-0.30323418426930443
20240818,0.0,-0.30323418426930443
20240819,0.0,-0.30323418426930443
20240820,0.0,-0.30323418426930443
20240821,0.0,-0.30323418426930443
20240822,0.0,-0.30323418426930443
20240823,0.0,-0.30323418426930443
20240824,0.0,-0.30323418426930443
20240825,0.0,-0.30323418426930443
20240826,0.0,-0.30323418426930443
20240827,0.0,-0.30323418426930443
20240828,0.0,-0.30323418426930443
20240829,0.0,-0.30323418426930443
20240830,0.0,-0.30323418426930443
20240831,0.0,-0.30323418426930443
20240901,0.0,-0.30323418426930443
20240902,0.0,-0.30323418426930443
20240903,0.0,-0.30323418426930443
20240904,0.0,-0.30323418426930443
20240905,0.0,-0.30323418426930443
20240906,0.0,-0.30323418426930443
20240907,0.0,-0.30323418426930443
20240908,0.0,-0.30323418426930443
20240909,0.0,-0.30323418426930443
20240910,0.0,-0.30323418426930443
20240911,0.0,-0.30323418426930443
20240912,0.0,-0.30323418426930443
20240913,0.0,-0.30323418426930443
20240914,0.0,-0.30323418426930443
20240915,0.0,-0.30323418426930443
20240916,0.0,-0.30323418426930443
20240917,0.0,-0.30323418426930443
20240918,0.0,-0.30323418426930443
20240919,0.0,-0.30323418426930443
20240920,0.0,-0.30323418426930443
20240921,0.0,-0.30323418426930443
20240922,0.0,-0.30323418426930443
20240923,0.05,-0.29155277679643266
20240924,0.26,-0.2424908654103712
20240925,3.46,0.5051192128534224
20240926,0.11,-0.2775350878289865
20240927,2.44,0.26681850040683824
20240928,0.02,-0.29856162128015573
20240929,0.0,-0.30323418426930443
20240930,0.0,-0.30323418426930443
20241001,0.0,-0.30323418426930443
20241002,0.0,-0.30323418426930443
20241003,0.0,-0.30323418426930443
20241004,0.0,-0.30323418426930443
20241005,0.0,-0.30323418426930443
20241006,0.0,-0.30323418426930443
20241007,0.02,-0.29856162128015573
20241008,0.0,-0.30323418426930443
20241009,0.0,-0.30323418426930443
20241010,0.0,-0.30323418426930443
20241011,0.0,-0.30323418426930443
20241012,0.0,-0.30323418426930443
20241013,0.01,-0.3008979027747301
20241014,0.0,-0.30323418426930443
20241015,0.01,-0.3008979027747301
20241016,0.0,-0.30323418426930443
20241017,0.0,-0.30323418426930443
20241018,0.0,-0.30323418426930443
20241019,0.0,-0.30323418426930443
20241020,0.0,-0.30323418426930443
20241021,0.0,-0.30323418426930443
20241022,0.0,-0.30323418426930443
20241023,0.0,-0.30323418426930443
20241024,0.0,-0.30323418426930443
20241025,0.0,-0.30323418426930443
20241026,0.0,-0.30323418426930443
20241027,0.0,-0.30323418426930443
20241028,0.0,-0.30323418426930443
20241029,0.0,-0.30323418426930443
20241030,0.0,-0.30323418426930443
20241031,0.0,-0.30323418426930443
20241101,0.0,-0.30323418426930443
20241102,0.1,-0.2798713693235609
20241103,0.97,-0.07661487929559199
20241104,0.0,-0.30323418426930443
20241105,0.0,-0.30323418426930443
20241106,0.73,-0.13268563516537651
20241107,1.71,0.09626995130291029
20241108,15.0,3.2011880575922285
20241109,1.18,-0.02755296790953054
20241110,0.03,-0.29622533978558135
20241111,0.0,-0.30323418426930443
20241112,0.0,-0.30323418426930443
20241113,0.0,-0.30323418426930443
20241114,0.0,-0.30323418426930443
20241115,0.06,-0.2892164953018583
20241116,0.27,-0.24015458391579683
20241117,0.17,-0.2635173988615404
20241118,0.01,-0.3008979027747301
20241119,2.2,0.21074774453705375
20241120,0.24,-0.2471634283995199
20241121,1.93,0.1476681441835461
20241122,0.58,-0.16772985758399184
20241123,0.01,-0.3008979027747301
20241124,2.6,0.30419900432002794
20241125,1.57,0.06356201037886934
20241126,0.0,-0.30323418426930443
20241127,0.0,-0.30323418426930443
20241128,0.0,-0.30323418426930443
20241129,0.0,-0.30323418426930443
20241130,0.0,-0.30323418426930443
20241201,0.0,-0.30323418426930443
20241202,0.0,-0.30323418426930443
20241203,0.0,-0.30323418426930443
20241204,0.0,-0.30323418426930443
20241205,0.0,-0.30323418426930443
20241206,0.0,-0.30323418426930443
20241207,0.0,-0.30323418426930443
20241208,3.59,0.535490872282889
20241209,0.17,-0.2635173988615404
20241210,0.01,-0.3008979027747301
20241211,0.06,-0.2892164953018583
20241212,0.03,-0.29622533978558135
20241213,0.02,-0.29856162128015573
20241214,2.42,0.2621459374176895
20241215,7.84,1.52841050747699
20241216,5.73,1.0354551121218012
20241217,0.0,-0.30323418426930443
20241218,0.0,-0.30323418426930443
20241219,0.0,-0.30323418426930443
20241220,0.28,-0.23781830242122248
20241221,3.63,0.5448359982611864
20241222,4.66,0.7854729922023451
20241223,4.69,0.7924818366860682
20241224,0.03,-0.29622533978558135
20241225,1.29,-0.0018538714692126102
20241226,11.35,2.3484453120725886
20241227,0.04,-0.29388905829100703
20241228,0.0,-0.30323418426930443
20241229,0.42,-0.20511036149718154
20241230,0.04,-0.29388905829100703
20241231,0.6,-0.16305729459484314
20250101,0.11,-0.2775350878289865
20250102,2.1,0.18738492959131017
20250103,37.08,8.359697597612405
20250104,43.63,9.889961976558608
20250105,11.8,2.453577979328435
20250106,0.0,-0.30323418426930443
20250107,0.0,-0.30323418426930443
20250108,0.0,-0.30323418426930443
20250109,0.0,-0.30323418426930443
20250110,0.0,-0.30323418426930443
20250111,0.0,-0.30323418426930443
20250112,0.0,-0.30323418426930443
20250113,0.0,-0.30323418426930443
20250114,0.0,-0.30323418426930443
20250115,0.0,-0.30323418426930443
20250116,0.0,-0.30323418426930443
20250117,0.0,-0.30323418426930443
20250118,0.0,-0.30323418426930443
20250119,0.0,-0.30323418426930443
20250120,4.0,0.6312784135604377
20250121,2.87,0.3672786046735355
20250122,7.47,1.441968092177739
20250123,0.48,-0.19109267252973539
20250124,0.01,-0.3008979027747301
20250125,0.67,-0.14670332413282264
20250126,2.2,0.21074774453705375
20250127,3.81,0.5868890651635249
20250128,0.01,-0.3008979027747301
20250129,2.07,0.18037608510758704
20250130,2.38,0.2528008114393921
20250131,0.0,-0.30323418426930443
20250201,0.0,-0.30323418426930443
20250202,0.13,-0.27286252483983786
20250203,0.83,-0.10932282021963297
20250204,0.73,-0.13268563516537651
20250205,3.27,0.4607298644565097
20250206,4.35,0.71304826587054
20250207,3.11,0.42334936054332
20250208,4.68,0.7901455551914938
20250209,2.24,0.22009287051535117
20250210,1.42,0.028517787960253983
20250211,15.22,3.252586250472864
20250212,0.57,-0.17006613907856621
20250213,2.51,0.28317247086885866
20250214,5.04,0.8742516889961706
20250215,6.44,1.2013310982365804
20250216,2.47,0.2738273448905613
20250217,1.31,0.0028186915199361045
20250218,0.04,-0.29388905829100703
20250219,0.15,-0.2681899618506891
20250220,0.09,-0.2822076508181352
20250221,0.0,-0.30323418426930443
20250222,0.3,-0.23314573943207378
20250223,2.92,0.3789600121464073
20250224,4.62,0.7761278662240477
20250225,40.05,9.053573201500988
20250226,6.83,1.2924460765249801
20250227,8.34,1.6452245822057077
20250228,0.79,-0.11866794619793038
20250301,0.0,-0.30323418426930443
20250302,0.35,-0.221464331959202
20250303,4.09,0.6523049470116068
20250304,8.79,1.7503572494615536
20250305,3.83,0.5915616281526737
20250306,1.37,0.016836380487382247
20250307,1.05,-0.057924627338997135
20250308,1.14,-0.03689809388782797
20250309,23.18,5.112266320154052
20250310,3.33,0.47474755342395586
20250311,0.07,-0.28688021380728396
20250312,1.24,-0.013535278942084396
20250313,3.68,0.5565174057340583
20250314,7.04,1.3415079879110416
20250315,4.13,0.6616500729899042
20250316,3.42,0.49577408687512503
20250317,12.45,2.6054362764757677
20250318,5.63,1.0120922971760575
20250319,7.07,1.3485168323947647
20250320,28.04,6.247699126517188
20250321,11.89,2.474604512779604
20250322,17.62,3.8132938091707094
20250323,1.01,-0.06726975331729457
20250324,1.69,0.09159738831376157
20250325,8.72,1.7340032789995334
20250326,53.35,12.160827589284882
20250327,73.76,16.929178119711143
20250328,14.9,3.177825242646485
20250329,6.17,1.1382514978830727
20250330,6.14,1.1312426533993496
20250331,1.25,-0.01119899744751004
20250401,0.27,-0.24015458391579683
20250402,0.66,-0.149039605627397
20250403,4.71,0.7971543996752168
20250404,3.21,0.44671217548906356
20250405,2.74,0.33690694524406894
20250406,45.63,10.35721827547348
20250407,4.35,0.71304826587054
20250408,0.01,-0.3008979027747301
20250409,0.0,-0.30323418426930443
20250410,0.0,-0.30323418426930443
20250411,0.0,-0.30323418426930443
20250412,0.0,-0.30323418426930443
20250413,0.0,-0.30323418426930443
20250414,0.33,-0.2261368949483507
20250415,1.35,0.012163817498233533
20250416,0.26,-0.2424908654103712
20250417,0.45,-0.19810151701345846
20250418,0.01,-0.3008979027747301
20250419,1.09,-0.0485795013606997
20250420,1.53,0.054216884400571916
20250421,7.69,1.4933662850583749
20250422,0.38,-0.21445548747547893
20250423,0.0,-0.30323418426930443
20250424,0.0,-0.30323418426930443
20250425,0.01,-0.3008979027747301
20250426,0.48,-0.19109267252973539
20250427,0.0,-0.30323418426930443
20250428,0.0,-0.30323418426930443
20250429,0.08,-0.2845439323127096
20250430,1.39,0.02150894347653091
20250501,0.0,-0.30323418426930443
20250502,0.0,-0.30323418426930443
20250503,0.0,-0.30323418426930443
20250504,0.0,-0.30323418426930443
20250505,0.0,-0.30323418426930443
20250506,0.0,-0.30323418426930443
20250507,0.0,-0.30323418426930443
20250508,0.0,-0.30323418426930443
20250509,0.0,-0.30323418426930443
20250510,0.0,-0.30323418426930443
20250511,0.0,-0.30323418426930443
20250512,0.0,-0.30323418426930443
20250513,0.0,-0.30323418426930443
20250514,0.32,-0.22847317644292506
20250515,3.65,0.5495085612503352
20250516,0.13,-0.27286252483983786
20250517,0.0,-0.30323418426930443
20250518,0.0,-0.30323418426930443
20250519,0.0,-0.30323418426930443
20250520,0.0,-0.30323418426930443
20250521,0.0,-0.30323418426930443
20250522,0.0,-0.30323418426930443
20250523,0.0,-0.30323418426930443
20250524,0.0,-0.30323418426930443
20250525,0.0,-0.30323418426930443
20250526,0.0,-0.30323418426930443
20250527,0.0,-0.30323418426930443
20250528,0.0,-0.30323418426930443
20250529,0.0,-0.30323418426930443
20250530,0.0,-0.30323418426930443
20250531,0.0,-0.30323418426930443
20250601,0.0,-0.30323418426930443
20250602,0.0,-0.30323418426930443
20250603,0.0,-0.30323418426930443
20250604,0.0,-0.30323418426930443
20250605,0.0,-0.30323418426930443
20250606,0.0,-0.30323418426930443
20250607,0.0,-0.30323418426930443
20250608,0.0,-0.30323418426930443
20250609,0.42,-0.20511036149718154
20250610,0.0,-0.30323418426930443
20250611,0.0,-0.30323418426930443
20250612,0.0,-0.30323418426930443
20250613,0.0,-0.30323418426930443
20250614,0.82,-0.11165910171420733
20250615,0.0,-0.30323418426930443
20250616,0.0,-0.30323418426930443
20250617,0.0,-0.30323418426930443
20250618,0.0,-0.30323418426930443
20250619,0.0,-0.30323418426930443
20250620,0.0,-0.30323418426930443
20250621,0.0,-0.30323418426930443
20250622,0.0,-0.30323418426930443
20250623,0.0,-0.30323418426930443
20250624,0.0,-0.30323418426930443
20250625,0.0,-0.30323418426930443
20250626,0.05,-0.29155277679643266
20250627,0.0,-0.30323418426930443
20250628,0.0,-0.30323418426930443
20250629,0.0,-0.30323418426930443
20250630,0.0,-0.30323418426930443
20250701,0.0,-0.30323418426930443
20250702,0.0,-0.30323418426930443
20250703,0.0,-0.30323418426930443
20250704,0.0,-0.30323418426930443
20250705,0.0,-0.30323418426930443
20250706,0.0,-0.30323418426930443
20250707,0.0,-0.30323418426930443
20250708,0.0,-0.30323418426930443
20250709,0.0,-0.30323418426930443
20250710,0.0,-0.30323418426930443
20250711,0.0,-0.30323418426930443
20250712,0.0,-0.30323418426930443
20250713,0.0,-0.30323418426930443
20250714,0.0,-0.30323418426930443
20250715,0.0,-0.30323418426930443
20250716,0.0,-0.30323418426930443
20250717,0.0,-0.30323418426930443
20250718,0.0,-0.30323418426930443
20250719,0.0,-0.30323418426930443
20250720,0.0,-0.30323418426930443
20250721,0.04,-0.29388905829100703
20250722,1.9,0.14065929969982302
20250723,1.11,-0.04390693837155099
20250724,0.1,-0.2798713693235609
20250725,0.45,-0.19810151701345846
20250726,4.92,0.8462163110612783
20250727,1.63,0.07757969934631544
20250728,0.04,-0.29388905829100703
20250729,0.01,-0.3008979027747301
20250730,0.0,-0.30323418426930443
20250731,0.0,-0.30323418426930443
20250801,0.0,-0.30323418426930443
20250802,0.0,-0.30323418426930443
20250803,0.0,-0.30323418426930443
20250804,0.0,-0.30323418426930443
20250805,0.0,-0.30323418426930443
20250806,0.02,-0.29856162128015573
20250807,0.0,-0.30323418426930443
20250808,0.0,-0.30323418426930443
20250809,0.0,-0.30323418426930443
20250810,0.0,-0.30323418426930443
20250811,0.0,-0.30323418426930443
20250812,0.0,-0.30323418426930443
20250813,0.0,-0.30323418426930443
20250814,0.0,-0.30323418426930443
20250815,0.0,-0.30323418426930443
20250816,0.0,-0.30323418426930443
20250817,0.0,-0.30323418426930443
20250818,0.0,-0.30323418426930443
20250819,0.0,-0.30323418426930443
20250820,0.0,-0.30323418426930443
20250821,0.0,-0.30323418426930443
20250822,0.0,-0.30323418426930443
20250823,0.0,-0.30323418426930443
20250824,0.0,-0.30323418426930443
20250825,0.0,-0.30323418426930443
20250826,0.03,-0.29622533978558135
20250827,7.27,1.3952424622862516
20250828,0.0,-0.30323418426930443
20250829,0.0,-0.30323418426930443
20250830,0.0,-0.30323418426930443
20250831,0.0,-0.30323418426930443
20250901,0.0,-0.30323418426930443
20250902,0.0,-0.30323418426930443
20250903,0.0,-0.30323418426930443
20250904,0.0,-0.30323418426930443
20250905,0.0,-0.30323418426930443
20250906,0.0,-0.30323418426930443
20250907,0.0,-0.30323418426930443
20250908,0.0,-0.30323418426930443
20250909,0.0,-0.30323418426930443
20250910,0.0,-0.30323418426930443
20250911,0.0,-0.30323418426930443
20250912,0.0,-0.30323418426930443
20250913,0.0,-0.30323418426930443
20250914,0.0,-0.30323418426930443
20250915,0.0,-0.30323418426930443
20250916,0.0,-0.30323418426930443
20250917,0.0,-0.30323418426930443
20250918,0.0,-0.30323418426930443
20250919,0.0,-0.30323418426930443
20250920,0.0,-0.30323418426930443
20250921,0.0,-0.30323418426930443
20250922,0.0,-0.30323418426930443
20250923,0.0,-0.30323418426930443
20250924,0.0,-0.30323418426930443
20250925,0.0,-0.30323418426930443
20250926,0.01,-0.3008979027747301
20250927,0.0,-0.30323418426930443
20250928,0.0,-0.30323418426930443
20250929,0.0,-0.30323418426930443
20250930,0.0,-0.30323418426930443
20251001,0.0,-0.30323418426930443
20251002,0.0,-0.30323418426930443
20251003,0.0,-0.30323418426930443
20251004,0.0,-0.30323418426930443
20251005,0.0,-0.30323418426930443
20251006,0.0,-0.30323418426930443
20251007,0.0,-0.30323418426930443
20251008,0.0,-0.30323418426930443
20251009,0.02,-0.29856162128015573
20251010,2.37,0.25046452994481777
20251011,0.06,-0.2892164953018583
20251012,0.0,-0.30323418426930443
20251013,0.0,-0.30323418426930443
20251014,0.0,-0.30323418426930443
20251015,0.81,-0.11399538320878165
20251016,10.06,2.047064999272497
20251017,1.25,-0.01119899744751004
20251018,0.26,-0.2424908654103712
20251019,0.0,-0.30323418426930443
20251020,0.0,-0.30323418426930443
20251021,0.0,-0.30323418426930443
20251022,0.0,-0.30323418426930443
20251023,1.54,0.05655316589514627
20251024,0.41,-0.2074466429917559
20251025,0.0,-0.30323418426930443
20251026,0.0,-0.30323418426930443
20251027,0.0,-0.30323418426930443
20251028,0.96,-0.07895116079016634
20251029,0.19,-0.2588448358723917
20251030,1.22,-0.01820784193123311
20251031,0.01,-0.3008979027747301
20251101,0.0,-0.30323418426930443
20251102,0.18,-0.2611811173669661
20251103,26.24,5.827168457493803
20251104,0.02,-0.29856162128015573
20251105,1.22,-0.01820784193123311
20251106,0.02,-0.29856162128015573
20251107,0.04,-0.29388905829100703
20251108,1.04,-0.06026090883357149
20251109,0.33,-0.2261368949483507
20251110,0.0,-0.30323418426930443
20251111,0.0,-0.30323418426930443
20251112,0.01,-0.3008979027747301
20251113,10.11,2.0587464067453687
20251114,15.77,3.3810817326744536
20251115,2.24,0.22009287051535117
20251116,2.75,0.33924322673864327
20251117,3.32,0.4724112719293814
20251118,0.2,-0.25650855437781733
20251119,0.3,-0.23314573943207378
20251120,0.06,-0.2892164953018583
20251121,0.0,-0.30323418426930443
20251122,0.0,-0.30323418426930443
20251123,0.0,-0.30323418426930443
20251124,0.0,-0.30323418426930443
20251125,0.04,-0.29388905829100703
20251126,6.17,1.1382514978830727
20251127,9.57,1.9325872060383535
20251128,0.0,-0.30323418426930443
20251129,0.0,-0.30323418426930443
20251130,0.0,-0.30323418426930443
20251201,0.0,-0.30323418426930443
20251202,0.0,-0.30323418426930443
20251203,0.01,-0.3008979027747301
20251204,0.11,-0.2775350878289865
20251205,1.89,0.13832301820524867
20251206,20.5,4.486142879608124
20251207,6.0,1.0985347124753087
20251208,1.98,0.1593495516564179
20251209,0.63,-0.15604845011112006
20251210,2.58,0.29952644133087925
20251211,6.87,1.3017912025032776
20251212,49.15,11.179589361563652
20251213,0.05,-0.29155277679643266
20251214,0.0,-0.30323418426930443
20251215,0.67,-0.14670332413282264
20251216,3.63,0.5448359982611864
20251217,0.19,-0.2588448358723917
20251218,0.14,-0.27052624334526343
20251219,0.18,-0.2611811173669661
20251220,0.42,-0.20511036149718154
20251221,0.48,-0.19109267252973539
20251222,3.46,0.5051192128534224
20251223,2.29,0.23177427798822292
20251224,5.87,1.0681630530458421
20251225,1.34,0.009827536003659177
20251226,21.65,4.754815251484175
20251227,46.74,10.616545521371233
20251228,6.43,1.198994816742006
20251229,4.4,0.724729673343412
20251230,0.39,-0.21211920598090458
20251231,3.89,0.6055793171201198
